using 8 CPUs
Sun Jun 14 01:43:54 EDT 2026
Activating Conda ...
Starting inference task ...
Starting expert agents ...
Conda is all set!
Conda is all set!
Conda is all set!
Conda is all set!
Conda is all set!
Conda is all set!
Conda is all set!
Conda is all set!
[01:44:03][chimera14:5554] expert node 4 is loading pretrained ...
[01:44:03][chimera14:5551] expert node 1 is loading pretrained ...
[01:44:03][chimera14:5557] expert node 7 is loading pretrained ...
[01:44:03][chimera14:5550] expert node 0 is loading pretrained ...
[01:44:03][chimera14:5556] expert node 6 is loading pretrained ...
[01:44:03][chimera14:5552] expert node 2 is loading pretrained ...
[01:44:03][chimera14:5555] expert node 5 is loading pretrained ...
[01:44:03][chimera14:5553] expert node 3 is loading pretrained ...
[01:44:30][chimera14:5554] agent 4 holds [32, 33, 34, 35, 36, 37, 38, 39]
[01:44:30][chimera14:5554] expert-agent 4 listening on tcp://chimera14:5554
[01:44:30][chimera14:5551] agent 1 holds [8, 9, 10, 11, 12, 13, 14, 15]
[01:44:30][chimera14:5553] agent 3 holds [24, 25, 26, 27, 28, 29, 30, 31]
[01:44:30][chimera14:5551] expert-agent 1 listening on tcp://chimera14:5551
[01:44:30][chimera14:5553] expert-agent 3 listening on tcp://chimera14:5553
[01:44:30][chimera14:5550] agent 0 holds [0, 1, 2, 3, 4, 5, 6, 7]
[01:44:30][chimera14:5556] agent 6 holds [48, 49, 50, 51, 52, 53, 54, 55]
[01:44:30][chimera14:5552] agent 2 holds [16, 17, 18, 19, 20, 21, 22, 23]
[01:44:30][chimera14:5550] expert-agent 0 listening on tcp://chimera14:5550
[01:44:30][chimera14:5556] expert-agent 6 listening on tcp://chimera14:5556
[01:44:30][chimera14:5552] expert-agent 2 listening on tcp://chimera14:5552
[01:44:30][chimera14:5555] agent 5 holds [40, 41, 42, 43, 44, 45, 46, 47]
[01:44:30][chimera14:5555] expert-agent 5 listening on tcp://chimera14:5555
[01:44:30][chimera14:5557] agent 7 holds [56, 57, 58, 59, 60, 61, 62, 63]
[01:44:30][chimera14:5557] expert-agent 7 listening on tcp://chimera14:5557
[01:45:43][chimera14:5557] expert-agent 7 received request_id=be00e31a-8a3c-4546-883d-60f7fdd3491f keys=['type', 'request_id', 'layer_idx', 'hidden_states', 'expert_ids', 'weights', 'token_idx']
[01:45:43][chimera14:5551] expert-agent 1 received request_id=3c9d221e-4a85-42b2-b853-aaebcda5036d keys=['type', 'request_id', 'layer_idx', 'hidden_states', 'expert_ids', 'weights', 'token_idx']
[01:45:43][chimera14:5550] expert-agent 0 received request_id=c8b7577a-963c-4f7b-9399-260cc7b22600 keys=['type', 'request_id', 'layer_idx', 'hidden_states', 'expert_ids', 'weights', 'token_idx']
[01:45:43][chimera14:5551] expert 8 processing 2 token-expert pairs
[01:45:43][chimera14:5557] expert 56 processing 2 token-expert pairs
[01:45:43][chimera14:5555] expert-agent 5 received request_id=3e34a0bd-a08b-4529-a7fb-aa64e9b02c93 keys=['type', 'request_id', 'layer_idx', 'hidden_states', 'expert_ids', 'weights', 'token_idx']
[01:45:43][chimera14:5550] expert 6 processing 3 token-expert pairs
[01:45:43][chimera14:5554] expert-agent 4 received request_id=a9ba65ab-508b-4e20-9b5a-2046d3f73d85 keys=['type', 'request_id', 'layer_idx', 'hidden_states', 'expert_ids', 'weights', 'token_idx']
[01:45:43][chimera14:5555] expert 42 processing 1 token-expert pairs
[01:45:43][chimera14:5553] expert-agent 3 received request_id=026854c8-fed8-4145-99b7-fe293711609f keys=['type', 'request_id', 'layer_idx', 'hidden_states', 'expert_ids', 'weights', 'token_idx']
[01:45:43][chimera14:5554] expert 33 processing 1 token-expert pairs
[01:45:43][chimera14:5556] expert-agent 6 received request_id=e24d8a05-fbb6-46c5-824e-ca569e0ac0ee keys=['type', 'request_id', 'layer_idx', 'hidden_states', 'expert_ids', 'weights', 'token_idx']
[01:45:43][chimera14:5555] expert 43 processing 1 token-expert pairs
[01:45:43][chimera14:5554] expert 39 processing 2 token-expert pairs
[01:45:43][chimera14:5552] expert-agent 2 received request_id=3476e627-b548-462e-9a94-5c5aa8f65c20 keys=['type', 'request_id', 'layer_idx', 'hidden_states', 'expert_ids', 'weights', 'token_idx']
[01:45:43][chimera14:5553] expert 30 processing 2 token-expert pairs
[01:45:43][chimera14:5556] expert 48 processing 1 token-expert pairs
[01:45:43][chimera14:5555] expert-agent 5 sending response: response_id=RES_3e34a0bd-a08b-4529-a7fb-aa64e9b02c93 latency_ms=10.32
[01:45:43][chimera14:5556] expert 52 processing 2 token-expert pairs
[01:45:43][chimera14:5552] expert 17 processing 1 token-expert pairs
[01:45:43][chimera14:5552] expert 23 processing 1 token-expert pairs
[01:45:43][chimera14:5557] expert 57 processing 1 token-expert pairs
[01:45:43][chimera14:5551] expert 14 processing 2 token-expert pairs
[01:45:43][chimera14:5552] expert-agent 2 sending response: response_id=RES_3476e627-b548-462e-9a94-5c5aa8f65c20 latency_ms=6.86
[01:45:43][chimera14:5553] expert 31 processing 1 token-expert pairs
[01:45:43][chimera14:5550] expert 7 processing 1 token-expert pairs
[01:45:43][chimera14:5557] expert 60 processing 1 token-expert pairs
[01:45:43][chimera14:5557] expert 61 processing 3 token-expert pairs
[01:45:43][chimera14:5554] expert-agent 4 sending response: response_id=RES_a9ba65ab-508b-4e20-9b5a-2046d3f73d85 latency_ms=22.10
[01:45:43][chimera14:5551] expert-agent 1 sending response: response_id=RES_3c9d221e-4a85-42b2-b853-aaebcda5036d latency_ms=43.45
[01:45:43][chimera14:5553] expert-agent 3 sending response: response_id=RES_026854c8-fed8-4145-99b7-fe293711609f latency_ms=19.94
[01:45:43][chimera14:5557] expert 62 processing 2 token-expert pairs
[01:45:43][chimera14:5550] expert-agent 0 sending response: response_id=RES_c8b7577a-963c-4f7b-9399-260cc7b22600 latency_ms=37.20
[01:45:43][chimera14:5556] expert-agent 6 sending response: response_id=RES_e24d8a05-fbb6-46c5-824e-ca569e0ac0ee latency_ms=19.85
[01:45:43][chimera14:5557] expert 63 processing 2 token-expert pairs
[01:45:43][chimera14:5557] expert-agent 7 sending response: response_id=RES_be00e31a-8a3c-4546-883d-60f7fdd3491f latency_ms=58.22
[01:45:43][chimera14:5552] expert-agent 2 received request_id=4c024bbd-bed1-4388-b83c-fe603424b74e keys=['type', 'request_id', 'layer_idx', 'hidden_states', 'expert_ids', 'weights', 'token_idx']
[01:45:43][chimera14:5551] expert-agent 1 received request_id=036eb8e0-78ec-41d4-ba2f-dd796ed67ae5 keys=['type', 'request_id', 'layer_idx', 'hidden_states', 'expert_ids', 'weights', 'token_idx']
[01:45:43][chimera14:5552] expert 18 processing 4 token-expert pairs
[01:45:43][chimera14:5555] expert-agent 5 received request_id=4381b05d-7702-4163-ac44-eea3e0eba333 keys=['type', 'request_id', 'layer_idx', 'hidden_states', 'expert_ids', 'weights', 'token_idx']
[01:45:43][chimera14:5551] expert 11 processing 1 token-expert pairs
[01:45:43][chimera14:5554] expert-agent 4 received request_id=ec9a3516-e023-4b00-92e2-2caf3eb1dc44 keys=['type', 'request_id', 'layer_idx', 'hidden_states', 'expert_ids', 'weights', 'token_idx']
[01:45:43][chimera14:5551] expert 13 processing 1 token-expert pairs
[01:45:43][chimera14:5555] expert 41 processing 1 token-expert pairs
[01:45:43][chimera14:5555] expert 45 processing 1 token-expert pairs
[01:45:43][chimera14:5550] expert-agent 0 received request_id=ac31c2f5-26d5-452e-b868-4924229e0c50 keys=['type', 'request_id', 'layer_idx', 'hidden_states', 'expert_ids', 'weights', 'token_idx']
[01:45:43][chimera14:5554] expert 35 processing 1 token-expert pairs
[01:45:43][chimera14:5555] expert 46 processing 1 token-expert pairs
[01:45:43][chimera14:5551] expert-agent 1 sending response: response_id=RES_036eb8e0-78ec-41d4-ba2f-dd796ed67ae5 latency_ms=5.55
[01:45:43][chimera14:5554] expert 39 processing 1 token-expert pairs
[01:45:43][chimera14:5556] expert-agent 6 received request_id=866e7c45-ea92-46c8-8e72-e8b293bf30f7 keys=['type', 'request_id', 'layer_idx', 'hidden_states', 'expert_ids', 'weights', 'token_idx']
[01:45:43][chimera14:5550] expert 0 processing 1 token-expert pairs
[01:45:43][chimera14:5552] expert 22 processing 1 token-expert pairs
[01:45:43][chimera14:5553] expert-agent 3 received request_id=ce7e95b5-112b-41e3-ac1a-b9d1dea11580 keys=['type', 'request_id', 'layer_idx', 'hidden_states', 'expert_ids', 'weights', 'token_idx']
[01:45:43][chimera14:5550] expert 1 processing 4 token-expert pairs
[01:45:43][chimera14:5552] expert 23 processing 1 token-expert pairs
[01:45:43][chimera14:5556] expert 52 processing 1 token-expert pairs
[01:45:43][chimera14:5555] expert-agent 5 sending response: response_id=RES_4381b05d-7702-4163-ac44-eea3e0eba333 latency_ms=8.23
[01:45:43][chimera14:5554] expert-agent 4 sending response: response_id=RES_ec9a3516-e023-4b00-92e2-2caf3eb1dc44 latency_ms=5.57
[01:45:43][chimera14:5557] expert-agent 7 received request_id=c59c1ed0-4fcd-4dee-a13f-3dc7dd634878 keys=['type', 'request_id', 'layer_idx', 'hidden_states', 'expert_ids', 'weights', 'token_idx']
[01:45:43][chimera14:5556] expert 53 processing 1 token-expert pairs
[01:45:43][chimera14:5553] expert 24 processing 1 token-expert pairs
[01:45:43][chimera14:5553] expert 25 processing 1 token-expert pairs
[01:45:43][chimera14:5550] expert 3 processing 1 token-expert pairs
[01:45:43][chimera14:5552] expert-agent 2 sending response: response_id=RES_4c024bbd-bed1-4388-b83c-fe603424b74e latency_ms=21.44
[01:45:43][chimera14:5557] expert 57 processing 1 token-expert pairs
[01:45:43][chimera14:5550] expert 4 processing 1 token-expert pairs
[01:45:43][chimera14:5553] expert 29 processing 1 token-expert pairs
[01:45:43][chimera14:5557] expert 60 processing 2 token-expert pairs
[01:45:43][chimera14:5556] expert-agent 6 sending response: response_id=RES_866e7c45-ea92-46c8-8e72-e8b293bf30f7 latency_ms=5.69
[01:45:43][chimera14:5550] expert 7 processing 1 token-expert pairs
[01:45:43][chimera14:5557] expert 62 processing 1 token-expert pairs
[01:45:43][chimera14:5553] expert-agent 3 sending response: response_id=RES_ce7e95b5-112b-41e3-ac1a-b9d1dea11580 latency_ms=8.33
[01:45:43][chimera14:5557] expert 63 processing 2 token-expert pairs
[01:45:43][chimera14:5550] expert-agent 0 sending response: response_id=RES_ac31c2f5-26d5-452e-b868-4924229e0c50 latency_ms=17.57
[01:45:43][chimera14:5557] expert-agent 7 sending response: response_id=RES_c59c1ed0-4fcd-4dee-a13f-3dc7dd634878 latency_ms=15.12
[01:45:43][chimera14:5553] expert-agent 3 received request_id=3a02f7c9-14c1-4460-b6a9-f69fa7d6fc9c keys=['type', 'request_id', 'layer_idx', 'hidden_states', 'expert_ids', 'weights', 'token_idx']
[01:45:43][chimera14:5554] expert-agent 4 received request_id=d8cbcfac-2034-4ed4-891b-ebce07e284d6 keys=['type', 'request_id', 'layer_idx', 'hidden_states', 'expert_ids', 'weights', 'token_idx']
[01:45:43][chimera14:5553] expert 24 processing 1 token-expert pairs
[01:45:43][chimera14:5553] expert 28 processing 2 token-expert pairs
[01:45:43][chimera14:5557] expert-agent 7 received request_id=374613f7-448d-4b7e-9393-1c4b77f2524b keys=['type', 'request_id', 'layer_idx', 'hidden_states', 'expert_ids', 'weights', 'token_idx']
[01:45:43][chimera14:5554] expert 32 processing 1 token-expert pairs
[01:45:43][chimera14:5555] expert-agent 5 received request_id=ffafd2a7-0515-44a6-aa7f-bd75d11e11e4 keys=['type', 'request_id', 'layer_idx', 'hidden_states', 'expert_ids', 'weights', 'token_idx']
[01:45:43][chimera14:5554] expert 33 processing 1 token-expert pairs
[01:45:43][chimera14:5553] expert 30 processing 1 token-expert pairs
[01:45:43][chimera14:5557] expert 59 processing 2 token-expert pairs
[01:45:43][chimera14:5552] expert-agent 2 received request_id=2e41b6de-2c9a-4c54-a25b-1eb1c23747b4 keys=['type', 'request_id', 'layer_idx', 'hidden_states', 'expert_ids', 'weights', 'token_idx']
[01:45:43][chimera14:5554] expert 34 processing 1 token-expert pairs
[01:45:43][chimera14:5555] expert 40 processing 1 token-expert pairs
[01:45:43][chimera14:5554] expert 35 processing 1 token-expert pairs
[01:45:43][chimera14:5550] expert-agent 0 received request_id=8b4cba1d-3cc7-4f75-b361-57fc2b2337d4 keys=['type', 'request_id', 'layer_idx', 'hidden_states', 'expert_ids', 'weights', 'token_idx']
[01:45:43][chimera14:5557] expert 60 processing 1 token-expert pairs
[01:45:43][chimera14:5555] expert 45 processing 1 token-expert pairs
[01:45:43][chimera14:5553] expert-agent 3 sending response: response_id=RES_3a02f7c9-14c1-4460-b6a9-f69fa7d6fc9c latency_ms=10.68
[01:45:43][chimera14:5554] expert 39 processing 1 token-expert pairs
[01:45:43][chimera14:5552] expert 19 processing 1 token-expert pairs
[01:45:43][chimera14:5557] expert 62 processing 3 token-expert pairs
[01:45:43][chimera14:5550] expert 0 processing 1 token-expert pairs
[01:45:43][chimera14:5552] expert 20 processing 1 token-expert pairs
[01:45:43][chimera14:5551] expert-agent 1 received request_id=3c247861-a57e-4a80-bfa6-85ff9433d4df keys=['type', 'request_id', 'layer_idx', 'hidden_states', 'expert_ids', 'weights', 'token_idx']
[01:45:43][chimera14:5550] expert 3 processing 2 token-expert pairs
[01:45:43][chimera14:5552] expert 22 processing 2 token-expert pairs
[01:45:43][chimera14:5555] expert-agent 5 sending response: response_id=RES_ffafd2a7-0515-44a6-aa7f-bd75d11e11e4 latency_ms=5.42
[01:45:43][chimera14:5557] expert 63 processing 1 token-expert pairs
[01:45:43][chimera14:5554] expert-agent 4 sending response: response_id=RES_d8cbcfac-2034-4ed4-891b-ebce07e284d6 latency_ms=13.49
[01:45:43][chimera14:5556] expert-agent 6 received request_id=70076e7b-6baa-4b94-9055-74e68e7d25ec keys=['type', 'request_id', 'layer_idx', 'hidden_states', 'expert_ids', 'weights', 'token_idx']
[01:45:43][chimera14:5551] expert 8 processing 3 token-expert pairs
[01:45:43][chimera14:5556] expert 49 processing 1 token-expert pairs
[01:45:43][chimera14:5557] expert-agent 7 sending response: response_id=RES_374613f7-448d-4b7e-9393-1c4b77f2524b latency_ms=15.64
[01:45:43][chimera14:5556] expert 51 processing 1 token-expert pairs
[01:45:43][chimera14:5551] expert 12 processing 1 token-expert pairs
[01:45:43][chimera14:5550] expert-agent 0 sending response: response_id=RES_8b4cba1d-3cc7-4f75-b361-57fc2b2337d4 latency_ms=8.83
[01:45:43][chimera14:5552] expert-agent 2 sending response: response_id=RES_2e41b6de-2c9a-4c54-a25b-1eb1c23747b4 latency_ms=11.16
[01:45:43][chimera14:5551] expert 14 processing 1 token-expert pairs
[01:45:43][chimera14:5556] expert-agent 6 sending response: response_id=RES_70076e7b-6baa-4b94-9055-74e68e7d25ec latency_ms=5.41
[01:45:43][chimera14:5551] expert-agent 1 sending response: response_id=RES_3c247861-a57e-4a80-bfa6-85ff9433d4df latency_ms=11.60
[01:45:43][chimera14:5554] expert-agent 4 received request_id=d7319910-37a2-462b-9e66-5fdb56bca694 keys=['type', 'request_id', 'layer_idx', 'hidden_states', 'expert_ids', 'weights', 'token_idx']
[01:45:43][chimera14:5557] expert-agent 7 received request_id=df967f7c-64f3-4965-8985-6a473b2b9f40 keys=['type', 'request_id', 'layer_idx', 'hidden_states', 'expert_ids', 'weights', 'token_idx']
[01:45:43][chimera14:5554] expert 32 processing 1 token-expert pairs
[01:45:43][chimera14:5551] expert-agent 1 received request_id=b5fe5bc6-5a2c-41bc-8071-31b7369c8f2b keys=['type', 'request_id', 'layer_idx', 'hidden_states', 'expert_ids', 'weights', 'token_idx']
[01:45:43][chimera14:5554] expert 33 processing 1 token-expert pairs
[01:45:43][chimera14:5557] expert 56 processing 1 token-expert pairs
[01:45:43][chimera14:5554] expert 39 processing 1 token-expert pairs
[01:45:43][chimera14:5555] expert-agent 5 received request_id=ebb6d8d9-e158-4c6b-b85d-2934ad7387d1 keys=['type', 'request_id', 'layer_idx', 'hidden_states', 'expert_ids', 'weights', 'token_idx']
[01:45:43][chimera14:5551] expert 12 processing 1 token-expert pairs
[01:45:43][chimera14:5557] expert 61 processing 4 token-expert pairs
[01:45:43][chimera14:5556] expert-agent 6 received request_id=11275020-617a-4352-8761-8f1201b00a6b keys=['type', 'request_id', 'layer_idx', 'hidden_states', 'expert_ids', 'weights', 'token_idx']
[01:45:43][chimera14:5551] expert 14 processing 2 token-expert pairs
[01:45:43][chimera14:5555] expert 43 processing 1 token-expert pairs
[01:45:43][chimera14:5553] expert-agent 3 received request_id=46a33075-9cdf-4b5f-93b2-6ebe350478e2 keys=['type', 'request_id', 'layer_idx', 'hidden_states', 'expert_ids', 'weights', 'token_idx']
[01:45:43][chimera14:5554] expert-agent 4 sending response: response_id=RES_d7319910-37a2-462b-9e66-5fdb56bca694 latency_ms=8.41
[01:45:43][chimera14:5555] expert 44 processing 1 token-expert pairs
[01:45:43][chimera14:5557] expert 62 processing 1 token-expert pairs
[01:45:43][chimera14:5551] expert 15 processing 3 token-expert pairs
[01:45:43][chimera14:5556] expert 48 processing 1 token-expert pairs
[01:45:43][chimera14:5555] expert 45 processing 1 token-expert pairs
[01:45:43][chimera14:5557] expert 63 processing 1 token-expert pairs
[01:45:43][chimera14:5552] expert-agent 2 received request_id=f44c5c95-4706-499a-9340-eaded196a11c keys=['type', 'request_id', 'layer_idx', 'hidden_states', 'expert_ids', 'weights', 'token_idx']
[01:45:43][chimera14:5556] expert 51 processing 2 token-expert pairs
[01:45:43][chimera14:5553] expert 29 processing 1 token-expert pairs
[01:45:43][chimera14:5550] expert-agent 0 received request_id=4280e640-0ee2-4b11-9cd0-63c61f9ffde1 keys=['type', 'request_id', 'layer_idx', 'hidden_states', 'expert_ids', 'weights', 'token_idx']
[01:45:43][chimera14:5553] expert 30 processing 1 token-expert pairs
[01:45:43][chimera14:5552] expert 19 processing 1 token-expert pairs
[01:45:43][chimera14:5556] expert 54 processing 1 token-expert pairs
[01:45:43][chimera14:5555] expert-agent 5 sending response: response_id=RES_ebb6d8d9-e158-4c6b-b85d-2934ad7387d1 latency_ms=8.26
[01:45:43][chimera14:5557] expert-agent 7 sending response: response_id=RES_df967f7c-64f3-4965-8985-6a473b2b9f40 latency_ms=15.22
[01:45:43][chimera14:5551] expert-agent 1 sending response: response_id=RES_b5fe5bc6-5a2c-41bc-8071-31b7369c8f2b latency_ms=12.96
[01:45:43][chimera14:5553] expert 31 processing 1 token-expert pairs
[01:45:43][chimera14:5550] expert 1 processing 1 token-expert pairs
[01:45:43][chimera14:5552] expert 22 processing 1 token-expert pairs
[01:45:43][chimera14:5556] expert 55 processing 1 token-expert pairs
[01:45:43][chimera14:5552] expert 23 processing 2 token-expert pairs
[01:45:43][chimera14:5553] expert-agent 3 sending response: response_id=RES_46a33075-9cdf-4b5f-93b2-6ebe350478e2 latency_ms=8.91
[01:45:43][chimera14:5550] expert-agent 0 sending response: response_id=RES_4280e640-0ee2-4b11-9cd0-63c61f9ffde1 latency_ms=2.92
[01:45:43][chimera14:5556] expert-agent 6 sending response: response_id=RES_11275020-617a-4352-8761-8f1201b00a6b latency_ms=13.10
[01:45:43][chimera14:5552] expert-agent 2 sending response: response_id=RES_f44c5c95-4706-499a-9340-eaded196a11c latency_ms=10.39
[01:45:43][chimera14:5553] expert-agent 3 received request_id=0e6089e9-1cb6-4047-a651-671253b9133e keys=['type', 'request_id', 'layer_idx', 'hidden_states', 'expert_ids', 'weights', 'token_idx']
[01:45:43][chimera14:5551] expert-agent 1 received request_id=5b66d4a5-1580-46c3-95ae-8146e577008b keys=['type', 'request_id', 'layer_idx', 'hidden_states', 'expert_ids', 'weights', 'token_idx']
[01:45:43][chimera14:5553] expert 25 processing 1 token-expert pairs
[01:45:43][chimera14:5550] expert-agent 0 received request_id=78d00f18-b9cd-4a30-bd08-6d7277e32872 keys=['type', 'request_id', 'layer_idx', 'hidden_states', 'expert_ids', 'weights', 'token_idx']
[01:45:43][chimera14:5553] expert 27 processing 3 token-expert pairs
[01:45:43][chimera14:5551] expert 10 processing 1 token-expert pairs
[01:45:43][chimera14:5557] expert-agent 7 received request_id=242fa120-1267-4c6d-b99f-0b8d7bddb4ef keys=['type', 'request_id', 'layer_idx', 'hidden_states', 'expert_ids', 'weights', 'token_idx']
[01:45:43][chimera14:5551] expert 14 processing 1 token-expert pairs
[01:45:43][chimera14:5550] expert 2 processing 2 token-expert pairs
[01:45:43][chimera14:5554] expert-agent 4 received request_id=f252ac04-92c0-4f30-94d9-0c063a1cf546 keys=['type', 'request_id', 'layer_idx', 'hidden_states', 'expert_ids', 'weights', 'token_idx']
[01:45:43][chimera14:5550] expert 5 processing 3 token-expert pairs
[01:45:43][chimera14:5557] expert 59 processing 1 token-expert pairs
[01:45:43][chimera14:5550] expert 6 processing 1 token-expert pairs
[01:45:43][chimera14:5557] expert 62 processing 1 token-expert pairs
[01:45:43][chimera14:5552] expert-agent 2 received request_id=28fb4e7d-4967-4511-8902-1b02ebbc90ba keys=['type', 'request_id', 'layer_idx', 'hidden_states', 'expert_ids', 'weights', 'token_idx']
[01:45:43][chimera14:5557] expert 63 processing 3 token-expert pairs
[01:45:43][chimera14:5551] expert-agent 1 sending response: response_id=RES_5b66d4a5-1580-46c3-95ae-8146e577008b latency_ms=5.54
[01:45:43][chimera14:5553] expert-agent 3 sending response: response_id=RES_0e6089e9-1cb6-4047-a651-671253b9133e latency_ms=9.79
[01:45:43][chimera14:5554] expert 33 processing 3 token-expert pairs
[01:45:43][chimera14:5556] expert-agent 6 received request_id=c78b6a48-5faa-4e1a-a1df-5bb97de4d73e keys=['type', 'request_id', 'layer_idx', 'hidden_states', 'expert_ids', 'weights', 'token_idx']
[01:45:43][chimera14:5554] expert 34 processing 1 token-expert pairs
[01:45:43][chimera14:5550] expert-agent 0 sending response: response_id=RES_78d00f18-b9cd-4a30-bd08-6d7277e32872 latency_ms=13.47
[01:45:43][chimera14:5552] expert 16 processing 1 token-expert pairs
[01:45:43][chimera14:5554] expert 37 processing 1 token-expert pairs
[01:45:43][chimera14:5552] expert 23 processing 1 token-expert pairs
[01:45:43][chimera14:5554] expert 38 processing 2 token-expert pairs
[01:45:43][chimera14:5555] expert-agent 5 received request_id=260becca-d0d7-4e70-9344-95bdca20d023 keys=['type', 'request_id', 'layer_idx', 'hidden_states', 'expert_ids', 'weights', 'token_idx']
[01:45:43][chimera14:5557] expert-agent 7 sending response: response_id=RES_242fa120-1267-4c6d-b99f-0b8d7bddb4ef latency_ms=11.05
[01:45:43][chimera14:5556] expert 48 processing 2 token-expert pairs
[01:45:43][chimera14:5552] expert-agent 2 sending response: response_id=RES_28fb4e7d-4967-4511-8902-1b02ebbc90ba latency_ms=5.70
[01:45:43][chimera14:5554] expert-agent 4 sending response: response_id=RES_f252ac04-92c0-4f30-94d9-0c063a1cf546 latency_ms=16.35
[01:45:43][chimera14:5555] expert 41 processing 2 token-expert pairs
[01:45:43][chimera14:5556] expert-agent 6 sending response: response_id=RES_c78b6a48-5faa-4e1a-a1df-5bb97de4d73e latency_ms=4.97
[01:45:43][chimera14:5555] expert 47 processing 2 token-expert pairs
[01:45:43][chimera14:5555] expert-agent 5 sending response: response_id=RES_260becca-d0d7-4e70-9344-95bdca20d023 latency_ms=20.64
[01:45:43][chimera14:5553] expert-agent 3 received request_id=b0903659-0f68-405d-9f77-f699bb3f2d5c keys=['type', 'request_id', 'layer_idx', 'hidden_states', 'expert_ids', 'weights', 'token_idx']
[01:45:43][chimera14:5557] expert-agent 7 received request_id=afbbf203-60af-4985-9ddd-6230bf980501 keys=['type', 'request_id', 'layer_idx', 'hidden_states', 'expert_ids', 'weights', 'token_idx']
[01:45:43][chimera14:5553] expert 25 processing 1 token-expert pairs
[01:45:43][chimera14:5553] expert 26 processing 2 token-expert pairs
[01:45:43][chimera14:5550] expert-agent 0 received request_id=b4887aa2-394d-454a-9941-31e7213736f6 keys=['type', 'request_id', 'layer_idx', 'hidden_states', 'expert_ids', 'weights', 'token_idx']
[01:45:43][chimera14:5557] expert 58 processing 1 token-expert pairs
[01:45:43][chimera14:5555] expert-agent 5 received request_id=0aac4c8c-8cea-4ed3-8baa-424a2eaf023f keys=['type', 'request_id', 'layer_idx', 'hidden_states', 'expert_ids', 'weights', 'token_idx']
[01:45:43][chimera14:5557] expert 61 processing 2 token-expert pairs
[01:45:43][chimera14:5553] expert 29 processing 1 token-expert pairs
[01:45:43][chimera14:5550] expert 1 processing 2 token-expert pairs
[01:45:43][chimera14:5556] expert-agent 6 received request_id=91a8016e-6f4b-4cec-aec5-93b43c263a38 keys=['type', 'request_id', 'layer_idx', 'hidden_states', 'expert_ids', 'weights', 'token_idx']
[01:45:43][chimera14:5553] expert 31 processing 1 token-expert pairs
[01:45:43][chimera14:5555] expert 43 processing 1 token-expert pairs
[01:45:43][chimera14:5557] expert 62 processing 2 token-expert pairs
[01:45:43][chimera14:5550] expert 5 processing 2 token-expert pairs
[01:45:43][chimera14:5551] expert-agent 1 received request_id=3bd3f71e-262c-4607-bf7a-cb6bfe775009 keys=['type', 'request_id', 'layer_idx', 'hidden_states', 'expert_ids', 'weights', 'token_idx']
[01:45:43][chimera14:5555] expert 47 processing 1 token-expert pairs
[01:45:43][chimera14:5556] expert 51 processing 2 token-expert pairs
[01:45:43][chimera14:5552] expert-agent 2 received request_id=7d189e78-08d2-4a81-9dc8-341f538d05ed keys=['type', 'request_id', 'layer_idx', 'hidden_states', 'expert_ids', 'weights', 'token_idx']
[01:45:43][chimera14:5557] expert 63 processing 1 token-expert pairs
[01:45:43][chimera14:5550] expert 6 processing 1 token-expert pairs
[01:45:43][chimera14:5553] expert-agent 3 sending response: response_id=RES_b0903659-0f68-405d-9f77-f699bb3f2d5c latency_ms=14.15
[01:45:43][chimera14:5551] expert 8 processing 1 token-expert pairs
[01:45:43][chimera14:5550] expert 7 processing 1 token-expert pairs
[01:45:43][chimera14:5556] expert 52 processing 1 token-expert pairs
[01:45:43][chimera14:5554] expert-agent 4 received request_id=59f441c0-e6f5-4719-b4fe-1f683d2a74ba keys=['type', 'request_id', 'layer_idx', 'hidden_states', 'expert_ids', 'weights', 'token_idx']
[01:45:43][chimera14:5551] expert 13 processing 2 token-expert pairs
[01:45:43][chimera14:5555] expert-agent 5 sending response: response_id=RES_0aac4c8c-8cea-4ed3-8baa-424a2eaf023f latency_ms=5.76
[01:45:43][chimera14:5552] expert 21 processing 1 token-expert pairs
[01:45:43][chimera14:5556] expert 53 processing 1 token-expert pairs
[01:45:43][chimera14:5552] expert 22 processing 1 token-expert pairs
[01:45:43][chimera14:5557] expert-agent 7 sending response: response_id=RES_afbbf203-60af-4985-9ddd-6230bf980501 latency_ms=16.79
[01:45:43][chimera14:5554] expert 38 processing 1 token-expert pairs
[01:45:43][chimera14:5556] expert 55 processing 2 token-expert pairs
[01:45:43][chimera14:5551] expert 14 processing 1 token-expert pairs
[01:45:43][chimera14:5550] expert-agent 0 sending response: response_id=RES_b4887aa2-394d-454a-9941-31e7213736f6 latency_ms=15.20
[01:45:43][chimera14:5552] expert-agent 2 sending response: response_id=RES_7d189e78-08d2-4a81-9dc8-341f538d05ed latency_ms=5.88
[01:45:43][chimera14:5554] expert-agent 4 sending response: response_id=RES_59f441c0-e6f5-4719-b4fe-1f683d2a74ba latency_ms=3.10
[01:45:43][chimera14:5551] expert-agent 1 sending response: response_id=RES_3bd3f71e-262c-4607-bf7a-cb6bfe775009 latency_ms=10.73
[01:45:43][chimera14:5556] expert-agent 6 sending response: response_id=RES_91a8016e-6f4b-4cec-aec5-93b43c263a38 latency_ms=15.73
[01:45:43][chimera14:5556] expert-agent 6 received request_id=e97d5ab2-d13a-41bb-bd8a-2a29952b1b13 keys=['type', 'request_id', 'layer_idx', 'hidden_states', 'expert_ids', 'weights', 'token_idx']
[01:45:43][chimera14:5552] expert-agent 2 received request_id=36ea586b-374c-4a71-878a-45543bdb61ba keys=['type', 'request_id', 'layer_idx', 'hidden_states', 'expert_ids', 'weights', 'token_idx']
[01:45:43][chimera14:5556] expert 48 processing 1 token-expert pairs
[01:45:43][chimera14:5550] expert-agent 0 received request_id=d73e3c02-3337-484a-9c65-c57d351cbae0 keys=['type', 'request_id', 'layer_idx', 'hidden_states', 'expert_ids', 'weights', 'token_idx']
[01:45:43][chimera14:5556] expert 49 processing 3 token-expert pairs
[01:45:43][chimera14:5552] expert 17 processing 2 token-expert pairs
[01:45:43][chimera14:5555] expert-agent 5 received request_id=741e74f6-85cd-4911-a0bb-ba75c4fee063 keys=['type', 'request_id', 'layer_idx', 'hidden_states', 'expert_ids', 'weights', 'token_idx']
[01:45:43][chimera14:5550] expert 1 processing 1 token-expert pairs
[01:45:43][chimera14:5556] expert 55 processing 1 token-expert pairs
[01:45:43][chimera14:5552] expert 18 processing 2 token-expert pairs
[01:45:43][chimera14:5551] expert-agent 1 received request_id=0ada70cf-588d-424e-9e0a-cd3ff5a372d6 keys=['type', 'request_id', 'layer_idx', 'hidden_states', 'expert_ids', 'weights', 'token_idx']
[01:45:43][chimera14:5555] expert 40 processing 3 token-expert pairs
[01:45:43][chimera14:5550] expert-agent 0 sending response: response_id=RES_d73e3c02-3337-484a-9c65-c57d351cbae0 latency_ms=3.07
[01:45:43][chimera14:5557] expert-agent 7 received request_id=6686a9f2-8c0c-4cc9-a173-7943cc557fbb keys=['type', 'request_id', 'layer_idx', 'hidden_states', 'expert_ids', 'weights', 'token_idx']
[01:45:43][chimera14:5551] expert 8 processing 1 token-expert pairs
[01:45:43][chimera14:5552] expert 23 processing 4 token-expert pairs
[01:45:43][chimera14:5556] expert-agent 6 sending response: response_id=RES_e97d5ab2-d13a-41bb-bd8a-2a29952b1b13 latency_ms=12.22
[01:45:43][chimera14:5554] expert-agent 4 received request_id=54a8efb4-35b1-4489-9f17-a89cbff81888 keys=['type', 'request_id', 'layer_idx', 'hidden_states', 'expert_ids', 'weights', 'token_idx']
[01:45:43][chimera14:5555] expert 43 processing 1 token-expert pairs
[01:45:43][chimera14:5551] expert 9 processing 1 token-expert pairs
[01:45:43][chimera14:5557] expert 58 processing 1 token-expert pairs
[01:45:43][chimera14:5553] expert-agent 3 received request_id=9d74daaf-4436-48c6-9846-6cb1d96e2442 keys=['type', 'request_id', 'layer_idx', 'hidden_states', 'expert_ids', 'weights', 'token_idx']
[01:45:43][chimera14:5555] expert 44 processing 1 token-expert pairs
[01:45:43][chimera14:5557] expert 59 processing 2 token-expert pairs
[01:45:43][chimera14:5554] expert 33 processing 2 token-expert pairs
[01:45:43][chimera14:5553] expert 26 processing 1 token-expert pairs
[01:45:43][chimera14:5551] expert-agent 1 sending response: response_id=RES_0ada70cf-588d-424e-9e0a-cd3ff5a372d6 latency_ms=6.25
[01:45:43][chimera14:5552] expert-agent 2 sending response: response_id=RES_36ea586b-374c-4a71-878a-45543bdb61ba latency_ms=16.32
[01:45:43][chimera14:5557] expert 62 processing 1 token-expert pairs
[01:45:43][chimera14:5554] expert 36 processing 2 token-expert pairs
[01:45:43][chimera14:5553] expert 29 processing 1 token-expert pairs
[01:45:43][chimera14:5555] expert-agent 5 sending response: response_id=RES_741e74f6-85cd-4911-a0bb-ba75c4fee063 latency_ms=12.68
[01:45:43][chimera14:5554] expert 39 processing 1 token-expert pairs
[01:45:43][chimera14:5557] expert-agent 7 sending response: response_id=RES_6686a9f2-8c0c-4cc9-a173-7943cc557fbb latency_ms=11.34
[01:45:43][chimera14:5553] expert-agent 3 sending response: response_id=RES_9d74daaf-4436-48c6-9846-6cb1d96e2442 latency_ms=6.06
[01:45:43][chimera14:5554] expert-agent 4 sending response: response_id=RES_54a8efb4-35b1-4489-9f17-a89cbff81888 latency_ms=12.57
[01:45:43][chimera14:5552] expert-agent 2 received request_id=ac3df7a1-644d-4ecf-be59-b4dfef34c981 keys=['type', 'request_id', 'layer_idx', 'hidden_states', 'expert_ids', 'weights', 'token_idx']
[01:45:43][chimera14:5555] expert-agent 5 received request_id=0085e47f-88b5-4981-a867-cb2aca73ce74 keys=['type', 'request_id', 'layer_idx', 'hidden_states', 'expert_ids', 'weights', 'token_idx']
[01:45:43][chimera14:5552] expert 21 processing 2 token-expert pairs
[01:45:43][chimera14:5550] expert-agent 0 received request_id=093588b7-bc48-4e2b-a194-a5dab590a736 keys=['type', 'request_id', 'layer_idx', 'hidden_states', 'expert_ids', 'weights', 'token_idx']
[01:45:43][chimera14:5555] expert 41 processing 1 token-expert pairs
[01:45:43][chimera14:5551] expert-agent 1 received request_id=bdfe9668-bb2a-4566-b952-2482978dfef8 keys=['type', 'request_id', 'layer_idx', 'hidden_states', 'expert_ids', 'weights', 'token_idx']
[01:45:43][chimera14:5552] expert 23 processing 1 token-expert pairs
[01:45:43][chimera14:5555] expert 45 processing 2 token-expert pairs
[01:45:43][chimera14:5550] expert 0 processing 1 token-expert pairs
[01:45:43][chimera14:5554] expert-agent 4 received request_id=0b29d84c-3cf6-42af-82eb-b38edae571a7 keys=['type', 'request_id', 'layer_idx', 'hidden_states', 'expert_ids', 'weights', 'token_idx']
[01:45:43][chimera14:5551] expert 12 processing 1 token-expert pairs
[01:45:43][chimera14:5550] expert 1 processing 3 token-expert pairs
[01:45:43][chimera14:5555] expert 46 processing 1 token-expert pairs
[01:45:43][chimera14:5557] expert-agent 7 received request_id=b7bfef5a-5dd3-466d-a95c-f0f76665c026 keys=['type', 'request_id', 'layer_idx', 'hidden_states', 'expert_ids', 'weights', 'token_idx']
[01:45:43][chimera14:5552] expert-agent 2 sending response: response_id=RES_ac3df7a1-644d-4ecf-be59-b4dfef34c981 latency_ms=8.20
[01:45:43][chimera14:5551] expert 13 processing 3 token-expert pairs
[01:45:43][chimera14:5554] expert 33 processing 3 token-expert pairs
[01:45:43][chimera14:5556] expert-agent 6 received request_id=42d92d3e-544f-4bb2-807e-33a7ce007253 keys=['type', 'request_id', 'layer_idx', 'hidden_states', 'expert_ids', 'weights', 'token_idx']
[01:45:43][chimera14:5550] expert 2 processing 1 token-expert pairs
[01:45:43][chimera14:5557] expert 56 processing 1 token-expert pairs
[01:45:43][chimera14:5553] expert-agent 3 received request_id=3ef4c02d-4e31-4ca2-b37c-53dede62411a keys=['type', 'request_id', 'layer_idx', 'hidden_states', 'expert_ids', 'weights', 'token_idx']
[01:45:43][chimera14:5555] expert-agent 5 sending response: response_id=RES_0085e47f-88b5-4981-a867-cb2aca73ce74 latency_ms=11.68
[01:45:43][chimera14:5554] expert 36 processing 1 token-expert pairs
[01:45:43][chimera14:5557] expert 58 processing 2 token-expert pairs
[01:45:43][chimera14:5556] expert 48 processing 1 token-expert pairs
[01:45:43][chimera14:5554] expert 37 processing 1 token-expert pairs
[01:45:43][chimera14:5551] expert-agent 1 sending response: response_id=RES_bdfe9668-bb2a-4566-b952-2482978dfef8 latency_ms=8.81
[01:45:43][chimera14:5550] expert-agent 0 sending response: response_id=RES_093588b7-bc48-4e2b-a194-a5dab590a736 latency_ms=11.60
[01:45:43][chimera14:5556] expert 54 processing 2 token-expert pairs
[01:45:43][chimera14:5553] expert 25 processing 1 token-expert pairs
[01:45:43][chimera14:5554] expert 39 processing 2 token-expert pairs
[01:45:43][chimera14:5557] expert 59 processing 1 token-expert pairs
[01:45:43][chimera14:5553] expert 31 processing 1 token-expert pairs
[01:45:43][chimera14:5557] expert-agent 7 sending response: response_id=RES_b7bfef5a-5dd3-466d-a95c-f0f76665c026 latency_ms=10.79
[01:45:43][chimera14:5556] expert-agent 6 sending response: response_id=RES_42d92d3e-544f-4bb2-807e-33a7ce007253 latency_ms=8.03
[01:45:43][chimera14:5553] expert-agent 3 sending response: response_id=RES_3ef4c02d-4e31-4ca2-b37c-53dede62411a latency_ms=5.85
[01:45:43][chimera14:5554] expert-agent 4 sending response: response_id=RES_0b29d84c-3cf6-42af-82eb-b38edae571a7 latency_ms=16.19
[01:45:43][chimera14:5552] expert-agent 2 received request_id=1e7abb93-18fb-47db-9809-981a17321e84 keys=['type', 'request_id', 'layer_idx', 'hidden_states', 'expert_ids', 'weights', 'token_idx']
[01:45:43][chimera14:5550] expert-agent 0 received request_id=f6563fe4-c8e6-4642-aaa5-339e723c2c88 keys=['type', 'request_id', 'layer_idx', 'hidden_states', 'expert_ids', 'weights', 'token_idx']
[01:45:43][chimera14:5552] expert 18 processing 2 token-expert pairs
[01:45:43][chimera14:5552] expert 22 processing 1 token-expert pairs
[01:45:43][chimera14:5553] expert-agent 3 received request_id=d920bc93-53ad-411a-8cc5-b91aa4a7b8f9 keys=['type', 'request_id', 'layer_idx', 'hidden_states', 'expert_ids', 'weights', 'token_idx']
[01:45:43][chimera14:5550] expert 1 processing 2 token-expert pairs
[01:45:43][chimera14:5550] expert 6 processing 1 token-expert pairs
[01:45:43][chimera14:5552] expert-agent 2 sending response: response_id=RES_1e7abb93-18fb-47db-9809-981a17321e84 latency_ms=8.12
[01:45:43][chimera14:5550] expert 7 processing 4 token-expert pairs
[01:45:43][chimera14:5553] expert 26 processing 1 token-expert pairs
[01:45:43][chimera14:5554] expert-agent 4 received request_id=42a90b62-fd1f-406a-8e04-d2a94c5c6992 keys=['type', 'request_id', 'layer_idx', 'hidden_states', 'expert_ids', 'weights', 'token_idx']
[01:45:43][chimera14:5553] expert 29 processing 2 token-expert pairs
[01:45:43][chimera14:5557] expert-agent 7 received request_id=552e1fb7-edda-486c-aa37-449f87e981b2 keys=['type', 'request_id', 'layer_idx', 'hidden_states', 'expert_ids', 'weights', 'token_idx']
[01:45:43][chimera14:5553] expert 30 processing 1 token-expert pairs
[01:45:43][chimera14:5554] expert 32 processing 3 token-expert pairs
[01:45:43][chimera14:5553] expert 31 processing 1 token-expert pairs
[01:45:43][chimera14:5554] expert 33 processing 1 token-expert pairs
[01:45:43][chimera14:5550] expert-agent 0 sending response: response_id=RES_f6563fe4-c8e6-4642-aaa5-339e723c2c88 latency_ms=14.12
[01:45:43][chimera14:5557] expert 59 processing 1 token-expert pairs
[01:45:43][chimera14:5556] expert-agent 6 received request_id=6875510e-caed-45a0-9ab4-503c4f7d52c2 keys=['type', 'request_id', 'layer_idx', 'hidden_states', 'expert_ids', 'weights', 'token_idx']
[01:45:43][chimera14:5554] expert 35 processing 1 token-expert pairs
[01:45:43][chimera14:5553] expert-agent 3 sending response: response_id=RES_d920bc93-53ad-411a-8cc5-b91aa4a7b8f9 latency_ms=13.72
[01:45:43][chimera14:5557] expert 60 processing 2 token-expert pairs
[01:45:43][chimera14:5551] expert-agent 1 received request_id=0d7df276-69b3-4ed1-840d-9c93280836ec keys=['type', 'request_id', 'layer_idx', 'hidden_states', 'expert_ids', 'weights', 'token_idx']
[01:45:43][chimera14:5556] expert 51 processing 2 token-expert pairs
[01:45:43][chimera14:5554] expert-agent 4 sending response: response_id=RES_42a90b62-fd1f-406a-8e04-d2a94c5c6992 latency_ms=11.54
[01:45:43][chimera14:5557] expert 61 processing 1 token-expert pairs
[01:45:43][chimera14:5551] expert 10 processing 1 token-expert pairs
[01:45:43][chimera14:5556] expert 52 processing 1 token-expert pairs
[01:45:43][chimera14:5557] expert 62 processing 2 token-expert pairs
[01:45:43][chimera14:5551] expert 12 processing 1 token-expert pairs
[01:45:43][chimera14:5556] expert 55 processing 1 token-expert pairs
[01:45:43][chimera14:5551] expert-agent 1 sending response: response_id=RES_0d7df276-69b3-4ed1-840d-9c93280836ec latency_ms=5.98
[01:45:43][chimera14:5557] expert-agent 7 sending response: response_id=RES_552e1fb7-edda-486c-aa37-449f87e981b2 latency_ms=16.42
[01:45:43][chimera14:5556] expert-agent 6 sending response: response_id=RES_6875510e-caed-45a0-9ab4-503c4f7d52c2 latency_ms=11.27
[01:45:43][chimera14:5551] expert-agent 1 received request_id=212d6d85-666d-4ab3-b346-fc6afaa477e7 keys=['type', 'request_id', 'layer_idx', 'hidden_states', 'expert_ids', 'weights', 'token_idx']
[01:45:43][chimera14:5555] expert-agent 5 received request_id=8dca88d7-0cee-4e99-88ef-3465012c9103 keys=['type', 'request_id', 'layer_idx', 'hidden_states', 'expert_ids', 'weights', 'token_idx']
[01:45:43][chimera14:5551] expert 8 processing 1 token-expert pairs
[01:45:43][chimera14:5551] expert 9 processing 1 token-expert pairs
[01:45:43][chimera14:5552] expert-agent 2 received request_id=0791c2b9-3c1e-4c5e-846f-1c6c1a8e1cb9 keys=['type', 'request_id', 'layer_idx', 'hidden_states', 'expert_ids', 'weights', 'token_idx']
[01:45:43][chimera14:5555] expert 42 processing 2 token-expert pairs
[01:45:43][chimera14:5551] expert 12 processing 2 token-expert pairs
[01:45:43][chimera14:5557] expert-agent 7 received request_id=07caa7ba-0484-4d87-991f-6462fa0f5c58 keys=['type', 'request_id', 'layer_idx', 'hidden_states', 'expert_ids', 'weights', 'token_idx']
[01:45:43][chimera14:5552] expert 16 processing 1 token-expert pairs
[01:45:43][chimera14:5551] expert 13 processing 2 token-expert pairs
[01:45:43][chimera14:5550] expert-agent 0 received request_id=594175fa-02c8-4d13-82ce-2e4083a7bb0a keys=['type', 'request_id', 'layer_idx', 'hidden_states', 'expert_ids', 'weights', 'token_idx']
[01:45:43][chimera14:5552] expert 18 processing 2 token-expert pairs
[01:45:43][chimera14:5557] expert 57 processing 1 token-expert pairs
[01:45:43][chimera14:5555] expert-agent 5 sending response: response_id=RES_8dca88d7-0cee-4e99-88ef-3465012c9103 latency_ms=5.11
[01:45:43][chimera14:5554] expert-agent 4 received request_id=c9346625-c937-4aa8-a308-945c43f65f2a keys=['type', 'request_id', 'layer_idx', 'hidden_states', 'expert_ids', 'weights', 'token_idx']
[01:45:43][chimera14:5557] expert 61 processing 2 token-expert pairs
[01:45:43][chimera14:5550] expert 4 processing 1 token-expert pairs
[01:45:43][chimera14:5552] expert 20 processing 1 token-expert pairs
[01:45:43][chimera14:5553] expert-agent 3 received request_id=a407edef-fcc8-42ec-8687-0961497e5bfb keys=['type', 'request_id', 'layer_idx', 'hidden_states', 'expert_ids', 'weights', 'token_idx']
[01:45:43][chimera14:5550] expert 6 processing 1 token-expert pairs
[01:45:43][chimera14:5552] expert 21 processing 1 token-expert pairs
[01:45:43][chimera14:5551] expert-agent 1 sending response: response_id=RES_212d6d85-666d-4ab3-b346-fc6afaa477e7 latency_ms=15.44
[01:45:43][chimera14:5554] expert 34 processing 1 token-expert pairs
[01:45:43][chimera14:5557] expert 63 processing 1 token-expert pairs
[01:45:43][chimera14:5556] expert-agent 6 received request_id=5436087a-27a8-4d2e-8303-7e0221a645bf keys=['type', 'request_id', 'layer_idx', 'hidden_states', 'expert_ids', 'weights', 'token_idx']
[01:45:43][chimera14:5554] expert 37 processing 1 token-expert pairs
[01:45:43][chimera14:5553] expert 24 processing 2 token-expert pairs
[01:45:43][chimera14:5554] expert 39 processing 2 token-expert pairs
[01:45:43][chimera14:5552] expert-agent 2 sending response: response_id=RES_0791c2b9-3c1e-4c5e-846f-1c6c1a8e1cb9 latency_ms=13.49
[01:45:43][chimera14:5550] expert-agent 0 sending response: response_id=RES_594175fa-02c8-4d13-82ce-2e4083a7bb0a latency_ms=6.04
[01:45:43][chimera14:5556] expert 48 processing 1 token-expert pairs
[01:45:43][chimera14:5557] expert-agent 7 sending response: response_id=RES_07caa7ba-0484-4d87-991f-6462fa0f5c58 latency_ms=10.92
[01:45:43][chimera14:5553] expert 26 processing 1 token-expert pairs
[01:45:43][chimera14:5556] expert 49 processing 1 token-expert pairs
[01:45:43][chimera14:5553] expert 28 processing 1 token-expert pairs
[01:45:43][chimera14:5556] expert 52 processing 1 token-expert pairs
[01:45:43][chimera14:5554] expert-agent 4 sending response: response_id=RES_c9346625-c937-4aa8-a308-945c43f65f2a latency_ms=11.08
[01:45:43][chimera14:5556] expert 54 processing 2 token-expert pairs
[01:45:43][chimera14:5553] expert-agent 3 sending response: response_id=RES_a407edef-fcc8-42ec-8687-0961497e5bfb latency_ms=11.37
[01:45:43][chimera14:5556] expert-agent 6 sending response: response_id=RES_5436087a-27a8-4d2e-8303-7e0221a645bf latency_ms=14.20
[01:45:43][chimera14:5550] expert-agent 0 received request_id=2b9ab8da-4abe-4d50-a33e-baf9a391290b keys=['type', 'request_id', 'layer_idx', 'hidden_states', 'expert_ids', 'weights', 'token_idx']
[01:45:43][chimera14:5555] expert-agent 5 received request_id=38d6d869-dbd5-41b2-93e1-ab66150af183 keys=['type', 'request_id', 'layer_idx', 'hidden_states', 'expert_ids', 'weights', 'token_idx']
[01:45:43][chimera14:5550] expert 2 processing 1 token-expert pairs
[01:45:43][chimera14:5557] expert-agent 7 received request_id=0990d734-abb0-43e7-a70e-fe68deaec062 keys=['type', 'request_id', 'layer_idx', 'hidden_states', 'expert_ids', 'weights', 'token_idx']
[01:45:43][chimera14:5550] expert 4 processing 2 token-expert pairs
[01:45:43][chimera14:5555] expert 43 processing 1 token-expert pairs
[01:45:43][chimera14:5553] expert-agent 3 received request_id=e709223d-d11a-4b7d-8a8f-5c3376652d82 keys=['type', 'request_id', 'layer_idx', 'hidden_states', 'expert_ids', 'weights', 'token_idx']
[01:45:43][chimera14:5557] expert 57 processing 1 token-expert pairs
[01:45:43][chimera14:5550] expert 6 processing 2 token-expert pairs
[01:45:43][chimera14:5555] expert 44 processing 2 token-expert pairs
[01:45:43][chimera14:5557] expert 59 processing 2 token-expert pairs
[01:45:43][chimera14:5554] expert-agent 4 received request_id=36c63b34-9cf1-4d35-bc28-09ff24d85f1b keys=['type', 'request_id', 'layer_idx', 'hidden_states', 'expert_ids', 'weights', 'token_idx']
[01:45:43][chimera14:5553] expert 24 processing 1 token-expert pairs
[01:45:43][chimera14:5555] expert 46 processing 1 token-expert pairs
[01:45:43][chimera14:5552] expert-agent 2 received request_id=fd5a4f98-9a39-4e96-8b07-cb0573f95983 keys=['type', 'request_id', 'layer_idx', 'hidden_states', 'expert_ids', 'weights', 'token_idx']
[01:45:43][chimera14:5553] expert 26 processing 1 token-expert pairs
[01:45:43][chimera14:5554] expert 34 processing 1 token-expert pairs
[01:45:43][chimera14:5550] expert-agent 0 sending response: response_id=RES_2b9ab8da-4abe-4d50-a33e-baf9a391290b latency_ms=12.72
[01:45:43][chimera14:5556] expert-agent 6 received request_id=3debb702-db0e-40c0-a896-22f7a72fa23e keys=['type', 'request_id', 'layer_idx', 'hidden_states', 'expert_ids', 'weights', 'token_idx']
[01:45:43][chimera14:5553] expert 28 processing 1 token-expert pairs
[01:45:43][chimera14:5554] expert 35 processing 1 token-expert pairs
[01:45:43][chimera14:5557] expert-agent 7 sending response: response_id=RES_0990d734-abb0-43e7-a70e-fe68deaec062 latency_ms=7.98
[01:45:43][chimera14:5552] expert 17 processing 1 token-expert pairs
[01:45:43][chimera14:5555] expert-agent 5 sending response: response_id=RES_38d6d869-dbd5-41b2-93e1-ab66150af183 latency_ms=10.62
[01:45:43][chimera14:5553] expert 30 processing 2 token-expert pairs
[01:45:43][chimera14:5551] expert-agent 1 received request_id=153ccf3b-2386-4a92-92f1-28153efafc9f keys=['type', 'request_id', 'layer_idx', 'hidden_states', 'expert_ids', 'weights', 'token_idx']
[01:45:43][chimera14:5554] expert 38 processing 1 token-expert pairs
[01:45:43][chimera14:5556] expert 48 processing 2 token-expert pairs
[01:45:43][chimera14:5552] expert 20 processing 2 token-expert pairs
[01:45:43][chimera14:5553] expert 31 processing 1 token-expert pairs
[01:45:43][chimera14:5551] expert 12 processing 1 token-expert pairs
[01:45:43][chimera14:5556] expert 50 processing 1 token-expert pairs
[01:45:43][chimera14:5552] expert 21 processing 1 token-expert pairs
[01:45:43][chimera14:5554] expert-agent 4 sending response: response_id=RES_36c63b34-9cf1-4d35-bc28-09ff24d85f1b latency_ms=8.77
[01:45:43][chimera14:5551] expert 14 processing 1 token-expert pairs
[01:45:43][chimera14:5552] expert 23 processing 1 token-expert pairs
[01:45:43][chimera14:5551] expert 15 processing 1 token-expert pairs
[01:45:43][chimera14:5553] expert-agent 3 sending response: response_id=RES_e709223d-d11a-4b7d-8a8f-5c3376652d82 latency_ms=17.26
[01:45:43][chimera14:5556] expert-agent 6 sending response: response_id=RES_3debb702-db0e-40c0-a896-22f7a72fa23e latency_ms=8.19
[01:45:43][chimera14:5552] expert-agent 2 sending response: response_id=RES_fd5a4f98-9a39-4e96-8b07-cb0573f95983 latency_ms=13.91
[01:45:43][chimera14:5551] expert-agent 1 sending response: response_id=RES_153ccf3b-2386-4a92-92f1-28153efafc9f latency_ms=8.52
[01:45:44][chimera14:5557] expert-agent 7 received request_id=be6ab562-c1c2-4272-845d-f516f4842a4c keys=['type', 'request_id', 'layer_idx', 'hidden_states', 'expert_ids', 'weights', 'token_idx']
[01:45:44][chimera14:5554] expert-agent 4 received request_id=429abfea-b969-4277-bb4c-bd3ed8ac22b0 keys=['type', 'request_id', 'layer_idx', 'hidden_states', 'expert_ids', 'weights', 'token_idx']
[01:45:44][chimera14:5557] expert 56 processing 2 token-expert pairs
[01:45:44][chimera14:5556] expert-agent 6 received request_id=4448757e-02b2-47b8-933e-b56029aeff62 keys=['type', 'request_id', 'layer_idx', 'hidden_states', 'expert_ids', 'weights', 'token_idx']
[01:45:44][chimera14:5554] expert 33 processing 2 token-expert pairs
[01:45:44][chimera14:5557] expert 58 processing 1 token-expert pairs
[01:45:44][chimera14:5551] expert-agent 1 received request_id=812fe50f-05a8-49ac-9f9d-0fcd40457765 keys=['type', 'request_id', 'layer_idx', 'hidden_states', 'expert_ids', 'weights', 'token_idx']
[01:45:44][chimera14:5556] expert 51 processing 1 token-expert pairs
[01:45:44][chimera14:5555] expert-agent 5 received request_id=2313d041-6474-492c-a9f3-d4d9339692e1 keys=['type', 'request_id', 'layer_idx', 'hidden_states', 'expert_ids', 'weights', 'token_idx']
[01:45:44][chimera14:5554] expert 36 processing 1 token-expert pairs
[01:45:44][chimera14:5556] expert 52 processing 1 token-expert pairs
[01:45:44][chimera14:5551] expert 8 processing 1 token-expert pairs
[01:45:44][chimera14:5557] expert-agent 7 sending response: response_id=RES_be6ab562-c1c2-4272-845d-f516f4842a4c latency_ms=7.98
[01:45:44][chimera14:5554] expert 37 processing 2 token-expert pairs
[01:45:44][chimera14:5552] expert-agent 2 received request_id=f9160593-48fb-4e57-9b06-aad0e375742f keys=['type', 'request_id', 'layer_idx', 'hidden_states', 'expert_ids', 'weights', 'token_idx']
[01:45:44][chimera14:5551] expert 10 processing 1 token-expert pairs
[01:45:44][chimera14:5555] expert 40 processing 1 token-expert pairs
[01:45:44][chimera14:5553] expert-agent 3 received request_id=42864dff-359b-41a2-afb1-9554a8b4bd57 keys=['type', 'request_id', 'layer_idx', 'hidden_states', 'expert_ids', 'weights', 'token_idx']
[01:45:44][chimera14:5551] expert 13 processing 1 token-expert pairs
[01:45:44][chimera14:5552] expert 16 processing 1 token-expert pairs
[01:45:44][chimera14:5556] expert-agent 6 sending response: response_id=RES_4448757e-02b2-47b8-933e-b56029aeff62 latency_ms=6.02
[01:45:44][chimera14:5555] expert 44 processing 2 token-expert pairs
[01:45:44][chimera14:5554] expert 38 processing 1 token-expert pairs
[01:45:44][chimera14:5550] expert-agent 0 received request_id=51a1f585-1b47-4047-a3f1-08db85bedba6 keys=['type', 'request_id', 'layer_idx', 'hidden_states', 'expert_ids', 'weights', 'token_idx']
[01:45:44][chimera14:5551] expert 14 processing 4 token-expert pairs
[01:45:44][chimera14:5552] expert 17 processing 1 token-expert pairs
[01:45:44][chimera14:5554] expert 39 processing 1 token-expert pairs
[01:45:44][chimera14:5553] expert 26 processing 1 token-expert pairs
[01:45:44][chimera14:5555] expert 46 processing 1 token-expert pairs
[01:45:44][chimera14:5552] expert 22 processing 1 token-expert pairs
[01:45:44][chimera14:5550] expert 2 processing 1 token-expert pairs
[01:45:44][chimera14:5553] expert 28 processing 2 token-expert pairs
[01:45:44][chimera14:5550] expert 7 processing 1 token-expert pairs
[01:45:44][chimera14:5554] expert-agent 4 sending response: response_id=RES_429abfea-b969-4277-bb4c-bd3ed8ac22b0 latency_ms=19.36
[01:45:44][chimera14:5552] expert-agent 2 sending response: response_id=RES_f9160593-48fb-4e57-9b06-aad0e375742f latency_ms=8.59
[01:45:44][chimera14:5555] expert-agent 5 sending response: response_id=RES_2313d041-6474-492c-a9f3-d4d9339692e1 latency_ms=10.90
[01:45:44][chimera14:5553] expert 31 processing 1 token-expert pairs
[01:45:44][chimera14:5551] expert-agent 1 sending response: response_id=RES_812fe50f-05a8-49ac-9f9d-0fcd40457765 latency_ms=15.66
[01:45:44][chimera14:5550] expert-agent 0 sending response: response_id=RES_51a1f585-1b47-4047-a3f1-08db85bedba6 latency_ms=5.71
[01:45:44][chimera14:5553] expert-agent 3 sending response: response_id=RES_42864dff-359b-41a2-afb1-9554a8b4bd57 latency_ms=10.92
[01:45:44][chimera14:5557] expert-agent 7 received request_id=3c42e6ee-a7f1-43c1-9e01-8483d34d8b50 keys=['type', 'request_id', 'layer_idx', 'hidden_states', 'expert_ids', 'weights', 'token_idx']
[01:45:44][chimera14:5556] expert-agent 6 received request_id=58aab16f-f3d6-4410-a61b-b579e7fde9cb keys=['type', 'request_id', 'layer_idx', 'hidden_states', 'expert_ids', 'weights', 'token_idx']
[01:45:44][chimera14:5557] expert 58 processing 2 token-expert pairs
[01:45:44][chimera14:5550] expert-agent 0 received request_id=582e589b-ad7b-4ff8-b86f-e9002cc25640 keys=['type', 'request_id', 'layer_idx', 'hidden_states', 'expert_ids', 'weights', 'token_idx']
[01:45:44][chimera14:5556] expert 48 processing 1 token-expert pairs
[01:45:44][chimera14:5557] expert 59 processing 1 token-expert pairs
[01:45:44][chimera14:5552] expert-agent 2 received request_id=4b5068b9-299e-48cd-ab3c-27bf101931c2 keys=['type', 'request_id', 'layer_idx', 'hidden_states', 'expert_ids', 'weights', 'token_idx']
[01:45:44][chimera14:5550] expert 3 processing 1 token-expert pairs
[01:45:44][chimera14:5556] expert 49 processing 2 token-expert pairs
[01:45:44][chimera14:5557] expert 63 processing 1 token-expert pairs
[01:45:44][chimera14:5550] expert 6 processing 2 token-expert pairs
[01:45:44][chimera14:5551] expert-agent 1 received request_id=d00f4f12-9989-4428-b632-31edece0d257 keys=['type', 'request_id', 'layer_idx', 'hidden_states', 'expert_ids', 'weights', 'token_idx']
[01:45:44][chimera14:5552] expert 17 processing 1 token-expert pairs
[01:45:44][chimera14:5556] expert 51 processing 1 token-expert pairs
[01:45:44][chimera14:5554] expert-agent 4 received request_id=bedbef94-0a19-454a-b3b5-b217160e02ea keys=['type', 'request_id', 'layer_idx', 'hidden_states', 'expert_ids', 'weights', 'token_idx']
[01:45:44][chimera14:5557] expert-agent 7 sending response: response_id=RES_3c42e6ee-a7f1-43c1-9e01-8483d34d8b50 latency_ms=10.46
[01:45:44][chimera14:5552] expert 22 processing 1 token-expert pairs
[01:45:44][chimera14:5556] expert 54 processing 2 token-expert pairs
[01:45:44][chimera14:5551] expert 9 processing 1 token-expert pairs
[01:45:44][chimera14:5552] expert 23 processing 3 token-expert pairs
[01:45:44][chimera14:5555] expert-agent 5 received request_id=1238ffb7-73ab-42d4-9250-26c6cf459f8d keys=['type', 'request_id', 'layer_idx', 'hidden_states', 'expert_ids', 'weights', 'token_idx']
[01:45:44][chimera14:5551] expert 10 processing 1 token-expert pairs
[01:45:44][chimera14:5554] expert 32 processing 1 token-expert pairs
[01:45:44][chimera14:5550] expert-agent 0 sending response: response_id=RES_582e589b-ad7b-4ff8-b86f-e9002cc25640 latency_ms=7.74
[01:45:44][chimera14:5553] expert-agent 3 received request_id=c86f0478-5689-465e-b44a-a615c172a978 keys=['type', 'request_id', 'layer_idx', 'hidden_states', 'expert_ids', 'weights', 'token_idx']
[01:45:44][chimera14:5551] expert 12 processing 1 token-expert pairs
[01:45:44][chimera14:5554] expert 36 processing 1 token-expert pairs
[01:45:44][chimera14:5555] expert 44 processing 1 token-expert pairs
[01:45:44][chimera14:5551] expert 13 processing 2 token-expert pairs
[01:45:44][chimera14:5554] expert 39 processing 1 token-expert pairs
[01:45:44][chimera14:5556] expert-agent 6 sending response: response_id=RES_58aab16f-f3d6-4410-a61b-b579e7fde9cb latency_ms=15.23
[01:45:44][chimera14:5555] expert 45 processing 1 token-expert pairs
[01:45:44][chimera14:5553] expert 29 processing 2 token-expert pairs
[01:45:44][chimera14:5551] expert 15 processing 1 token-expert pairs
[01:45:44][chimera14:5553] expert 31 processing 1 token-expert pairs
[01:45:44][chimera14:5552] expert-agent 2 sending response: response_id=RES_4b5068b9-299e-48cd-ab3c-27bf101931c2 latency_ms=12.30
[01:45:44][chimera14:5555] expert-agent 5 sending response: response_id=RES_1238ffb7-73ab-42d4-9250-26c6cf459f8d latency_ms=5.77
[01:45:44][chimera14:5554] expert-agent 4 sending response: response_id=RES_bedbef94-0a19-454a-b3b5-b217160e02ea latency_ms=8.61
[01:45:44][chimera14:5551] expert-agent 1 sending response: response_id=RES_d00f4f12-9989-4428-b632-31edece0d257 latency_ms=16.17
[01:45:44][chimera14:5553] expert-agent 3 sending response: response_id=RES_c86f0478-5689-465e-b44a-a615c172a978 latency_ms=8.08
[01:45:44][chimera14:5550] expert-agent 0 received request_id=73015d62-ab72-4f15-94df-ada419720e72 keys=['type', 'request_id', 'layer_idx', 'hidden_states', 'expert_ids', 'weights', 'token_idx']
[01:45:44][chimera14:5551] expert-agent 1 received request_id=50d51831-3ee4-46c2-bd45-32b792f426ea keys=['type', 'request_id', 'layer_idx', 'hidden_states', 'expert_ids', 'weights', 'token_idx']
[01:45:44][chimera14:5550] expert 1 processing 1 token-expert pairs
[01:45:44][chimera14:5556] expert-agent 6 received request_id=314bfae5-e7b9-48ed-a545-7908168052ec keys=['type', 'request_id', 'layer_idx', 'hidden_states', 'expert_ids', 'weights', 'token_idx']
[01:45:44][chimera14:5550] expert 2 processing 1 token-expert pairs
[01:45:44][chimera14:5551] expert 9 processing 4 token-expert pairs
[01:45:44][chimera14:5554] expert-agent 4 received request_id=14f549a7-577c-4241-a1ab-b678b20a8a51 keys=['type', 'request_id', 'layer_idx', 'hidden_states', 'expert_ids', 'weights', 'token_idx']
[01:45:44][chimera14:5550] expert 5 processing 2 token-expert pairs
[01:45:44][chimera14:5556] expert 49 processing 1 token-expert pairs
[01:45:44][chimera14:5555] expert-agent 5 received request_id=8c00bc3c-47ee-4790-9b87-2ea91183a214 keys=['type', 'request_id', 'layer_idx', 'hidden_states', 'expert_ids', 'weights', 'token_idx']
[01:45:44][chimera14:5554] expert 34 processing 1 token-expert pairs
[01:45:44][chimera14:5556] expert 50 processing 2 token-expert pairs
[01:45:44][chimera14:5551] expert 11 processing 2 token-expert pairs
[01:45:44][chimera14:5553] expert-agent 3 received request_id=89a0d72e-a417-4505-8457-f0f09390dc48 keys=['type', 'request_id', 'layer_idx', 'hidden_states', 'expert_ids', 'weights', 'token_idx']
[01:45:44][chimera14:5554] expert 36 processing 1 token-expert pairs
[01:45:44][chimera14:5555] expert 42 processing 1 token-expert pairs
[01:45:44][chimera14:5552] expert-agent 2 received request_id=a093ba6a-96e3-42ba-9aa4-a8af3b8df63b keys=['type', 'request_id', 'layer_idx', 'hidden_states', 'expert_ids', 'weights', 'token_idx']
[01:45:44][chimera14:5556] expert 54 processing 1 token-expert pairs
[01:45:44][chimera14:5550] expert-agent 0 sending response: response_id=RES_73015d62-ab72-4f15-94df-ada419720e72 latency_ms=10.66
[01:45:44][chimera14:5551] expert 15 processing 1 token-expert pairs
[01:45:44][chimera14:5554] expert 39 processing 1 token-expert pairs
[01:45:44][chimera14:5555] expert 43 processing 1 token-expert pairs
[01:45:44][chimera14:5553] expert 26 processing 1 token-expert pairs
[01:45:44][chimera14:5556] expert 55 processing 2 token-expert pairs
[01:45:44][chimera14:5557] expert-agent 7 received request_id=66474094-8500-4837-9be7-e2ba503f6ae2 keys=['type', 'request_id', 'layer_idx', 'hidden_states', 'expert_ids', 'weights', 'token_idx']
[01:45:44][chimera14:5555] expert 45 processing 1 token-expert pairs
[01:45:44][chimera14:5553] expert 29 processing 1 token-expert pairs
[01:45:44][chimera14:5552] expert 16 processing 3 token-expert pairs
[01:45:44][chimera14:5555] expert 47 processing 1 token-expert pairs
[01:45:44][chimera14:5553] expert 31 processing 1 token-expert pairs
[01:45:44][chimera14:5551] expert-agent 1 sending response: response_id=RES_50d51831-3ee4-46c2-bd45-32b792f426ea latency_ms=13.71
[01:45:44][chimera14:5554] expert-agent 4 sending response: response_id=RES_14f549a7-577c-4241-a1ab-b678b20a8a51 latency_ms=8.71
[01:45:44][chimera14:5557] expert 56 processing 1 token-expert pairs
[01:45:44][chimera14:5557] expert 57 processing 1 token-expert pairs
[01:45:44][chimera14:5556] expert-agent 6 sending response: response_id=RES_314bfae5-e7b9-48ed-a545-7908168052ec latency_ms=15.64
[01:45:44][chimera14:5555] expert-agent 5 sending response: response_id=RES_8c00bc3c-47ee-4790-9b87-2ea91183a214 latency_ms=11.37
[01:45:44][chimera14:5552] expert-agent 2 sending response: response_id=RES_a093ba6a-96e3-42ba-9aa4-a8af3b8df63b latency_ms=5.64
[01:45:44][chimera14:5553] expert-agent 3 sending response: response_id=RES_89a0d72e-a417-4505-8457-f0f09390dc48 latency_ms=8.88
[01:45:44][chimera14:5557] expert-agent 7 sending response: response_id=RES_66474094-8500-4837-9be7-e2ba503f6ae2 latency_ms=5.85
[01:45:44][chimera14:5557] expert-agent 7 received request_id=c5c813ea-3ebb-48ba-939b-f198c16c7600 keys=['type', 'request_id', 'layer_idx', 'hidden_states', 'expert_ids', 'weights', 'token_idx']
[01:45:44][chimera14:5551] expert-agent 1 received request_id=6a96045c-beae-414f-bb63-3b3ba0ff0fd9 keys=['type', 'request_id', 'layer_idx', 'hidden_states', 'expert_ids', 'weights', 'token_idx']
[01:45:44][chimera14:5557] expert 56 processing 2 token-expert pairs
[01:45:44][chimera14:5555] expert-agent 5 received request_id=97b4448e-2db5-4be4-a916-130260772e41 keys=['type', 'request_id', 'layer_idx', 'hidden_states', 'expert_ids', 'weights', 'token_idx']
[01:45:44][chimera14:5551] expert 9 processing 2 token-expert pairs
[01:45:44][chimera14:5557] expert 58 processing 1 token-expert pairs
[01:45:44][chimera14:5552] expert-agent 2 received request_id=534e58c0-ffbf-4e21-a1ea-43cc6bed4f72 keys=['type', 'request_id', 'layer_idx', 'hidden_states', 'expert_ids', 'weights', 'token_idx']
[01:45:44][chimera14:5555] expert 42 processing 2 token-expert pairs
[01:45:44][chimera14:5557] expert 60 processing 2 token-expert pairs
[01:45:44][chimera14:5551] expert 11 processing 2 token-expert pairs
[01:45:44][chimera14:5554] expert-agent 4 received request_id=ee4d5160-d520-4be6-9f4c-cdb7836f68de keys=['type', 'request_id', 'layer_idx', 'hidden_states', 'expert_ids', 'weights', 'token_idx']
[01:45:44][chimera14:5552] expert 17 processing 1 token-expert pairs
[01:45:44][chimera14:5555] expert 43 processing 1 token-expert pairs
[01:45:44][chimera14:5556] expert-agent 6 received request_id=95939418-f3f0-47af-88b0-d0d52e8bd923 keys=['type', 'request_id', 'layer_idx', 'hidden_states', 'expert_ids', 'weights', 'token_idx']
[01:45:44][chimera14:5557] expert 63 processing 1 token-expert pairs
[01:45:44][chimera14:5554] expert 33 processing 1 token-expert pairs
[01:45:44][chimera14:5552] expert 22 processing 3 token-expert pairs
[01:45:44][chimera14:5551] expert 12 processing 2 token-expert pairs
[01:45:44][chimera14:5555] expert 44 processing 1 token-expert pairs
[01:45:44][chimera14:5553] expert-agent 3 received request_id=d902b0be-95c9-4495-98e6-a5761d231de8 keys=['type', 'request_id', 'layer_idx', 'hidden_states', 'expert_ids', 'weights', 'token_idx']
[01:45:44][chimera14:5556] expert 48 processing 2 token-expert pairs
[01:45:44][chimera14:5555] expert 45 processing 1 token-expert pairs
[01:45:44][chimera14:5554] expert 34 processing 1 token-expert pairs
[01:45:44][chimera14:5555] expert 46 processing 1 token-expert pairs
[01:45:44][chimera14:5557] expert-agent 7 sending response: response_id=RES_c5c813ea-3ebb-48ba-939b-f198c16c7600 latency_ms=16.16
[01:45:44][chimera14:5554] expert 37 processing 1 token-expert pairs
[01:45:44][chimera14:5553] expert 28 processing 3 token-expert pairs
[01:45:44][chimera14:5556] expert 54 processing 1 token-expert pairs
[01:45:44][chimera14:5551] expert-agent 1 sending response: response_id=RES_6a96045c-beae-414f-bb63-3b3ba0ff0fd9 latency_ms=15.12
[01:45:44][chimera14:5552] expert-agent 2 sending response: response_id=RES_534e58c0-ffbf-4e21-a1ea-43cc6bed4f72 latency_ms=8.74
[01:45:44][chimera14:5553] expert 30 processing 1 token-expert pairs
[01:45:44][chimera14:5555] expert-agent 5 sending response: response_id=RES_97b4448e-2db5-4be4-a916-130260772e41 latency_ms=16.46
[01:45:44][chimera14:5554] expert-agent 4 sending response: response_id=RES_ee4d5160-d520-4be6-9f4c-cdb7836f68de latency_ms=10.07
[01:45:44][chimera14:5556] expert-agent 6 sending response: response_id=RES_95939418-f3f0-47af-88b0-d0d52e8bd923 latency_ms=7.70
[01:45:44][chimera14:5553] expert-agent 3 sending response: response_id=RES_d902b0be-95c9-4495-98e6-a5761d231de8 latency_ms=8.29
[01:45:44][chimera14:5551] expert-agent 1 received request_id=06852ab4-f999-44ff-b544-751d1613f86d keys=['type', 'request_id', 'layer_idx', 'hidden_states', 'expert_ids', 'weights', 'token_idx']
[01:45:44][chimera14:5557] expert-agent 7 received request_id=6da61c5b-8a15-4b60-87d7-c0a459e527a2 keys=['type', 'request_id', 'layer_idx', 'hidden_states', 'expert_ids', 'weights', 'token_idx']
[01:45:44][chimera14:5551] expert 12 processing 2 token-expert pairs
[01:45:44][chimera14:5553] expert-agent 3 received request_id=9432e8fa-76d1-4a08-a98b-63fb6fdd571c keys=['type', 'request_id', 'layer_idx', 'hidden_states', 'expert_ids', 'weights', 'token_idx']
[01:45:44][chimera14:5557] expert 58 processing 1 token-expert pairs
[01:45:44][chimera14:5551] expert 15 processing 2 token-expert pairs
[01:45:44][chimera14:5557] expert 60 processing 1 token-expert pairs
[01:45:44][chimera14:5556] expert-agent 6 received request_id=50c40e9a-8459-4c6e-b006-8d853b1a3428 keys=['type', 'request_id', 'layer_idx', 'hidden_states', 'expert_ids', 'weights', 'token_idx']
[01:45:44][chimera14:5553] expert 24 processing 3 token-expert pairs
[01:45:44][chimera14:5557] expert 61 processing 1 token-expert pairs
[01:45:44][chimera14:5555] expert-agent 5 received request_id=1d1a278d-9c0b-4e04-9472-e6ec10aeab7c keys=['type', 'request_id', 'layer_idx', 'hidden_states', 'expert_ids', 'weights', 'token_idx']
[01:45:44][chimera14:5557] expert 62 processing 1 token-expert pairs
[01:45:44][chimera14:5556] expert 50 processing 1 token-expert pairs
[01:45:44][chimera14:5551] expert-agent 1 sending response: response_id=RES_06852ab4-f999-44ff-b544-751d1613f86d latency_ms=9.36
[01:45:44][chimera14:5553] expert 25 processing 1 token-expert pairs
[01:45:44][chimera14:5550] expert-agent 0 received request_id=4451ed81-af08-4655-8842-10b416b4071d keys=['type', 'request_id', 'layer_idx', 'hidden_states', 'expert_ids', 'weights', 'token_idx']
[01:45:44][chimera14:5557] expert 63 processing 1 token-expert pairs
[01:45:44][chimera14:5555] expert 40 processing 2 token-expert pairs
[01:45:44][chimera14:5556] expert 51 processing 2 token-expert pairs
[01:45:44][chimera14:5553] expert 28 processing 1 token-expert pairs
[01:45:44][chimera14:5552] expert-agent 2 received request_id=1db61fac-fedb-439c-b085-28b87d374a62 keys=['type', 'request_id', 'layer_idx', 'hidden_states', 'expert_ids', 'weights', 'token_idx']
[01:45:44][chimera14:5550] expert 2 processing 1 token-expert pairs
[01:45:44][chimera14:5555] expert 47 processing 1 token-expert pairs
[01:45:44][chimera14:5556] expert 52 processing 3 token-expert pairs
[01:45:44][chimera14:5554] expert-agent 4 received request_id=ec3e19b1-4237-4102-9e22-a94da60dba5b keys=['type', 'request_id', 'layer_idx', 'hidden_states', 'expert_ids', 'weights', 'token_idx']
[01:45:44][chimera14:5550] expert 3 processing 1 token-expert pairs
[01:45:44][chimera14:5557] expert-agent 7 sending response: response_id=RES_6da61c5b-8a15-4b60-87d7-c0a459e527a2 latency_ms=14.12
[01:45:44][chimera14:5552] expert 18 processing 1 token-expert pairs
[01:45:44][chimera14:5553] expert-agent 3 sending response: response_id=RES_9432e8fa-76d1-4a08-a98b-63fb6fdd571c latency_ms=11.44
[01:45:44][chimera14:5550] expert 4 processing 1 token-expert pairs
[01:45:44][chimera14:5552] expert 22 processing 1 token-expert pairs
[01:45:44][chimera14:5554] expert 33 processing 1 token-expert pairs
[01:45:44][chimera14:5555] expert-agent 5 sending response: response_id=RES_1d1a278d-9c0b-4e04-9472-e6ec10aeab7c latency_ms=7.66
[01:45:44][chimera14:5550] expert 7 processing 1 token-expert pairs
[01:45:44][chimera14:5554] expert 38 processing 1 token-expert pairs
[01:45:44][chimera14:5556] expert-agent 6 sending response: response_id=RES_50c40e9a-8459-4c6e-b006-8d853b1a3428 latency_ms=13.69
[01:45:44][chimera14:5552] expert-agent 2 sending response: response_id=RES_1db61fac-fedb-439c-b085-28b87d374a62 latency_ms=5.89
[01:45:44][chimera14:5554] expert 39 processing 1 token-expert pairs
[01:45:44][chimera14:5550] expert-agent 0 sending response: response_id=RES_4451ed81-af08-4655-8842-10b416b4071d latency_ms=11.23
[01:45:44][chimera14:5554] expert-agent 4 sending response: response_id=RES_ec3e19b1-4237-4102-9e22-a94da60dba5b latency_ms=8.80
[01:45:44][chimera14:5557] expert-agent 7 received request_id=9b1d3163-dce9-469b-a68f-17e8f7724710 keys=['type', 'request_id', 'layer_idx', 'hidden_states', 'expert_ids', 'weights', 'token_idx']
[01:45:44][chimera14:5551] expert-agent 1 received request_id=38a4baf4-3de6-45af-bea6-764555b6e250 keys=['type', 'request_id', 'layer_idx', 'hidden_states', 'expert_ids', 'weights', 'token_idx']
[01:45:44][chimera14:5557] expert 56 processing 3 token-expert pairs
[01:45:44][chimera14:5550] expert-agent 0 received request_id=ad062e4f-246e-4c32-8d6d-05783123913a keys=['type', 'request_id', 'layer_idx', 'hidden_states', 'expert_ids', 'weights', 'token_idx']
[01:45:44][chimera14:5551] expert 8 processing 2 token-expert pairs
[01:45:44][chimera14:5557] expert 57 processing 1 token-expert pairs
[01:45:44][chimera14:5555] expert-agent 5 received request_id=3f20785f-09da-4bb7-97bc-6d2d441d5d1f keys=['type', 'request_id', 'layer_idx', 'hidden_states', 'expert_ids', 'weights', 'token_idx']
[01:45:44][chimera14:5557] expert 60 processing 1 token-expert pairs
[01:45:44][chimera14:5551] expert 14 processing 2 token-expert pairs
[01:45:44][chimera14:5550] expert 6 processing 4 token-expert pairs
[01:45:44][chimera14:5554] expert-agent 4 received request_id=9709029e-edb4-40d3-826a-a2976ec3525a keys=['type', 'request_id', 'layer_idx', 'hidden_states', 'expert_ids', 'weights', 'token_idx']
[01:45:44][chimera14:5557] expert 61 processing 3 token-expert pairs
[01:45:44][chimera14:5551] expert 15 processing 1 token-expert pairs
[01:45:44][chimera14:5550] expert 7 processing 1 token-expert pairs
[01:45:44][chimera14:5555] expert 42 processing 1 token-expert pairs
[01:45:44][chimera14:5557] expert 62 processing 2 token-expert pairs
[01:45:44][chimera14:5555] expert 43 processing 1 token-expert pairs
[01:45:44][chimera14:5557] expert 63 processing 3 token-expert pairs
[01:45:44][chimera14:5551] expert-agent 1 sending response: response_id=RES_38a4baf4-3de6-45af-bea6-764555b6e250 latency_ms=12.30
[01:45:44][chimera14:5554] expert 33 processing 1 token-expert pairs
[01:45:44][chimera14:5553] expert-agent 3 received request_id=6bc9b74f-e8a1-4481-9cb8-9d813d954100 keys=['type', 'request_id', 'layer_idx', 'hidden_states', 'expert_ids', 'weights', 'token_idx']
[01:45:44][chimera14:5554] expert 39 processing 3 token-expert pairs
[01:45:44][chimera14:5550] expert-agent 0 sending response: response_id=RES_ad062e4f-246e-4c32-8d6d-05783123913a latency_ms=8.59
[01:45:44][chimera14:5555] expert-agent 5 sending response: response_id=RES_3f20785f-09da-4bb7-97bc-6d2d441d5d1f latency_ms=5.70
[01:45:44][chimera14:5553] expert 24 processing 1 token-expert pairs
[01:45:44][chimera14:5556] expert-agent 6 received request_id=0b0c15cf-8b14-4dfc-bce8-59baa532d2a4 keys=['type', 'request_id', 'layer_idx', 'hidden_states', 'expert_ids', 'weights', 'token_idx']
[01:45:44][chimera14:5553] expert 30 processing 2 token-expert pairs
[01:45:44][chimera14:5557] expert-agent 7 sending response: response_id=RES_9b1d3163-dce9-469b-a68f-17e8f7724710 latency_ms=26.88
[01:45:44][chimera14:5554] expert-agent 4 sending response: response_id=RES_9709029e-edb4-40d3-826a-a2976ec3525a latency_ms=8.60
[01:45:44][chimera14:5552] expert-agent 2 received request_id=3e681020-9936-4e5f-86c8-6d504e6f6083 keys=['type', 'request_id', 'layer_idx', 'hidden_states', 'expert_ids', 'weights', 'token_idx']
[01:45:44][chimera14:5553] expert 31 processing 2 token-expert pairs
[01:45:44][chimera14:5556] expert 48 processing 1 token-expert pairs
[01:45:44][chimera14:5556] expert 52 processing 2 token-expert pairs
[01:45:44][chimera14:5552] expert 17 processing 1 token-expert pairs
[01:45:44][chimera14:5553] expert-agent 3 sending response: response_id=RES_6bc9b74f-e8a1-4481-9cb8-9d813d954100 latency_ms=14.56
[01:45:44][chimera14:5552] expert 23 processing 2 token-expert pairs
[01:45:44][chimera14:5556] expert-agent 6 sending response: response_id=RES_0b0c15cf-8b14-4dfc-bce8-59baa532d2a4 latency_ms=8.27
[01:45:44][chimera14:5552] expert-agent 2 sending response: response_id=RES_3e681020-9936-4e5f-86c8-6d504e6f6083 latency_ms=8.45
[01:45:44][chimera14:5552] expert-agent 2 received request_id=bfbdc803-557b-45b5-8481-975056d425c8 keys=['type', 'request_id', 'layer_idx', 'hidden_states', 'expert_ids', 'weights', 'token_idx']
[01:45:44][chimera14:5552] expert 16 processing 1 token-expert pairs
[01:45:44][chimera14:5552] expert 18 processing 5 token-expert pairs
[01:45:44][chimera14:5551] expert-agent 1 received request_id=de5270fc-a2c8-4be9-88ea-e757eaa0cd19 keys=['type', 'request_id', 'layer_idx', 'hidden_states', 'expert_ids', 'weights', 'token_idx']
[01:45:44][chimera14:5552] expert 22 processing 1 token-expert pairs
[01:45:44][chimera14:5552] expert 23 processing 1 token-expert pairs
[01:45:44][chimera14:5551] expert 11 processing 1 token-expert pairs
[01:45:44][chimera14:5555] expert-agent 5 received request_id=f175e4e6-ac2b-4761-a638-d0a7e8606d19 keys=['type', 'request_id', 'layer_idx', 'hidden_states', 'expert_ids', 'weights', 'token_idx']
[01:45:44][chimera14:5551] expert 13 processing 1 token-expert pairs
[01:45:44][chimera14:5554] expert-agent 4 received request_id=726de938-06cf-4cc5-931f-b1ec61e3c73b keys=['type', 'request_id', 'layer_idx', 'hidden_states', 'expert_ids', 'weights', 'token_idx']
[01:45:44][chimera14:5552] expert-agent 2 sending response: response_id=RES_bfbdc803-557b-45b5-8481-975056d425c8 latency_ms=16.27
[01:45:44][chimera14:5555] expert 41 processing 1 token-expert pairs
[01:45:44][chimera14:5555] expert 45 processing 1 token-expert pairs
[01:45:44][chimera14:5551] expert-agent 1 sending response: response_id=RES_de5270fc-a2c8-4be9-88ea-e757eaa0cd19 latency_ms=5.74
[01:45:44][chimera14:5554] expert 35 processing 1 token-expert pairs
[01:45:44][chimera14:5555] expert 46 processing 1 token-expert pairs
[01:45:44][chimera14:5554] expert 39 processing 1 token-expert pairs
[01:45:44][chimera14:5555] expert-agent 5 sending response: response_id=RES_f175e4e6-ac2b-4761-a638-d0a7e8606d19 latency_ms=8.68
[01:45:44][chimera14:5554] expert-agent 4 sending response: response_id=RES_726de938-06cf-4cc5-931f-b1ec61e3c73b latency_ms=5.76
[01:45:44][chimera14:5550] expert-agent 0 received request_id=e1a9f91b-66a5-4e53-bfdc-fd7d464b3862 keys=['type', 'request_id', 'layer_idx', 'hidden_states', 'expert_ids', 'weights', 'token_idx']
[01:45:44][chimera14:5556] expert-agent 6 received request_id=81be3516-3dfb-4122-a3e4-b776eba60c70 keys=['type', 'request_id', 'layer_idx', 'hidden_states', 'expert_ids', 'weights', 'token_idx']
[01:45:44][chimera14:5550] expert 0 processing 1 token-expert pairs
[01:45:44][chimera14:5550] expert 1 processing 4 token-expert pairs
[01:45:44][chimera14:5556] expert 52 processing 1 token-expert pairs
[01:45:44][chimera14:5556] expert 53 processing 1 token-expert pairs
[01:45:44][chimera14:5550] expert 3 processing 1 token-expert pairs
[01:45:44][chimera14:5553] expert-agent 3 received request_id=351bfd1c-c481-4538-a55c-b9f44dd7aead keys=['type', 'request_id', 'layer_idx', 'hidden_states', 'expert_ids', 'weights', 'token_idx']
[01:45:44][chimera14:5550] expert 4 processing 1 token-expert pairs
[01:45:44][chimera14:5556] expert-agent 6 sending response: response_id=RES_81be3516-3dfb-4122-a3e4-b776eba60c70 latency_ms=5.86
[01:45:44][chimera14:5553] expert 24 processing 2 token-expert pairs
[01:45:44][chimera14:5550] expert 7 processing 2 token-expert pairs
[01:45:44][chimera14:5553] expert 25 processing 1 token-expert pairs
[01:45:44][chimera14:5557] expert-agent 7 received request_id=f2ff322b-5429-466a-809e-1b9351b2a218 keys=['type', 'request_id', 'layer_idx', 'hidden_states', 'expert_ids', 'weights', 'token_idx']
[01:45:44][chimera14:5553] expert 27 processing 1 token-expert pairs
[01:45:44][chimera14:5550] expert-agent 0 sending response: response_id=RES_e1a9f91b-66a5-4e53-bfdc-fd7d464b3862 latency_ms=19.41
[01:45:44][chimera14:5553] expert 29 processing 2 token-expert pairs
[01:45:44][chimera14:5557] expert 57 processing 1 token-expert pairs
[01:45:44][chimera14:5557] expert 60 processing 3 token-expert pairs
[01:45:44][chimera14:5553] expert-agent 3 sending response: response_id=RES_351bfd1c-c481-4538-a55c-b9f44dd7aead latency_ms=16.19
[01:45:44][chimera14:5557] expert 62 processing 2 token-expert pairs
[01:45:44][chimera14:5557] expert 63 processing 2 token-expert pairs
[01:45:44][chimera14:5557] expert-agent 7 sending response: response_id=RES_f2ff322b-5429-466a-809e-1b9351b2a218 latency_ms=18.59
[01:45:44][chimera14:5553] expert-agent 3 received request_id=4d235656-4e66-4417-b99b-2721999cb3d9 keys=['type', 'request_id', 'layer_idx', 'hidden_states', 'expert_ids', 'weights', 'token_idx']
[01:45:44][chimera14:5554] expert-agent 4 received request_id=409b824d-9335-4e95-9a1b-8ad17edca113 keys=['type', 'request_id', 'layer_idx', 'hidden_states', 'expert_ids', 'weights', 'token_idx']
[01:45:44][chimera14:5553] expert 24 processing 2 token-expert pairs
[01:45:44][chimera14:5557] expert-agent 7 received request_id=4c0dc87f-4634-402e-9be6-d00bb9156d70 keys=['type', 'request_id', 'layer_idx', 'hidden_states', 'expert_ids', 'weights', 'token_idx']
[01:45:44][chimera14:5554] expert 32 processing 1 token-expert pairs
[01:45:44][chimera14:5553] expert 28 processing 2 token-expert pairs
[01:45:44][chimera14:5555] expert-agent 5 received request_id=9f125bc1-9c46-4d8b-ac06-d393dbba7df2 keys=['type', 'request_id', 'layer_idx', 'hidden_states', 'expert_ids', 'weights', 'token_idx']
[01:45:44][chimera14:5554] expert 33 processing 1 token-expert pairs
[01:45:44][chimera14:5557] expert 59 processing 2 token-expert pairs
[01:45:44][chimera14:5552] expert-agent 2 received request_id=22b4edd4-f557-4bc0-aab1-e7ba71950d3f keys=['type', 'request_id', 'layer_idx', 'hidden_states', 'expert_ids', 'weights', 'token_idx']
[01:45:44][chimera14:5554] expert 34 processing 1 token-expert pairs
[01:45:44][chimera14:5553] expert 30 processing 2 token-expert pairs
[01:45:44][chimera14:5555] expert 40 processing 1 token-expert pairs
[01:45:44][chimera14:5554] expert 35 processing 1 token-expert pairs
[01:45:44][chimera14:5557] expert 60 processing 2 token-expert pairs
[01:45:44][chimera14:5550] expert-agent 0 received request_id=cbb91118-4ebe-4335-954b-a68f9f8d5702 keys=['type', 'request_id', 'layer_idx', 'hidden_states', 'expert_ids', 'weights', 'token_idx']
[01:45:44][chimera14:5555] expert 45 processing 1 token-expert pairs
[01:45:44][chimera14:5552] expert 19 processing 1 token-expert pairs
[01:45:44][chimera14:5554] expert 39 processing 1 token-expert pairs
[01:45:44][chimera14:5551] expert-agent 1 received request_id=1347bf6c-ff30-4c4d-8def-797541926096 keys=['type', 'request_id', 'layer_idx', 'hidden_states', 'expert_ids', 'weights', 'token_idx']
[01:45:44][chimera14:5550] expert 0 processing 1 token-expert pairs
[01:45:44][chimera14:5557] expert 62 processing 3 token-expert pairs
[01:45:44][chimera14:5552] expert 20 processing 1 token-expert pairs
[01:45:44][chimera14:5553] expert-agent 3 sending response: response_id=RES_4d235656-4e66-4417-b99b-2721999cb3d9 latency_ms=15.66
[01:45:44][chimera14:5555] expert-agent 5 sending response: response_id=RES_9f125bc1-9c46-4d8b-ac06-d393dbba7df2 latency_ms=5.92
[01:45:44][chimera14:5556] expert-agent 6 received request_id=da541a94-6b26-413c-b5bb-8a42c24d923c keys=['type', 'request_id', 'layer_idx', 'hidden_states', 'expert_ids', 'weights', 'token_idx']
[01:45:44][chimera14:5550] expert 3 processing 2 token-expert pairs
[01:45:44][chimera14:5552] expert 22 processing 3 token-expert pairs
[01:45:44][chimera14:5551] expert 8 processing 4 token-expert pairs
[01:45:44][chimera14:5554] expert-agent 4 sending response: response_id=RES_409b824d-9335-4e95-9a1b-8ad17edca113 latency_ms=14.86
[01:45:44][chimera14:5557] expert 63 processing 2 token-expert pairs
[01:45:44][chimera14:5556] expert 49 processing 1 token-expert pairs
[01:45:44][chimera14:5551] expert 12 processing 1 token-expert pairs
[01:45:44][chimera14:5556] expert 51 processing 2 token-expert pairs
[01:45:44][chimera14:5550] expert-agent 0 sending response: response_id=RES_cbb91118-4ebe-4335-954b-a68f9f8d5702 latency_ms=8.65
[01:45:44][chimera14:5551] expert 14 processing 2 token-expert pairs
[01:45:44][chimera14:5552] expert-agent 2 sending response: response_id=RES_22b4edd4-f557-4bc0-aab1-e7ba71950d3f latency_ms=12.63
[01:45:44][chimera14:5557] expert-agent 7 sending response: response_id=RES_4c0dc87f-4634-402e-9be6-d00bb9156d70 latency_ms=21.22
[01:45:44][chimera14:5556] expert-agent 6 sending response: response_id=RES_da541a94-6b26-413c-b5bb-8a42c24d923c latency_ms=8.01
[01:45:44][chimera14:5551] expert-agent 1 sending response: response_id=RES_1347bf6c-ff30-4c4d-8def-797541926096 latency_ms=13.98
[01:45:44][chimera14:5554] expert-agent 4 received request_id=eb66b1c1-d9ee-407b-8505-0e61bba6d272 keys=['type', 'request_id', 'layer_idx', 'hidden_states', 'expert_ids', 'weights', 'token_idx']
[01:45:44][chimera14:5554] expert 32 processing 1 token-expert pairs
[01:45:44][chimera14:5557] expert-agent 7 received request_id=bbcd1a72-a4bd-4b03-bc84-295e1de0c713 keys=['type', 'request_id', 'layer_idx', 'hidden_states', 'expert_ids', 'weights', 'token_idx']
[01:45:44][chimera14:5554] expert 33 processing 1 token-expert pairs
[01:45:44][chimera14:5551] expert-agent 1 received request_id=7c8a762b-64c7-494a-8cef-c1403f38013b keys=['type', 'request_id', 'layer_idx', 'hidden_states', 'expert_ids', 'weights', 'token_idx']
[01:45:44][chimera14:5554] expert 39 processing 1 token-expert pairs
[01:45:44][chimera14:5557] expert 56 processing 1 token-expert pairs
[01:45:44][chimera14:5555] expert-agent 5 received request_id=53ad17a5-e77f-4d5a-a167-8cd9edb5b97e keys=['type', 'request_id', 'layer_idx', 'hidden_states', 'expert_ids', 'weights', 'token_idx']
[01:45:44][chimera14:5557] expert 61 processing 5 token-expert pairs
[01:45:44][chimera14:5551] expert 11 processing 1 token-expert pairs
[01:45:44][chimera14:5554] expert-agent 4 sending response: response_id=RES_eb66b1c1-d9ee-407b-8505-0e61bba6d272 latency_ms=8.65
[01:45:44][chimera14:5556] expert-agent 6 received request_id=4e3ba472-e14f-47c6-a8cb-1eda2bdc211c keys=['type', 'request_id', 'layer_idx', 'hidden_states', 'expert_ids', 'weights', 'token_idx']
[01:45:44][chimera14:5555] expert 43 processing 1 token-expert pairs
[01:45:44][chimera14:5551] expert 12 processing 1 token-expert pairs
[01:45:44][chimera14:5555] expert 44 processing 1 token-expert pairs
[01:45:44][chimera14:5551] expert 14 processing 3 token-expert pairs
[01:45:44][chimera14:5553] expert-agent 3 received request_id=26ff6645-8b24-4792-a557-bcd0d7817035 keys=['type', 'request_id', 'layer_idx', 'hidden_states', 'expert_ids', 'weights', 'token_idx']
[01:45:44][chimera14:5557] expert 62 processing 1 token-expert pairs
[01:45:44][chimera14:5556] expert 48 processing 1 token-expert pairs
[01:45:44][chimera14:5555] expert 45 processing 1 token-expert pairs
[01:45:44][chimera14:5552] expert-agent 2 received request_id=7844af97-5a0b-4a13-a3d1-71b7d279c312 keys=['type', 'request_id', 'layer_idx', 'hidden_states', 'expert_ids', 'weights', 'token_idx']
[01:45:44][chimera14:5557] expert 63 processing 2 token-expert pairs
[01:45:44][chimera14:5556] expert 51 processing 3 token-expert pairs
[01:45:44][chimera14:5553] expert 29 processing 1 token-expert pairs
[01:45:44][chimera14:5551] expert 15 processing 4 token-expert pairs
[01:45:44][chimera14:5550] expert-agent 0 received request_id=7aaff5fc-d5bf-4125-a75c-193ef764dac0 keys=['type', 'request_id', 'layer_idx', 'hidden_states', 'expert_ids', 'weights', 'token_idx']
[01:45:44][chimera14:5553] expert 30 processing 1 token-expert pairs
[01:45:44][chimera14:5552] expert 19 processing 2 token-expert pairs
[01:45:44][chimera14:5555] expert-agent 5 sending response: response_id=RES_53ad17a5-e77f-4d5a-a167-8cd9edb5b97e latency_ms=8.98
[01:45:44][chimera14:5556] expert 54 processing 2 token-expert pairs
[01:45:44][chimera14:5550] expert 1 processing 1 token-expert pairs
[01:45:44][chimera14:5553] expert 31 processing 1 token-expert pairs
[01:45:44][chimera14:5557] expert-agent 7 sending response: response_id=RES_bbcd1a72-a4bd-4b03-bc84-295e1de0c713 latency_ms=18.78
[01:45:44][chimera14:5552] expert 22 processing 1 token-expert pairs
[01:45:44][chimera14:5556] expert 55 processing 1 token-expert pairs
[01:45:44][chimera14:5551] expert-agent 1 sending response: response_id=RES_7c8a762b-64c7-494a-8cef-c1403f38013b latency_ms=17.01
[01:45:44][chimera14:5552] expert 23 processing 2 token-expert pairs
[01:45:44][chimera14:5550] expert-agent 0 sending response: response_id=RES_7aaff5fc-d5bf-4125-a75c-193ef764dac0 latency_ms=3.23
[01:45:44][chimera14:5553] expert-agent 3 sending response: response_id=RES_26ff6645-8b24-4792-a557-bcd0d7817035 latency_ms=9.39
[01:45:44][chimera14:5556] expert-agent 6 sending response: response_id=RES_4e3ba472-e14f-47c6-a8cb-1eda2bdc211c latency_ms=16.58
[01:45:44][chimera14:5552] expert-agent 2 sending response: response_id=RES_7844af97-5a0b-4a13-a3d1-71b7d279c312 latency_ms=13.44
[01:45:44][chimera14:5553] expert-agent 3 received request_id=b17dd5e0-08a3-4082-8dfb-9ebb1fd953a2 keys=['type', 'request_id', 'layer_idx', 'hidden_states', 'expert_ids', 'weights', 'token_idx']
[01:45:44][chimera14:5551] expert-agent 1 received request_id=fabd7edd-4967-4b9b-9641-5dd409618b2d keys=['type', 'request_id', 'layer_idx', 'hidden_states', 'expert_ids', 'weights', 'token_idx']
[01:45:44][chimera14:5553] expert 25 processing 1 token-expert pairs
[01:45:44][chimera14:5553] expert 27 processing 3 token-expert pairs
[01:45:44][chimera14:5551] expert 10 processing 1 token-expert pairs
[01:45:44][chimera14:5550] expert-agent 0 received request_id=df414287-9dd4-4554-acba-3a6a784ef301 keys=['type', 'request_id', 'layer_idx', 'hidden_states', 'expert_ids', 'weights', 'token_idx']
[01:45:44][chimera14:5551] expert 14 processing 1 token-expert pairs
[01:45:44][chimera14:5553] expert-agent 3 sending response: response_id=RES_b17dd5e0-08a3-4082-8dfb-9ebb1fd953a2 latency_ms=8.69
[01:45:44][chimera14:5550] expert 2 processing 3 token-expert pairs
[01:45:44][chimera14:5557] expert-agent 7 received request_id=7eeb7ede-1c49-409e-983e-f4285dffb3af keys=['type', 'request_id', 'layer_idx', 'hidden_states', 'expert_ids', 'weights', 'token_idx']
[01:45:44][chimera14:5551] expert-agent 1 sending response: response_id=RES_fabd7edd-4967-4b9b-9641-5dd409618b2d latency_ms=5.74
[01:45:44][chimera14:5550] expert 5 processing 3 token-expert pairs
[01:45:44][chimera14:5554] expert-agent 4 received request_id=d577cbc4-aaca-44ca-8f08-bd9372f672e3 keys=['type', 'request_id', 'layer_idx', 'hidden_states', 'expert_ids', 'weights', 'token_idx']
[01:45:44][chimera14:5557] expert 59 processing 2 token-expert pairs
[01:45:44][chimera14:5552] expert-agent 2 received request_id=7ca71422-17c9-4112-8cee-8d22045b65cd keys=['type', 'request_id', 'layer_idx', 'hidden_states', 'expert_ids', 'weights', 'token_idx']
[01:45:44][chimera14:5554] expert 33 processing 4 token-expert pairs
[01:45:44][chimera14:5550] expert 6 processing 1 token-expert pairs
[01:45:44][chimera14:5556] expert-agent 6 received request_id=be339d8d-6133-441d-aea0-4493129bb911 keys=['type', 'request_id', 'layer_idx', 'hidden_states', 'expert_ids', 'weights', 'token_idx']
[01:45:44][chimera14:5557] expert 62 processing 1 token-expert pairs
[01:45:44][chimera14:5552] expert 16 processing 1 token-expert pairs
[01:45:44][chimera14:5557] expert 63 processing 4 token-expert pairs
[01:45:44][chimera14:5555] expert-agent 5 received request_id=afb57aa8-e428-4a42-9ab5-a8c938cda664 keys=['type', 'request_id', 'layer_idx', 'hidden_states', 'expert_ids', 'weights', 'token_idx']
[01:45:44][chimera14:5556] expert 48 processing 3 token-expert pairs
[01:45:44][chimera14:5552] expert 23 processing 2 token-expert pairs
[01:45:44][chimera14:5554] expert 34 processing 1 token-expert pairs
[01:45:44][chimera14:5550] expert-agent 0 sending response: response_id=RES_df414287-9dd4-4554-acba-3a6a784ef301 latency_ms=14.07
[01:45:44][chimera14:5555] expert 41 processing 3 token-expert pairs
[01:45:44][chimera14:5554] expert 37 processing 1 token-expert pairs
[01:45:44][chimera14:5554] expert 38 processing 2 token-expert pairs
[01:45:44][chimera14:5557] expert-agent 7 sending response: response_id=RES_7eeb7ede-1c49-409e-983e-f4285dffb3af latency_ms=13.93
[01:45:44][chimera14:5552] expert-agent 2 sending response: response_id=RES_7ca71422-17c9-4112-8cee-8d22045b65cd latency_ms=7.96
[01:45:44][chimera14:5556] expert-agent 6 sending response: response_id=RES_be339d8d-6133-441d-aea0-4493129bb911 latency_ms=5.75
[01:45:44][chimera14:5555] expert 47 processing 3 token-expert pairs
[01:45:44][chimera14:5554] expert-agent 4 sending response: response_id=RES_d577cbc4-aaca-44ca-8f08-bd9372f672e3 latency_ms=17.84
[01:45:44][chimera14:5555] expert-agent 5 sending response: response_id=RES_afb57aa8-e428-4a42-9ab5-a8c938cda664 latency_ms=11.02
[01:45:44][chimera14:5553] expert-agent 3 received request_id=61ea23d2-a60e-499d-afb1-60529421d805 keys=['type', 'request_id', 'layer_idx', 'hidden_states', 'expert_ids', 'weights', 'token_idx']
[01:45:44][chimera14:5557] expert-agent 7 received request_id=116f0e43-2df3-4c6a-97f0-f6af16257474 keys=['type', 'request_id', 'layer_idx', 'hidden_states', 'expert_ids', 'weights', 'token_idx']
[01:45:44][chimera14:5553] expert 25 processing 1 token-expert pairs
[01:45:44][chimera14:5550] expert-agent 0 received request_id=63fe8df1-381b-4c52-bbad-accf21123941 keys=['type', 'request_id', 'layer_idx', 'hidden_states', 'expert_ids', 'weights', 'token_idx']
[01:45:44][chimera14:5553] expert 26 processing 3 token-expert pairs
[01:45:44][chimera14:5557] expert 58 processing 1 token-expert pairs
[01:45:44][chimera14:5555] expert-agent 5 received request_id=1b812f77-4be5-4437-b147-75212db8408a keys=['type', 'request_id', 'layer_idx', 'hidden_states', 'expert_ids', 'weights', 'token_idx']
[01:45:44][chimera14:5557] expert 61 processing 3 token-expert pairs
[01:45:44][chimera14:5550] expert 1 processing 2 token-expert pairs
[01:45:44][chimera14:5553] expert 29 processing 1 token-expert pairs
[01:45:44][chimera14:5556] expert-agent 6 received request_id=9b192acc-f2d0-4080-9efd-b609352e3d58 keys=['type', 'request_id', 'layer_idx', 'hidden_states', 'expert_ids', 'weights', 'token_idx']
[01:45:44][chimera14:5555] expert 43 processing 1 token-expert pairs
[01:45:44][chimera14:5553] expert 31 processing 2 token-expert pairs
[01:45:44][chimera14:5557] expert 62 processing 2 token-expert pairs
[01:45:44][chimera14:5550] expert 5 processing 2 token-expert pairs
[01:45:44][chimera14:5555] expert 47 processing 1 token-expert pairs
[01:45:44][chimera14:5551] expert-agent 1 received request_id=b3be152e-52fe-422a-8722-a6a916cada84 keys=['type', 'request_id', 'layer_idx', 'hidden_states', 'expert_ids', 'weights', 'token_idx']
[01:45:44][chimera14:5556] expert 51 processing 3 token-expert pairs
[01:45:44][chimera14:5552] expert-agent 2 received request_id=6a50fdef-05bc-47f4-9f68-ed8c3ff3d383 keys=['type', 'request_id', 'layer_idx', 'hidden_states', 'expert_ids', 'weights', 'token_idx']
[01:45:44][chimera14:5550] expert 6 processing 1 token-expert pairs
[01:45:44][chimera14:5557] expert 63 processing 1 token-expert pairs
[01:45:44][chimera14:5551] expert 8 processing 1 token-expert pairs
[01:45:44][chimera14:5555] expert-agent 5 sending response: response_id=RES_1b812f77-4be5-4437-b147-75212db8408a latency_ms=5.76
[01:45:44][chimera14:5556] expert 52 processing 1 token-expert pairs
[01:45:44][chimera14:5550] expert 7 processing 1 token-expert pairs
[01:45:44][chimera14:5554] expert-agent 4 received request_id=3e05bf19-b4d3-46dc-bfbf-4e42675dcad6 keys=['type', 'request_id', 'layer_idx', 'hidden_states', 'expert_ids', 'weights', 'token_idx']
[01:45:44][chimera14:5553] expert-agent 3 sending response: response_id=RES_61ea23d2-a60e-499d-afb1-60529421d805 latency_ms=16.23
[01:45:44][chimera14:5552] expert 21 processing 2 token-expert pairs
[01:45:44][chimera14:5551] expert 13 processing 3 token-expert pairs
[01:45:45][chimera14:5556] expert 53 processing 1 token-expert pairs
[01:45:45][chimera14:5557] expert-agent 7 sending response: response_id=RES_116f0e43-2df3-4c6a-97f0-f6af16257474 latency_ms=16.31
[01:45:45][chimera14:5554] expert 38 processing 1 token-expert pairs
[01:45:45][chimera14:5556] expert 55 processing 3 token-expert pairs
[01:45:45][chimera14:5552] expert 22 processing 2 token-expert pairs
[01:45:45][chimera14:5550] expert-agent 0 sending response: response_id=RES_63fe8df1-381b-4c52-bbad-accf21123941 latency_ms=15.42
[01:45:45][chimera14:5551] expert 14 processing 1 token-expert pairs
[01:45:45][chimera14:5554] expert-agent 4 sending response: response_id=RES_3e05bf19-b4d3-46dc-bfbf-4e42675dcad6 latency_ms=3.04
[01:45:45][chimera14:5551] expert-agent 1 sending response: response_id=RES_b3be152e-52fe-422a-8722-a6a916cada84 latency_ms=11.07
[01:45:45][chimera14:5552] expert-agent 2 sending response: response_id=RES_6a50fdef-05bc-47f4-9f68-ed8c3ff3d383 latency_ms=10.05
[01:45:45][chimera14:5556] expert-agent 6 sending response: response_id=RES_9b192acc-f2d0-4080-9efd-b609352e3d58 latency_ms=16.78
[01:45:45][chimera14:5556] expert-agent 6 received request_id=aed92e75-dfc3-4fd6-afe6-5424092bfbaa keys=['type', 'request_id', 'layer_idx', 'hidden_states', 'expert_ids', 'weights', 'token_idx']
[01:45:45][chimera14:5552] expert-agent 2 received request_id=98542e26-15ff-4bc3-b629-09403dcaf4c4 keys=['type', 'request_id', 'layer_idx', 'hidden_states', 'expert_ids', 'weights', 'token_idx']
[01:45:45][chimera14:5556] expert 48 processing 1 token-expert pairs
[01:45:45][chimera14:5550] expert-agent 0 received request_id=af425f33-d4b3-488e-ac35-e50262437d9f keys=['type', 'request_id', 'layer_idx', 'hidden_states', 'expert_ids', 'weights', 'token_idx']
[01:45:45][chimera14:5556] expert 49 processing 4 token-expert pairs
[01:45:45][chimera14:5552] expert 17 processing 2 token-expert pairs
[01:45:45][chimera14:5555] expert-agent 5 received request_id=faf1bc62-dd34-4991-a754-95bcd3385378 keys=['type', 'request_id', 'layer_idx', 'hidden_states', 'expert_ids', 'weights', 'token_idx']
[01:45:45][chimera14:5550] expert 1 processing 2 token-expert pairs
[01:45:45][chimera14:5551] expert-agent 1 received request_id=536bf104-0d1c-4578-8405-9f1cee781815 keys=['type', 'request_id', 'layer_idx', 'hidden_states', 'expert_ids', 'weights', 'token_idx']
[01:45:45][chimera14:5552] expert 18 processing 2 token-expert pairs
[01:45:45][chimera14:5556] expert 55 processing 1 token-expert pairs
[01:45:45][chimera14:5555] expert 40 processing 4 token-expert pairs
[01:45:45][chimera14:5557] expert-agent 7 received request_id=99e0bef7-0ff4-4bfa-b8a3-66480d8d6693 keys=['type', 'request_id', 'layer_idx', 'hidden_states', 'expert_ids', 'weights', 'token_idx']
[01:45:45][chimera14:5551] expert 8 processing 1 token-expert pairs
[01:45:45][chimera14:5552] expert 23 processing 5 token-expert pairs
[01:45:45][chimera14:5550] expert-agent 0 sending response: response_id=RES_af425f33-d4b3-488e-ac35-e50262437d9f latency_ms=5.23
[01:45:45][chimera14:5556] expert-agent 6 sending response: response_id=RES_aed92e75-dfc3-4fd6-afe6-5424092bfbaa latency_ms=12.86
[01:45:45][chimera14:5551] expert 9 processing 1 token-expert pairs
[01:45:45][chimera14:5554] expert-agent 4 received request_id=e884e49d-dad2-47b3-b9be-cea8bd6917eb keys=['type', 'request_id', 'layer_idx', 'hidden_states', 'expert_ids', 'weights', 'token_idx']
[01:45:45][chimera14:5557] expert 58 processing 1 token-expert pairs
[01:45:45][chimera14:5555] expert 43 processing 1 token-expert pairs
[01:45:45][chimera14:5553] expert-agent 3 received request_id=f534d65f-8853-48f1-91b4-7c48b481313c keys=['type', 'request_id', 'layer_idx', 'hidden_states', 'expert_ids', 'weights', 'token_idx']
[01:45:45][chimera14:5557] expert 59 processing 3 token-expert pairs
[01:45:45][chimera14:5555] expert 44 processing 1 token-expert pairs
[01:45:45][chimera14:5554] expert 33 processing 3 token-expert pairs
[01:45:45][chimera14:5551] expert-agent 1 sending response: response_id=RES_536bf104-0d1c-4578-8405-9f1cee781815 latency_ms=6.06
[01:45:45][chimera14:5552] expert-agent 2 sending response: response_id=RES_98542e26-15ff-4bc3-b629-09403dcaf4c4 latency_ms=16.36
[01:45:45][chimera14:5553] expert 26 processing 1 token-expert pairs
[01:45:45][chimera14:5557] expert 62 processing 2 token-expert pairs
[01:45:45][chimera14:5554] expert 36 processing 3 token-expert pairs
[01:45:45][chimera14:5555] expert-agent 5 sending response: response_id=RES_faf1bc62-dd34-4991-a754-95bcd3385378 latency_ms=12.87
[01:45:45][chimera14:5553] expert 29 processing 1 token-expert pairs
[01:45:45][chimera14:5554] expert 39 processing 1 token-expert pairs
[01:45:45][chimera14:5553] expert-agent 3 sending response: response_id=RES_f534d65f-8853-48f1-91b4-7c48b481313c latency_ms=6.00
[01:45:45][chimera14:5557] expert-agent 7 sending response: response_id=RES_99e0bef7-0ff4-4bfa-b8a3-66480d8d6693 latency_ms=13.52
[01:45:45][chimera14:5554] expert-agent 4 sending response: response_id=RES_e884e49d-dad2-47b3-b9be-cea8bd6917eb latency_ms=13.55
[01:45:45][chimera14:5552] expert-agent 2 received request_id=8db37fdb-82c1-46c3-94b3-57f789a17589 keys=['type', 'request_id', 'layer_idx', 'hidden_states', 'expert_ids', 'weights', 'token_idx']
[01:45:45][chimera14:5555] expert-agent 5 received request_id=f2921ac7-0abb-479b-bc2b-0f51769784ab keys=['type', 'request_id', 'layer_idx', 'hidden_states', 'expert_ids', 'weights', 'token_idx']
[01:45:45][chimera14:5552] expert 21 processing 2 token-expert pairs
[01:45:45][chimera14:5550] expert-agent 0 received request_id=dd23901b-3a07-486c-84bf-f5a59d5ee0b7 keys=['type', 'request_id', 'layer_idx', 'hidden_states', 'expert_ids', 'weights', 'token_idx']
[01:45:45][chimera14:5555] expert 41 processing 1 token-expert pairs
[01:45:45][chimera14:5552] expert 23 processing 2 token-expert pairs
[01:45:45][chimera14:5551] expert-agent 1 received request_id=73da2f25-0fc0-4c42-82c7-2dd3573c1167 keys=['type', 'request_id', 'layer_idx', 'hidden_states', 'expert_ids', 'weights', 'token_idx']
[01:45:45][chimera14:5555] expert 45 processing 3 token-expert pairs
[01:45:45][chimera14:5550] expert 0 processing 1 token-expert pairs
[01:45:45][chimera14:5554] expert-agent 4 received request_id=8104778c-31c7-49f9-a1a6-c91c6351b358 keys=['type', 'request_id', 'layer_idx', 'hidden_states', 'expert_ids', 'weights', 'token_idx']
[01:45:45][chimera14:5550] expert 1 processing 4 token-expert pairs
[01:45:45][chimera14:5551] expert 12 processing 1 token-expert pairs
[01:45:45][chimera14:5555] expert 46 processing 1 token-expert pairs
[01:45:45][chimera14:5557] expert-agent 7 received request_id=9ea2532c-dcf3-4557-89e2-4b06a5bd2b04 keys=['type', 'request_id', 'layer_idx', 'hidden_states', 'expert_ids', 'weights', 'token_idx']
[01:45:45][chimera14:5551] expert 13 processing 4 token-expert pairs
[01:45:45][chimera14:5554] expert 33 processing 3 token-expert pairs
[01:45:45][chimera14:5550] expert 2 processing 1 token-expert pairs
[01:45:45][chimera14:5556] expert-agent 6 received request_id=ba3e6e5a-a8a2-46e1-b29c-496e4d852dfe keys=['type', 'request_id', 'layer_idx', 'hidden_states', 'expert_ids', 'weights', 'token_idx']
[01:45:45][chimera14:5557] expert 56 processing 2 token-expert pairs
[01:45:45][chimera14:5555] expert-agent 5 sending response: response_id=RES_f2921ac7-0abb-479b-bc2b-0f51769784ab latency_ms=11.69
[01:45:45][chimera14:5553] expert-agent 3 received request_id=004532b2-8427-43eb-831d-148735880e44 keys=['type', 'request_id', 'layer_idx', 'hidden_states', 'expert_ids', 'weights', 'token_idx']
[01:45:45][chimera14:5554] expert 35 processing 1 token-expert pairs
[01:45:45][chimera14:5556] expert 48 processing 2 token-expert pairs
[01:45:45][chimera14:5557] expert 58 processing 2 token-expert pairs
[01:45:45][chimera14:5554] expert 36 processing 1 token-expert pairs
[01:45:45][chimera14:5550] expert-agent 0 sending response: response_id=RES_dd23901b-3a07-486c-84bf-f5a59d5ee0b7 latency_ms=12.14
[01:45:45][chimera14:5551] expert-agent 1 sending response: response_id=RES_73da2f25-0fc0-4c42-82c7-2dd3573c1167 latency_ms=9.07
[01:45:45][chimera14:5553] expert 25 processing 1 token-expert pairs
[01:45:45][chimera14:5552] expert-agent 2 sending response: response_id=RES_8db37fdb-82c1-46c3-94b3-57f789a17589 latency_ms=21.86
[01:45:45][chimera14:5556] expert 54 processing 2 token-expert pairs
[01:45:45][chimera14:5554] expert 37 processing 1 token-expert pairs
[01:45:45][chimera14:5553] expert 31 processing 1 token-expert pairs
[01:45:45][chimera14:5557] expert 59 processing 1 token-expert pairs
[01:45:45][chimera14:5554] expert 39 processing 3 token-expert pairs
[01:45:45][chimera14:5553] expert-agent 3 sending response: response_id=RES_004532b2-8427-43eb-831d-148735880e44 latency_ms=6.17
[01:45:45][chimera14:5556] expert-agent 6 sending response: response_id=RES_ba3e6e5a-a8a2-46e1-b29c-496e4d852dfe latency_ms=10.39
[01:45:45][chimera14:5557] expert-agent 7 sending response: response_id=RES_9ea2532c-dcf3-4557-89e2-4b06a5bd2b04 latency_ms=13.17
[01:45:45][chimera14:5554] expert-agent 4 sending response: response_id=RES_8104778c-31c7-49f9-a1a6-c91c6351b358 latency_ms=19.71
[01:45:45][chimera14:5552] expert-agent 2 received request_id=1a5518f9-df3f-4287-9e59-ac72844ceece keys=['type', 'request_id', 'layer_idx', 'hidden_states', 'expert_ids', 'weights', 'token_idx']
[01:45:45][chimera14:5550] expert-agent 0 received request_id=226cb415-40fb-4ec6-ba9f-73343f0da283 keys=['type', 'request_id', 'layer_idx', 'hidden_states', 'expert_ids', 'weights', 'token_idx']
[01:45:45][chimera14:5552] expert 18 processing 3 token-expert pairs
[01:45:45][chimera14:5553] expert-agent 3 received request_id=22aa2944-e0d8-4621-a8e0-4d3603c8b905 keys=['type', 'request_id', 'layer_idx', 'hidden_states', 'expert_ids', 'weights', 'token_idx']
[01:45:45][chimera14:5550] expert 1 processing 3 token-expert pairs
[01:45:45][chimera14:5552] expert 22 processing 1 token-expert pairs
[01:45:45][chimera14:5554] expert-agent 4 received request_id=380b3c50-29d2-4399-acb6-98487e1226f9 keys=['type', 'request_id', 'layer_idx', 'hidden_states', 'expert_ids', 'weights', 'token_idx']
[01:45:45][chimera14:5553] expert 26 processing 1 token-expert pairs
[01:45:45][chimera14:5557] expert-agent 7 received request_id=0f246d0d-28f8-4fc2-b74e-f1086b328510 keys=['type', 'request_id', 'layer_idx', 'hidden_states', 'expert_ids', 'weights', 'token_idx']
[01:45:45][chimera14:5550] expert 6 processing 1 token-expert pairs
[01:45:45][chimera14:5554] expert 32 processing 4 token-expert pairs
[01:45:45][chimera14:5553] expert 29 processing 3 token-expert pairs
[01:45:45][chimera14:5552] expert-agent 2 sending response: response_id=RES_1a5518f9-df3f-4287-9e59-ac72844ceece latency_ms=8.61
[01:45:45][chimera14:5556] expert-agent 6 received request_id=9fb7a96f-b9fd-42b1-bff4-3059f1345f1e keys=['type', 'request_id', 'layer_idx', 'hidden_states', 'expert_ids', 'weights', 'token_idx']
[01:45:45][chimera14:5550] expert 7 processing 4 token-expert pairs
[01:45:45][chimera14:5557] expert 59 processing 1 token-expert pairs
[01:45:45][chimera14:5551] expert-agent 1 received request_id=5bf5c02d-d9f4-4920-900c-79013857e57d keys=['type', 'request_id', 'layer_idx', 'hidden_states', 'expert_ids', 'weights', 'token_idx']
[01:45:45][chimera14:5553] expert 30 processing 2 token-expert pairs
[01:45:45][chimera14:5554] expert 33 processing 1 token-expert pairs
[01:45:45][chimera14:5557] expert 60 processing 3 token-expert pairs
[01:45:45][chimera14:5556] expert 51 processing 2 token-expert pairs
[01:45:45][chimera14:5554] expert 35 processing 2 token-expert pairs
[01:45:45][chimera14:5551] expert 10 processing 2 token-expert pairs
[01:45:45][chimera14:5553] expert 31 processing 1 token-expert pairs
[01:45:45][chimera14:5557] expert 61 processing 1 token-expert pairs
[01:45:45][chimera14:5556] expert 52 processing 1 token-expert pairs
[01:45:45][chimera14:5550] expert-agent 0 sending response: response_id=RES_226cb415-40fb-4ec6-ba9f-73343f0da283 latency_ms=14.95
[01:45:45][chimera14:5557] expert 62 processing 2 token-expert pairs
[01:45:45][chimera14:5556] expert 55 processing 1 token-expert pairs
[01:45:45][chimera14:5551] expert 12 processing 1 token-expert pairs
[01:45:45][chimera14:5554] expert-agent 4 sending response: response_id=RES_380b3c50-29d2-4399-acb6-98487e1226f9 latency_ms=13.99
[01:45:45][chimera14:5553] expert-agent 3 sending response: response_id=RES_22aa2944-e0d8-4621-a8e0-4d3603c8b905 latency_ms=17.32
[01:45:45][chimera14:5556] expert-agent 6 sending response: response_id=RES_9fb7a96f-b9fd-42b1-bff4-3059f1345f1e latency_ms=11.00
[01:45:45][chimera14:5551] expert-agent 1 sending response: response_id=RES_5bf5c02d-d9f4-4920-900c-79013857e57d latency_ms=7.90
[01:45:45][chimera14:5557] expert-agent 7 sending response: response_id=RES_0f246d0d-28f8-4fc2-b74e-f1086b328510 latency_ms=16.39
[01:45:45][chimera14:5551] expert-agent 1 received request_id=2b1bbee3-00ae-4818-bf11-f9609c527f2b keys=['type', 'request_id', 'layer_idx', 'hidden_states', 'expert_ids', 'weights', 'token_idx']
[01:45:45][chimera14:5555] expert-agent 5 received request_id=0e8aea21-3e71-4106-89cf-5463c36ca2e7 keys=['type', 'request_id', 'layer_idx', 'hidden_states', 'expert_ids', 'weights', 'token_idx']
[01:45:45][chimera14:5551] expert 8 processing 2 token-expert pairs
[01:45:45][chimera14:5552] expert-agent 2 received request_id=01edf325-1659-434a-a63e-6128ce231810 keys=['type', 'request_id', 'layer_idx', 'hidden_states', 'expert_ids', 'weights', 'token_idx']
[01:45:45][chimera14:5555] expert 42 processing 3 token-expert pairs
[01:45:45][chimera14:5551] expert 9 processing 1 token-expert pairs
[01:45:45][chimera14:5557] expert-agent 7 received request_id=d7a8f86e-9ee4-4874-8aa5-1f52c7cfde20 keys=['type', 'request_id', 'layer_idx', 'hidden_states', 'expert_ids', 'weights', 'token_idx']
[01:45:45][chimera14:5552] expert 16 processing 2 token-expert pairs
[01:45:45][chimera14:5551] expert 12 processing 3 token-expert pairs
[01:45:45][chimera14:5550] expert-agent 0 received request_id=0551419e-125c-416d-a9cf-bc8afe7111f3 keys=['type', 'request_id', 'layer_idx', 'hidden_states', 'expert_ids', 'weights', 'token_idx']
[01:45:45][chimera14:5557] expert 57 processing 1 token-expert pairs
[01:45:45][chimera14:5552] expert 18 processing 2 token-expert pairs
[01:45:45][chimera14:5551] expert 13 processing 3 token-expert pairs
[01:45:45][chimera14:5554] expert-agent 4 received request_id=cdeaf48c-0237-4d5c-9a6e-b3640a9ed695 keys=['type', 'request_id', 'layer_idx', 'hidden_states', 'expert_ids', 'weights', 'token_idx']
[01:45:45][chimera14:5555] expert-agent 5 sending response: response_id=RES_0e8aea21-3e71-4106-89cf-5463c36ca2e7 latency_ms=5.47
[01:45:45][chimera14:5557] expert 61 processing 2 token-expert pairs
[01:45:45][chimera14:5550] expert 4 processing 1 token-expert pairs
[01:45:45][chimera14:5553] expert-agent 3 received request_id=c62302b3-818b-4f4a-818d-14fa25c177e6 keys=['type', 'request_id', 'layer_idx', 'hidden_states', 'expert_ids', 'weights', 'token_idx']
[01:45:45][chimera14:5550] expert 6 processing 1 token-expert pairs
[01:45:45][chimera14:5552] expert 20 processing 1 token-expert pairs
[01:45:45][chimera14:5554] expert 34 processing 1 token-expert pairs
[01:45:45][chimera14:5557] expert 63 processing 1 token-expert pairs
[01:45:45][chimera14:5556] expert-agent 6 received request_id=d7f98c4a-e919-4073-8046-57e57ab13a49 keys=['type', 'request_id', 'layer_idx', 'hidden_states', 'expert_ids', 'weights', 'token_idx']
[01:45:45][chimera14:5552] expert 21 processing 2 token-expert pairs
[01:45:45][chimera14:5554] expert 37 processing 1 token-expert pairs
[01:45:45][chimera14:5553] expert 24 processing 2 token-expert pairs
[01:45:45][chimera14:5551] expert-agent 1 sending response: response_id=RES_2b1bbee3-00ae-4818-bf11-f9609c527f2b latency_ms=18.07
[01:45:45][chimera14:5554] expert 39 processing 2 token-expert pairs
[01:45:45][chimera14:5550] expert-agent 0 sending response: response_id=RES_0551419e-125c-416d-a9cf-bc8afe7111f3 latency_ms=5.89
[01:45:45][chimera14:5556] expert 48 processing 1 token-expert pairs
[01:45:45][chimera14:5557] expert-agent 7 sending response: response_id=RES_d7a8f86e-9ee4-4874-8aa5-1f52c7cfde20 latency_ms=10.82
[01:45:45][chimera14:5553] expert 26 processing 1 token-expert pairs
[01:45:45][chimera14:5556] expert 49 processing 1 token-expert pairs
[01:45:45][chimera14:5552] expert-agent 2 sending response: response_id=RES_01edf325-1659-434a-a63e-6128ce231810 latency_ms=17.49
[01:45:45][chimera14:5553] expert 28 processing 1 token-expert pairs
[01:45:45][chimera14:5556] expert 52 processing 2 token-expert pairs
[01:45:45][chimera14:5554] expert-agent 4 sending response: response_id=RES_cdeaf48c-0237-4d5c-9a6e-b3640a9ed695 latency_ms=10.78
[01:45:45][chimera14:5553] expert-agent 3 sending response: response_id=RES_c62302b3-818b-4f4a-818d-14fa25c177e6 latency_ms=10.91
[01:45:45][chimera14:5556] expert 54 processing 3 token-expert pairs
[01:45:45][chimera14:5556] expert-agent 6 sending response: response_id=RES_d7f98c4a-e919-4073-8046-57e57ab13a49 latency_ms=16.47
[01:45:45][chimera14:5550] expert-agent 0 received request_id=eb20436f-0b16-4cec-8381-aaf8af68853e keys=['type', 'request_id', 'layer_idx', 'hidden_states', 'expert_ids', 'weights', 'token_idx']
[01:45:45][chimera14:5555] expert-agent 5 received request_id=f909c6a7-84b9-4464-88bf-7e219edf58eb keys=['type', 'request_id', 'layer_idx', 'hidden_states', 'expert_ids', 'weights', 'token_idx']
[01:45:45][chimera14:5550] expert 2 processing 1 token-expert pairs
[01:45:45][chimera14:5557] expert-agent 7 received request_id=5107643b-3344-4038-8637-e8f7d0e31735 keys=['type', 'request_id', 'layer_idx', 'hidden_states', 'expert_ids', 'weights', 'token_idx']
[01:45:45][chimera14:5550] expert 4 processing 3 token-expert pairs
[01:45:45][chimera14:5555] expert 43 processing 2 token-expert pairs
[01:45:45][chimera14:5553] expert-agent 3 received request_id=2313d61d-8e20-4df8-a24a-aa74941f06f1 keys=['type', 'request_id', 'layer_idx', 'hidden_states', 'expert_ids', 'weights', 'token_idx']
[01:45:45][chimera14:5557] expert 57 processing 2 token-expert pairs
[01:45:45][chimera14:5550] expert 6 processing 3 token-expert pairs
[01:45:45][chimera14:5555] expert 44 processing 2 token-expert pairs
[01:45:45][chimera14:5554] expert-agent 4 received request_id=87a7cc00-0c8d-47c6-bc54-3d0ec86e3644 keys=['type', 'request_id', 'layer_idx', 'hidden_states', 'expert_ids', 'weights', 'token_idx']
[01:45:45][chimera14:5553] expert 24 processing 1 token-expert pairs
[01:45:45][chimera14:5557] expert 59 processing 3 token-expert pairs
[01:45:45][chimera14:5555] expert 46 processing 1 token-expert pairs
[01:45:45][chimera14:5552] expert-agent 2 received request_id=91cb0035-0c91-47a7-9ad8-bd53684f8497 keys=['type', 'request_id', 'layer_idx', 'hidden_states', 'expert_ids', 'weights', 'token_idx']
[01:45:45][chimera14:5553] expert 26 processing 1 token-expert pairs
[01:45:45][chimera14:5554] expert 34 processing 1 token-expert pairs
[01:45:45][chimera14:5553] expert 28 processing 1 token-expert pairs
[01:45:45][chimera14:5554] expert 35 processing 1 token-expert pairs
[01:45:45][chimera14:5556] expert-agent 6 received request_id=178e85c2-b86a-4dfe-9fbb-c524fcf1d333 keys=['type', 'request_id', 'layer_idx', 'hidden_states', 'expert_ids', 'weights', 'token_idx']
[01:45:45][chimera14:5550] expert-agent 0 sending response: response_id=RES_eb20436f-0b16-4cec-8381-aaf8af68853e latency_ms=13.57
[01:45:45][chimera14:5552] expert 17 processing 1 token-expert pairs
[01:45:45][chimera14:5555] expert-agent 5 sending response: response_id=RES_f909c6a7-84b9-4464-88bf-7e219edf58eb latency_ms=12.30
[01:45:45][chimera14:5554] expert 38 processing 2 token-expert pairs
[01:45:45][chimera14:5553] expert 30 processing 3 token-expert pairs
[01:45:45][chimera14:5551] expert-agent 1 received request_id=1a49ef8b-6d51-4b43-9408-e716dcc202ca keys=['type', 'request_id', 'layer_idx', 'hidden_states', 'expert_ids', 'weights', 'token_idx']
[01:45:45][chimera14:5552] expert 20 processing 2 token-expert pairs
[01:45:45][chimera14:5557] expert-agent 7 sending response: response_id=RES_5107643b-3344-4038-8637-e8f7d0e31735 latency_ms=10.60
[01:45:45][chimera14:5556] expert 48 processing 3 token-expert pairs
[01:45:45][chimera14:5553] expert 31 processing 1 token-expert pairs
[01:45:45][chimera14:5551] expert 12 processing 1 token-expert pairs
[01:45:45][chimera14:5552] expert 21 processing 1 token-expert pairs
[01:45:45][chimera14:5556] expert 50 processing 1 token-expert pairs
[01:45:45][chimera14:5551] expert 14 processing 1 token-expert pairs
[01:45:45][chimera14:5554] expert-agent 4 sending response: response_id=RES_87a7cc00-0c8d-47c6-bc54-3d0ec86e3644 latency_ms=10.90
[01:45:45][chimera14:5552] expert 23 processing 1 token-expert pairs
[01:45:45][chimera14:5551] expert 15 processing 1 token-expert pairs
[01:45:45][chimera14:5553] expert-agent 3 sending response: response_id=RES_2313d61d-8e20-4df8-a24a-aa74941f06f1 latency_ms=17.67
[01:45:45][chimera14:5556] expert-agent 6 sending response: response_id=RES_178e85c2-b86a-4dfe-9fbb-c524fcf1d333 latency_ms=8.53
[01:45:45][chimera14:5552] expert-agent 2 sending response: response_id=RES_91cb0035-0c91-47a7-9ad8-bd53684f8497 latency_ms=13.89
[01:45:45][chimera14:5551] expert-agent 1 sending response: response_id=RES_1a49ef8b-6d51-4b43-9408-e716dcc202ca latency_ms=8.47
[01:45:45][chimera14:5557] expert-agent 7 received request_id=1984c722-d556-4bfe-b467-ba6335d36654 keys=['type', 'request_id', 'layer_idx', 'hidden_states', 'expert_ids', 'weights', 'token_idx']
[01:45:45][chimera14:5557] expert 56 processing 3 token-expert pairs
[01:45:45][chimera14:5554] expert-agent 4 received request_id=aedc774c-2f8b-42c2-938a-27d7b4903339 keys=['type', 'request_id', 'layer_idx', 'hidden_states', 'expert_ids', 'weights', 'token_idx']
[01:45:45][chimera14:5556] expert-agent 6 received request_id=7896d3e6-64fb-483e-8976-153e3c173aeb keys=['type', 'request_id', 'layer_idx', 'hidden_states', 'expert_ids', 'weights', 'token_idx']
[01:45:45][chimera14:5554] expert 33 processing 3 token-expert pairs
[01:45:45][chimera14:5557] expert 58 processing 1 token-expert pairs
[01:45:45][chimera14:5551] expert-agent 1 received request_id=079fbce2-3891-4fc9-95f0-852e34347800 keys=['type', 'request_id', 'layer_idx', 'hidden_states', 'expert_ids', 'weights', 'token_idx']
[01:45:45][chimera14:5556] expert 51 processing 2 token-expert pairs
[01:45:45][chimera14:5554] expert 36 processing 1 token-expert pairs
[01:45:45][chimera14:5555] expert-agent 5 received request_id=cfa3dbcc-5db2-42da-aed2-5a4cd1570f75 keys=['type', 'request_id', 'layer_idx', 'hidden_states', 'expert_ids', 'weights', 'token_idx']
[01:45:45][chimera14:5557] expert-agent 7 sending response: response_id=RES_1984c722-d556-4bfe-b467-ba6335d36654 latency_ms=8.53
[01:45:45][chimera14:5551] expert 8 processing 1 token-expert pairs
[01:45:45][chimera14:5554] expert 37 processing 3 token-expert pairs
[01:45:45][chimera14:5556] expert 52 processing 2 token-expert pairs
[01:45:45][chimera14:5552] expert-agent 2 received request_id=874721be-e259-47c1-adeb-9be32dceee50 keys=['type', 'request_id', 'layer_idx', 'hidden_states', 'expert_ids', 'weights', 'token_idx']
[01:45:45][chimera14:5551] expert 10 processing 1 token-expert pairs
[01:45:45][chimera14:5555] expert 40 processing 1 token-expert pairs
[01:45:45][chimera14:5551] expert 13 processing 1 token-expert pairs
[01:45:45][chimera14:5554] expert 38 processing 1 token-expert pairs
[01:45:45][chimera14:5553] expert-agent 3 received request_id=b33d2f2b-6134-42c3-b468-a55cec043a5f keys=['type', 'request_id', 'layer_idx', 'hidden_states', 'expert_ids', 'weights', 'token_idx']
[01:45:45][chimera14:5552] expert 16 processing 1 token-expert pairs
[01:45:45][chimera14:5555] expert 44 processing 2 token-expert pairs
[01:45:45][chimera14:5551] expert 14 processing 4 token-expert pairs
[01:45:45][chimera14:5554] expert 39 processing 1 token-expert pairs
[01:45:45][chimera14:5552] expert 17 processing 1 token-expert pairs
[01:45:45][chimera14:5550] expert-agent 0 received request_id=a0b2b4a2-27b6-402d-a495-53a21760cf81 keys=['type', 'request_id', 'layer_idx', 'hidden_states', 'expert_ids', 'weights', 'token_idx']
[01:45:45][chimera14:5556] expert-agent 6 sending response: response_id=RES_7896d3e6-64fb-483e-8976-153e3c173aeb latency_ms=9.50
[01:45:45][chimera14:5553] expert 26 processing 1 token-expert pairs
[01:45:45][chimera14:5552] expert 22 processing 2 token-expert pairs
[01:45:45][chimera14:5555] expert 46 processing 1 token-expert pairs
[01:45:45][chimera14:5553] expert 28 processing 2 token-expert pairs
[01:45:45][chimera14:5550] expert 2 processing 1 token-expert pairs
[01:45:45][chimera14:5553] expert 29 processing 1 token-expert pairs
[01:45:45][chimera14:5550] expert 7 processing 2 token-expert pairs
[01:45:45][chimera14:5553] expert 31 processing 1 token-expert pairs
[01:45:45][chimera14:5554] expert-agent 4 sending response: response_id=RES_aedc774c-2f8b-42c2-938a-27d7b4903339 latency_ms=18.83
[01:45:45][chimera14:5551] expert-agent 1 sending response: response_id=RES_079fbce2-3891-4fc9-95f0-852e34347800 latency_ms=14.01
[01:45:45][chimera14:5555] expert-agent 5 sending response: response_id=RES_cfa3dbcc-5db2-42da-aed2-5a4cd1570f75 latency_ms=10.63
[01:45:45][chimera14:5552] expert-agent 2 sending response: response_id=RES_874721be-e259-47c1-adeb-9be32dceee50 latency_ms=10.76
[01:45:45][chimera14:5550] expert-agent 0 sending response: response_id=RES_a0b2b4a2-27b6-402d-a495-53a21760cf81 latency_ms=7.90
[01:45:45][chimera14:5553] expert-agent 3 sending response: response_id=RES_b33d2f2b-6134-42c3-b468-a55cec043a5f latency_ms=14.00
[01:45:45][chimera14:5557] expert-agent 7 received request_id=5e40299d-399a-422b-8366-bed557b46bc1 keys=['type', 'request_id', 'layer_idx', 'hidden_states', 'expert_ids', 'weights', 'token_idx']
[01:45:45][chimera14:5556] expert-agent 6 received request_id=ebf3c006-f0d8-4b2c-b70d-79ae84f7c239 keys=['type', 'request_id', 'layer_idx', 'hidden_states', 'expert_ids', 'weights', 'token_idx']
[01:45:45][chimera14:5557] expert 58 processing 3 token-expert pairs
[01:45:45][chimera14:5550] expert-agent 0 received request_id=a221ccfb-d326-4aed-801a-da7e2ac228ee keys=['type', 'request_id', 'layer_idx', 'hidden_states', 'expert_ids', 'weights', 'token_idx']
[01:45:45][chimera14:5556] expert 48 processing 1 token-expert pairs
[01:45:45][chimera14:5557] expert 59 processing 2 token-expert pairs
[01:45:45][chimera14:5552] expert-agent 2 received request_id=1f60369a-3996-4f6a-a01c-ed307e7c0208 keys=['type', 'request_id', 'layer_idx', 'hidden_states', 'expert_ids', 'weights', 'token_idx']
[01:45:45][chimera14:5556] expert 49 processing 2 token-expert pairs
[01:45:45][chimera14:5550] expert 3 processing 1 token-expert pairs
[01:45:45][chimera14:5551] expert-agent 1 received request_id=435e37b7-1762-4791-aad4-2cfc803b6186 keys=['type', 'request_id', 'layer_idx', 'hidden_states', 'expert_ids', 'weights', 'token_idx']
[01:45:45][chimera14:5550] expert 6 processing 3 token-expert pairs
[01:45:45][chimera14:5557] expert 63 processing 1 token-expert pairs
[01:45:45][chimera14:5552] expert 17 processing 1 token-expert pairs
[01:45:45][chimera14:5556] expert 51 processing 1 token-expert pairs
[01:45:45][chimera14:5554] expert-agent 4 received request_id=aa19b788-39a0-4b50-b1a6-5a04f7f61f42 keys=['type', 'request_id', 'layer_idx', 'hidden_states', 'expert_ids', 'weights', 'token_idx']
[01:45:45][chimera14:5552] expert 22 processing 1 token-expert pairs
[01:45:45][chimera14:5556] expert 54 processing 3 token-expert pairs
[01:45:45][chimera14:5551] expert 9 processing 2 token-expert pairs
[01:45:45][chimera14:5555] expert-agent 5 received request_id=7f093235-65a7-4c5b-ab0b-24a9a80c8a15 keys=['type', 'request_id', 'layer_idx', 'hidden_states', 'expert_ids', 'weights', 'token_idx']
[01:45:45][chimera14:5552] expert 23 processing 3 token-expert pairs
[01:45:45][chimera14:5557] expert-agent 7 sending response: response_id=RES_5e40299d-399a-422b-8366-bed557b46bc1 latency_ms=13.21
[01:45:45][chimera14:5554] expert 32 processing 2 token-expert pairs
[01:45:45][chimera14:5550] expert-agent 0 sending response: response_id=RES_a221ccfb-d326-4aed-801a-da7e2ac228ee latency_ms=8.33
[01:45:45][chimera14:5553] expert-agent 3 received request_id=b5377d03-008f-41c1-b7f4-d47e051f31bc keys=['type', 'request_id', 'layer_idx', 'hidden_states', 'expert_ids', 'weights', 'token_idx']
[01:45:45][chimera14:5551] expert 10 processing 1 token-expert pairs
[01:45:45][chimera14:5555] expert 44 processing 1 token-expert pairs
[01:45:45][chimera14:5554] expert 36 processing 1 token-expert pairs
[01:45:45][chimera14:5551] expert 12 processing 1 token-expert pairs
[01:45:45][chimera14:5555] expert 45 processing 1 token-expert pairs
[01:45:45][chimera14:5553] expert 29 processing 2 token-expert pairs
[01:45:45][chimera14:5554] expert 39 processing 1 token-expert pairs
[01:45:45][chimera14:5556] expert-agent 6 sending response: response_id=RES_ebf3c006-f0d8-4b2c-b70d-79ae84f7c239 latency_ms=16.14
[01:45:45][chimera14:5551] expert 13 processing 2 token-expert pairs
[01:45:45][chimera14:5552] expert-agent 2 sending response: response_id=RES_1f60369a-3996-4f6a-a01c-ed307e7c0208 latency_ms=11.21
[01:45:45][chimera14:5553] expert 30 processing 1 token-expert pairs
[01:45:45][chimera14:5555] expert-agent 5 sending response: response_id=RES_7f093235-65a7-4c5b-ab0b-24a9a80c8a15 latency_ms=5.64
[01:45:45][chimera14:5551] expert 15 processing 2 token-expert pairs
[01:45:45][chimera14:5554] expert-agent 4 sending response: response_id=RES_aa19b788-39a0-4b50-b1a6-5a04f7f61f42 latency_ms=10.28
[01:45:45][chimera14:5553] expert 31 processing 1 token-expert pairs
[01:45:45][chimera14:5553] expert-agent 3 sending response: response_id=RES_b5377d03-008f-41c1-b7f4-d47e051f31bc latency_ms=11.00
[01:45:45][chimera14:5551] expert-agent 1 sending response: response_id=RES_435e37b7-1762-4791-aad4-2cfc803b6186 latency_ms=20.09
[01:45:45][chimera14:5550] expert-agent 0 received request_id=eae6262c-026a-42af-a0e1-c2c3ee31f025 keys=['type', 'request_id', 'layer_idx', 'hidden_states', 'expert_ids', 'weights', 'token_idx']
[01:45:45][chimera14:5551] expert-agent 1 received request_id=8c403650-bdb2-4239-96f9-9cb5dd456d0b keys=['type', 'request_id', 'layer_idx', 'hidden_states', 'expert_ids', 'weights', 'token_idx']
[01:45:45][chimera14:5550] expert 1 processing 1 token-expert pairs
[01:45:45][chimera14:5556] expert-agent 6 received request_id=bfb687f6-7e21-46da-bb49-8a77aa493332 keys=['type', 'request_id', 'layer_idx', 'hidden_states', 'expert_ids', 'weights', 'token_idx']
[01:45:45][chimera14:5550] expert 2 processing 1 token-expert pairs
[01:45:45][chimera14:5551] expert 9 processing 5 token-expert pairs
[01:45:45][chimera14:5550] expert 5 processing 3 token-expert pairs
[01:45:45][chimera14:5554] expert-agent 4 received request_id=4b3fc9ed-4b32-4997-9493-530dadf41b61 keys=['type', 'request_id', 'layer_idx', 'hidden_states', 'expert_ids', 'weights', 'token_idx']
[01:45:45][chimera14:5556] expert 49 processing 1 token-expert pairs
[01:45:45][chimera14:5555] expert-agent 5 received request_id=6b8b612e-e1a9-4b6e-82e8-f7da16762b15 keys=['type', 'request_id', 'layer_idx', 'hidden_states', 'expert_ids', 'weights', 'token_idx']
[01:45:45][chimera14:5554] expert 34 processing 1 token-expert pairs
[01:45:45][chimera14:5556] expert 50 processing 2 token-expert pairs
[01:45:45][chimera14:5550] expert 6 processing 1 token-expert pairs
[01:45:45][chimera14:5551] expert 11 processing 3 token-expert pairs
[01:45:45][chimera14:5553] expert-agent 3 received request_id=fdca31fd-e082-4187-b104-7edc1737c4fb keys=['type', 'request_id', 'layer_idx', 'hidden_states', 'expert_ids', 'weights', 'token_idx']
[01:45:45][chimera14:5554] expert 36 processing 1 token-expert pairs
[01:45:45][chimera14:5555] expert 42 processing 1 token-expert pairs
[01:45:45][chimera14:5556] expert 54 processing 2 token-expert pairs
[01:45:45][chimera14:5554] expert 39 processing 1 token-expert pairs
[01:45:45][chimera14:5552] expert-agent 2 received request_id=18c407d0-7a23-4e34-9a36-a63fa6fc5148 keys=['type', 'request_id', 'layer_idx', 'hidden_states', 'expert_ids', 'weights', 'token_idx']
[01:45:45][chimera14:5551] expert 15 processing 1 token-expert pairs
[01:45:45][chimera14:5555] expert 43 processing 1 token-expert pairs
[01:45:45][chimera14:5550] expert-agent 0 sending response: response_id=RES_eae6262c-026a-42af-a0e1-c2c3ee31f025 latency_ms=13.89
[01:45:45][chimera14:5553] expert 26 processing 1 token-expert pairs
[01:45:45][chimera14:5555] expert 45 processing 2 token-expert pairs
[01:45:45][chimera14:5557] expert-agent 7 received request_id=ff735455-c094-4487-95bf-a9d47b509734 keys=['type', 'request_id', 'layer_idx', 'hidden_states', 'expert_ids', 'weights', 'token_idx']
[01:45:45][chimera14:5556] expert 55 processing 3 token-expert pairs
[01:45:45][chimera14:5552] expert 16 processing 3 token-expert pairs
[01:45:45][chimera14:5553] expert 29 processing 1 token-expert pairs
[01:45:45][chimera14:5554] expert-agent 4 sending response: response_id=RES_4b3fc9ed-4b32-4997-9493-530dadf41b61 latency_ms=8.83
[01:45:45][chimera14:5551] expert-agent 1 sending response: response_id=RES_8c403650-bdb2-4239-96f9-9cb5dd456d0b latency_ms=15.91
[01:45:45][chimera14:5557] expert 56 processing 2 token-expert pairs
[01:45:45][chimera14:5553] expert 31 processing 1 token-expert pairs
[01:45:45][chimera14:5555] expert 47 processing 1 token-expert pairs
[01:45:45][chimera14:5557] expert 57 processing 1 token-expert pairs
[01:45:45][chimera14:5552] expert-agent 2 sending response: response_id=RES_18c407d0-7a23-4e34-9a36-a63fa6fc5148 latency_ms=5.83
[01:45:45][chimera14:5553] expert-agent 3 sending response: response_id=RES_fdca31fd-e082-4187-b104-7edc1737c4fb latency_ms=9.10
[01:45:45][chimera14:5555] expert-agent 5 sending response: response_id=RES_6b8b612e-e1a9-4b6e-82e8-f7da16762b15 latency_ms=13.54
[01:45:45][chimera14:5557] expert-agent 7 sending response: response_id=RES_ff735455-c094-4487-95bf-a9d47b509734 latency_ms=8.20
[01:45:45][chimera14:5556] expert-agent 6 sending response: response_id=RES_bfb687f6-7e21-46da-bb49-8a77aa493332 latency_ms=29.22
[01:45:45][chimera14:5557] expert-agent 7 received request_id=c7cf13f2-29ae-4665-aead-5abe70b86e4f keys=['type', 'request_id', 'layer_idx', 'hidden_states', 'expert_ids', 'weights', 'token_idx']
[01:45:45][chimera14:5551] expert-agent 1 received request_id=6fbff239-2dfd-4307-8c30-fa29c6e15400 keys=['type', 'request_id', 'layer_idx', 'hidden_states', 'expert_ids', 'weights', 'token_idx']
[01:45:45][chimera14:5557] expert 56 processing 2 token-expert pairs
[01:45:45][chimera14:5555] expert-agent 5 received request_id=3bb856f6-62b7-41cc-b187-57efae4d36bb keys=['type', 'request_id', 'layer_idx', 'hidden_states', 'expert_ids', 'weights', 'token_idx']
[01:45:45][chimera14:5551] expert 9 processing 3 token-expert pairs
[01:45:45][chimera14:5557] expert 58 processing 1 token-expert pairs
[01:45:45][chimera14:5552] expert-agent 2 received request_id=7330a475-ac5e-4ea2-a425-249df0cdf6ee keys=['type', 'request_id', 'layer_idx', 'hidden_states', 'expert_ids', 'weights', 'token_idx']
[01:45:45][chimera14:5557] expert 60 processing 3 token-expert pairs
[01:45:45][chimera14:5555] expert 42 processing 3 token-expert pairs
[01:45:45][chimera14:5554] expert-agent 4 received request_id=6130e1e5-1568-4340-b116-0cef26355423 keys=['type', 'request_id', 'layer_idx', 'hidden_states', 'expert_ids', 'weights', 'token_idx']
[01:45:45][chimera14:5551] expert 11 processing 3 token-expert pairs
[01:45:45][chimera14:5552] expert 17 processing 1 token-expert pairs
[01:45:45][chimera14:5556] expert-agent 6 received request_id=cc550cd5-b528-4633-8e7b-03311ceef7a8 keys=['type', 'request_id', 'layer_idx', 'hidden_states', 'expert_ids', 'weights', 'token_idx']
[01:45:45][chimera14:5557] expert 63 processing 1 token-expert pairs
[01:45:45][chimera14:5555] expert 43 processing 1 token-expert pairs
[01:45:45][chimera14:5552] expert 22 processing 3 token-expert pairs
[01:45:45][chimera14:5554] expert 33 processing 1 token-expert pairs
[01:45:45][chimera14:5551] expert 12 processing 3 token-expert pairs
[01:45:45][chimera14:5555] expert 44 processing 1 token-expert pairs
[01:45:45][chimera14:5553] expert-agent 3 received request_id=2c7ba11c-6766-4bac-a91e-6118384e97f6 keys=['type', 'request_id', 'layer_idx', 'hidden_states', 'expert_ids', 'weights', 'token_idx']
[01:45:45][chimera14:5554] expert 34 processing 1 token-expert pairs
[01:45:45][chimera14:5556] expert 48 processing 2 token-expert pairs
[01:45:45][chimera14:5555] expert 45 processing 2 token-expert pairs
[01:45:45][chimera14:5554] expert 37 processing 1 token-expert pairs
[01:45:45][chimera14:5557] expert-agent 7 sending response: response_id=RES_c7cf13f2-29ae-4665-aead-5abe70b86e4f latency_ms=16.24
[01:45:45][chimera14:5553] expert 24 processing 1 token-expert pairs
[01:45:45][chimera14:5556] expert 54 processing 1 token-expert pairs
[01:45:45][chimera14:5555] expert 46 processing 1 token-expert pairs
[01:45:45][chimera14:5552] expert-agent 2 sending response: response_id=RES_7330a475-ac5e-4ea2-a425-249df0cdf6ee latency_ms=8.80
[01:45:45][chimera14:5551] expert-agent 1 sending response: response_id=RES_6fbff239-2dfd-4307-8c30-fa29c6e15400 latency_ms=16.33
[01:45:45][chimera14:5553] expert 28 processing 4 token-expert pairs
[01:45:45][chimera14:5554] expert-agent 4 sending response: response_id=RES_6130e1e5-1568-4340-b116-0cef26355423 latency_ms=8.91
[01:45:45][chimera14:5556] expert-agent 6 sending response: response_id=RES_cc550cd5-b528-4633-8e7b-03311ceef7a8 latency_ms=7.88
[01:45:45][chimera14:5555] expert-agent 5 sending response: response_id=RES_3bb856f6-62b7-41cc-b187-57efae4d36bb latency_ms=18.97
[01:45:45][chimera14:5553] expert 30 processing 1 token-expert pairs
[01:45:45][chimera14:5553] expert-agent 3 sending response: response_id=RES_2c7ba11c-6766-4bac-a91e-6118384e97f6 latency_ms=13.16
[01:45:45][chimera14:5551] expert-agent 1 received request_id=012e1c08-0665-4019-b4d9-9476bafdd4f6 keys=['type', 'request_id', 'layer_idx', 'hidden_states', 'expert_ids', 'weights', 'token_idx']
[01:45:45][chimera14:5557] expert-agent 7 received request_id=0b04483b-f2a7-4166-a8fe-04df963a73e3 keys=['type', 'request_id', 'layer_idx', 'hidden_states', 'expert_ids', 'weights', 'token_idx']
[01:45:45][chimera14:5551] expert 9 processing 1 token-expert pairs
[01:45:45][chimera14:5553] expert-agent 3 received request_id=a35dfb97-cd55-443d-8580-1e663d9ea993 keys=['type', 'request_id', 'layer_idx', 'hidden_states', 'expert_ids', 'weights', 'token_idx']
[01:45:45][chimera14:5551] expert 12 processing 2 token-expert pairs
[01:45:45][chimera14:5557] expert 58 processing 2 token-expert pairs
[01:45:45][chimera14:5556] expert-agent 6 received request_id=6e47a543-b765-478e-a05a-f1606c0c0ca3 keys=['type', 'request_id', 'layer_idx', 'hidden_states', 'expert_ids', 'weights', 'token_idx']
[01:45:45][chimera14:5553] expert 24 processing 3 token-expert pairs
[01:45:45][chimera14:5551] expert 15 processing 2 token-expert pairs
[01:45:45][chimera14:5557] expert 60 processing 2 token-expert pairs
[01:45:45][chimera14:5555] expert-agent 5 received request_id=6b11a1b5-a494-4dbc-b497-626e6a9a04fd keys=['type', 'request_id', 'layer_idx', 'hidden_states', 'expert_ids', 'weights', 'token_idx']
[01:45:45][chimera14:5556] expert 50 processing 1 token-expert pairs
[01:45:45][chimera14:5553] expert 25 processing 1 token-expert pairs
[01:45:45][chimera14:5550] expert-agent 0 received request_id=322de24e-1a14-4485-8f06-ddcc09bbee29 keys=['type', 'request_id', 'layer_idx', 'hidden_states', 'expert_ids', 'weights', 'token_idx']
[01:45:45][chimera14:5557] expert 61 processing 1 token-expert pairs
[01:45:45][chimera14:5556] expert 51 processing 3 token-expert pairs
[01:45:45][chimera14:5555] expert 40 processing 2 token-expert pairs
[01:45:45][chimera14:5553] expert 28 processing 1 token-expert pairs
[01:45:45][chimera14:5557] expert 62 processing 1 token-expert pairs
[01:45:45][chimera14:5552] expert-agent 2 received request_id=d4bcffa2-a787-4974-9bec-55d9906c1edd keys=['type', 'request_id', 'layer_idx', 'hidden_states', 'expert_ids', 'weights', 'token_idx']
[01:45:45][chimera14:5553] expert 29 processing 1 token-expert pairs
[01:45:45][chimera14:5551] expert-agent 1 sending response: response_id=RES_012e1c08-0665-4019-b4d9-9476bafdd4f6 latency_ms=12.16
[01:45:45][chimera14:5557] expert 63 processing 1 token-expert pairs
[01:45:45][chimera14:5556] expert 52 processing 4 token-expert pairs
[01:45:45][chimera14:5555] expert 47 processing 1 token-expert pairs
[01:45:45][chimera14:5550] expert 1 processing 1 token-expert pairs
[01:45:45][chimera14:5550] expert 2 processing 1 token-expert pairs
[01:45:45][chimera14:5550] expert 3 processing 2 token-expert pairs
[01:45:45][chimera14:5554] expert-agent 4 received request_id=ed386fa6-4dd2-483b-b8e4-e41916cfe2b2 keys=['type', 'request_id', 'layer_idx', 'hidden_states', 'expert_ids', 'weights', 'token_idx']
[01:45:45][chimera14:5552] expert 18 processing 1 token-expert pairs
[01:45:45][chimera14:5552] expert 22 processing 1 token-expert pairs
[01:45:45][chimera14:5550] expert 4 processing 1 token-expert pairs
[01:45:45][chimera14:5553] expert-agent 3 sending response: response_id=RES_a35dfb97-cd55-443d-8580-1e663d9ea993 latency_ms=14.57
[01:45:45][chimera14:5557] expert-agent 7 sending response: response_id=RES_0b04483b-f2a7-4166-a8fe-04df963a73e3 latency_ms=18.58
[01:45:45][chimera14:5555] expert-agent 5 sending response: response_id=RES_6b11a1b5-a494-4dbc-b497-626e6a9a04fd latency_ms=7.78
[01:45:45][chimera14:5550] expert 7 processing 1 token-expert pairs
[01:45:45][chimera14:5556] expert-agent 6 sending response: response_id=RES_6e47a543-b765-478e-a05a-f1606c0c0ca3 latency_ms=14.18
[01:45:45][chimera14:5554] expert 33 processing 1 token-expert pairs
[01:45:45][chimera14:5554] expert 38 processing 1 token-expert pairs
[01:45:45][chimera14:5552] expert-agent 2 sending response: response_id=RES_d4bcffa2-a787-4974-9bec-55d9906c1edd latency_ms=6.05
[01:45:45][chimera14:5550] expert-agent 0 sending response: response_id=RES_322de24e-1a14-4485-8f06-ddcc09bbee29 latency_ms=16.16
[01:45:45][chimera14:5554] expert 39 processing 1 token-expert pairs
[01:45:45][chimera14:5554] expert-agent 4 sending response: response_id=RES_ed386fa6-4dd2-483b-b8e4-e41916cfe2b2 latency_ms=8.46
[01:45:45][chimera14:5557] expert-agent 7 received request_id=5b3b33c4-550e-48ee-a9ea-330c7c4b912a keys=['type', 'request_id', 'layer_idx', 'hidden_states', 'expert_ids', 'weights', 'token_idx']
[01:45:45][chimera14:5551] expert-agent 1 received request_id=3f83f10c-7e0d-447e-a235-d488e7d3c07a keys=['type', 'request_id', 'layer_idx', 'hidden_states', 'expert_ids', 'weights', 'token_idx']
[01:45:45][chimera14:5557] expert 56 processing 3 token-expert pairs
[01:45:45][chimera14:5550] expert-agent 0 received request_id=b64b32f2-9acd-47ef-bfeb-86260c2a0b5a keys=['type', 'request_id', 'layer_idx', 'hidden_states', 'expert_ids', 'weights', 'token_idx']
[01:45:45][chimera14:5551] expert 8 processing 3 token-expert pairs
[01:45:45][chimera14:5555] expert-agent 5 received request_id=3bf3f917-74a8-49f8-a3b8-bea974984649 keys=['type', 'request_id', 'layer_idx', 'hidden_states', 'expert_ids', 'weights', 'token_idx']
[01:45:45][chimera14:5557] expert 57 processing 1 token-expert pairs
[01:45:45][chimera14:5550] expert 6 processing 5 token-expert pairs
[01:45:45][chimera14:5557] expert 60 processing 1 token-expert pairs
[01:45:45][chimera14:5554] expert-agent 4 received request_id=4e592f7b-3e04-4e75-b5b8-7f937d1c095e keys=['type', 'request_id', 'layer_idx', 'hidden_states', 'expert_ids', 'weights', 'token_idx']
[01:45:45][chimera14:5551] expert 13 processing 1 token-expert pairs
[01:45:45][chimera14:5555] expert 42 processing 1 token-expert pairs
[01:45:45][chimera14:5557] expert 61 processing 3 token-expert pairs
[01:45:45][chimera14:5553] expert-agent 3 received request_id=33136699-3b37-4a74-9523-8e01d39fa3b2 keys=['type', 'request_id', 'layer_idx', 'hidden_states', 'expert_ids', 'weights', 'token_idx']
[01:45:45][chimera14:5551] expert 14 processing 2 token-expert pairs
[01:45:45][chimera14:5555] expert 43 processing 1 token-expert pairs
[01:45:45][chimera14:5554] expert 33 processing 1 token-expert pairs
[01:45:45][chimera14:5550] expert 7 processing 1 token-expert pairs
[01:45:45][chimera14:5556] expert-agent 6 received request_id=11f14ec1-e7e5-46ea-8e8b-91276970dafb keys=['type', 'request_id', 'layer_idx', 'hidden_states', 'expert_ids', 'weights', 'token_idx']
[01:45:45][chimera14:5554] expert 39 processing 3 token-expert pairs
[01:45:45][chimera14:5551] expert 15 processing 1 token-expert pairs
[01:45:45][chimera14:5557] expert 62 processing 2 token-expert pairs
[01:45:45][chimera14:5553] expert 24 processing 1 token-expert pairs
[01:45:45][chimera14:5552] expert-agent 2 received request_id=cfd61e83-d430-4b86-9d9a-a0f4b0b4ef92 keys=['type', 'request_id', 'layer_idx', 'hidden_states', 'expert_ids', 'weights', 'token_idx']
[01:45:45][chimera14:5555] expert-agent 5 sending response: response_id=RES_3bf3f917-74a8-49f8-a3b8-bea974984649 latency_ms=5.82
[01:45:45][chimera14:5556] expert 48 processing 1 token-expert pairs
[01:45:45][chimera14:5553] expert 30 processing 2 token-expert pairs
[01:45:45][chimera14:5550] expert-agent 0 sending response: response_id=RES_b64b32f2-9acd-47ef-bfeb-86260c2a0b5a latency_ms=10.64
[01:45:45][chimera14:5557] expert 63 processing 4 token-expert pairs
[01:45:45][chimera14:5556] expert 52 processing 3 token-expert pairs
[01:45:45][chimera14:5552] expert 17 processing 1 token-expert pairs
[01:45:45][chimera14:5551] expert-agent 1 sending response: response_id=RES_3f83f10c-7e0d-447e-a235-d488e7d3c07a latency_ms=16.13
[01:45:45][chimera14:5554] expert-agent 4 sending response: response_id=RES_4e592f7b-3e04-4e75-b5b8-7f937d1c095e latency_ms=8.50
[01:45:45][chimera14:5553] expert 31 processing 3 token-expert pairs
[01:45:45][chimera14:5552] expert 23 processing 3 token-expert pairs
[01:45:45][chimera14:5556] expert 53 processing 1 token-expert pairs
[01:45:45][chimera14:5557] expert-agent 7 sending response: response_id=RES_5b3b33c4-550e-48ee-a9ea-330c7c4b912a latency_ms=28.23
[01:45:45][chimera14:5552] expert-agent 2 sending response: response_id=RES_cfd61e83-d430-4b86-9d9a-a0f4b0b4ef92 latency_ms=8.40
[01:45:45][chimera14:5553] expert-agent 3 sending response: response_id=RES_33136699-3b37-4a74-9523-8e01d39fa3b2 latency_ms=15.10
[01:45:45][chimera14:5556] expert-agent 6 sending response: response_id=RES_11f14ec1-e7e5-46ea-8e8b-91276970dafb latency_ms=11.61
[01:45:45][chimera14:5552] expert-agent 2 received request_id=cb5b53da-98cd-405a-a869-a7203fb5282f keys=['type', 'request_id', 'layer_idx', 'hidden_states', 'expert_ids', 'weights', 'token_idx']
[01:45:45][chimera14:5551] expert-agent 1 received request_id=fd4a8512-4fb0-4ad3-bbc3-c3e148cd38fb keys=['type', 'request_id', 'layer_idx', 'hidden_states', 'expert_ids', 'weights', 'token_idx']
[01:45:45][chimera14:5552] expert 16 processing 1 token-expert pairs
[01:45:45][chimera14:5555] expert-agent 5 received request_id=84db6394-7059-4a31-83e3-8b4f2f22ca67 keys=['type', 'request_id', 'layer_idx', 'hidden_states', 'expert_ids', 'weights', 'token_idx']
[01:45:45][chimera14:5551] expert 11 processing 2 token-expert pairs
[01:45:45][chimera14:5552] expert 18 processing 6 token-expert pairs
[01:45:45][chimera14:5554] expert-agent 4 received request_id=06cad0e5-1bf9-4d77-9e42-0cfbf18e8155 keys=['type', 'request_id', 'layer_idx', 'hidden_states', 'expert_ids', 'weights', 'token_idx']
[01:45:45][chimera14:5555] expert 41 processing 1 token-expert pairs
[01:45:45][chimera14:5551] expert 13 processing 1 token-expert pairs
[01:45:45][chimera14:5550] expert-agent 0 received request_id=5e914b70-9ad6-40df-b57d-eb4e20c6578c keys=['type', 'request_id', 'layer_idx', 'hidden_states', 'expert_ids', 'weights', 'token_idx']
[01:45:45][chimera14:5554] expert 35 processing 1 token-expert pairs
[01:45:45][chimera14:5555] expert 45 processing 1 token-expert pairs
[01:45:45][chimera14:5552] expert 22 processing 1 token-expert pairs
[01:45:45][chimera14:5554] expert 39 processing 1 token-expert pairs
[01:45:45][chimera14:5556] expert-agent 6 received request_id=b797f3bc-41d2-402d-807b-cbbd7a650a1c keys=['type', 'request_id', 'layer_idx', 'hidden_states', 'expert_ids', 'weights', 'token_idx']
[01:45:45][chimera14:5555] expert 46 processing 1 token-expert pairs
[01:45:45][chimera14:5550] expert 0 processing 1 token-expert pairs
[01:45:45][chimera14:5552] expert 23 processing 1 token-expert pairs
[01:45:45][chimera14:5551] expert-agent 1 sending response: response_id=RES_fd4a8512-4fb0-4ad3-bbc3-c3e148cd38fb latency_ms=7.78
[01:45:45][chimera14:5555] expert 47 processing 1 token-expert pairs
[01:45:45][chimera14:5553] expert-agent 3 received request_id=622c4723-aad9-4d4e-9223-ab94a9742fad keys=['type', 'request_id', 'layer_idx', 'hidden_states', 'expert_ids', 'weights', 'token_idx']
[01:45:45][chimera14:5556] expert 52 processing 1 token-expert pairs
[01:45:45][chimera14:5550] expert 1 processing 4 token-expert pairs
[01:45:45][chimera14:5554] expert-agent 4 sending response: response_id=RES_06cad0e5-1bf9-4d77-9e42-0cfbf18e8155 latency_ms=5.95
[01:45:45][chimera14:5556] expert 53 processing 1 token-expert pairs
[01:45:45][chimera14:5557] expert-agent 7 received request_id=de73e7e1-1e2f-48eb-8549-2375c51e20a4 keys=['type', 'request_id', 'layer_idx', 'hidden_states', 'expert_ids', 'weights', 'token_idx']
[01:45:45][chimera14:5552] expert-agent 2 sending response: response_id=RES_cb5b53da-98cd-405a-a869-a7203fb5282f latency_ms=16.93
[01:45:45][chimera14:5553] expert 24 processing 3 token-expert pairs
[01:45:45][chimera14:5555] expert-agent 5 sending response: response_id=RES_84db6394-7059-4a31-83e3-8b4f2f22ca67 latency_ms=11.60
[01:45:45][chimera14:5550] expert 3 processing 1 token-expert pairs
[01:45:45][chimera14:5550] expert 4 processing 1 token-expert pairs
[01:45:45][chimera14:5557] expert 57 processing 1 token-expert pairs
[01:45:45][chimera14:5556] expert-agent 6 sending response: response_id=RES_b797f3bc-41d2-402d-807b-cbbd7a650a1c latency_ms=5.78
[01:45:45][chimera14:5553] expert 25 processing 1 token-expert pairs
[01:45:45][chimera14:5550] expert 7 processing 3 token-expert pairs
[01:45:45][chimera14:5557] expert 60 processing 4 token-expert pairs
[01:45:45][chimera14:5553] expert 27 processing 2 token-expert pairs
[01:45:45][chimera14:5553] expert 29 processing 3 token-expert pairs
[01:45:45][chimera14:5557] expert 62 processing 2 token-expert pairs
[01:45:45][chimera14:5550] expert-agent 0 sending response: response_id=RES_5e914b70-9ad6-40df-b57d-eb4e20c6578c latency_ms=20.07
[01:45:45][chimera14:5557] expert 63 processing 2 token-expert pairs
[01:45:45][chimera14:5553] expert-agent 3 sending response: response_id=RES_622c4723-aad9-4d4e-9223-ab94a9742fad latency_ms=18.74
[01:45:45][chimera14:5557] expert-agent 7 sending response: response_id=RES_de73e7e1-1e2f-48eb-8549-2375c51e20a4 latency_ms=19.28
[01:45:45][chimera14:5553] expert-agent 3 received request_id=5d862c0e-9134-4a38-8003-b8384cb367db keys=['type', 'request_id', 'layer_idx', 'hidden_states', 'expert_ids', 'weights', 'token_idx']
[01:45:45][chimera14:5554] expert-agent 4 received request_id=dafd1ff1-823f-4051-aa2d-98c63e7b2fce keys=['type', 'request_id', 'layer_idx', 'hidden_states', 'expert_ids', 'weights', 'token_idx']
[01:45:45][chimera14:5553] expert 24 processing 3 token-expert pairs
[01:45:45][chimera14:5557] expert-agent 7 received request_id=4087f7e8-0b3b-44d5-b2f2-0054ed5e5dfc keys=['type', 'request_id', 'layer_idx', 'hidden_states', 'expert_ids', 'weights', 'token_idx']
[01:45:45][chimera14:5554] expert 32 processing 1 token-expert pairs
[01:45:45][chimera14:5555] expert-agent 5 received request_id=006b310f-00ff-4255-951c-649601f4a589 keys=['type', 'request_id', 'layer_idx', 'hidden_states', 'expert_ids', 'weights', 'token_idx']
[01:45:45][chimera14:5553] expert 28 processing 2 token-expert pairs
[01:45:45][chimera14:5554] expert 33 processing 1 token-expert pairs
[01:45:45][chimera14:5557] expert 59 processing 2 token-expert pairs
[01:45:45][chimera14:5552] expert-agent 2 received request_id=cb1b1658-aa36-4280-a0c7-750fa5cd17f5 keys=['type', 'request_id', 'layer_idx', 'hidden_states', 'expert_ids', 'weights', 'token_idx']
[01:45:45][chimera14:5554] expert 34 processing 1 token-expert pairs
[01:45:45][chimera14:5555] expert 40 processing 1 token-expert pairs
[01:45:45][chimera14:5553] expert 30 processing 3 token-expert pairs
[01:45:45][chimera14:5554] expert 35 processing 1 token-expert pairs
[01:45:45][chimera14:5550] expert-agent 0 received request_id=f894be35-890c-48f6-be47-34fbcc193975 keys=['type', 'request_id', 'layer_idx', 'hidden_states', 'expert_ids', 'weights', 'token_idx']
[01:45:45][chimera14:5555] expert 45 processing 1 token-expert pairs
[01:45:45][chimera14:5557] expert 60 processing 3 token-expert pairs
[01:45:45][chimera14:5552] expert 19 processing 1 token-expert pairs
[01:45:45][chimera14:5554] expert 39 processing 1 token-expert pairs
[01:45:45][chimera14:5551] expert-agent 1 received request_id=6207a47a-f73e-4e13-975a-5975a7c90866 keys=['type', 'request_id', 'layer_idx', 'hidden_states', 'expert_ids', 'weights', 'token_idx']
[01:45:45][chimera14:5552] expert 20 processing 1 token-expert pairs
[01:45:45][chimera14:5550] expert 0 processing 1 token-expert pairs
[01:45:45][chimera14:5557] expert 62 processing 3 token-expert pairs
[01:45:45][chimera14:5556] expert-agent 6 received request_id=eb366b8a-d88f-4d54-aec4-ba7d895f243a keys=['type', 'request_id', 'layer_idx', 'hidden_states', 'expert_ids', 'weights', 'token_idx']
[01:45:45][chimera14:5552] expert 22 processing 3 token-expert pairs
[01:45:45][chimera14:5550] expert 3 processing 3 token-expert pairs
[01:45:45][chimera14:5555] expert-agent 5 sending response: response_id=RES_006b310f-00ff-4255-951c-649601f4a589 latency_ms=5.89
[01:45:45][chimera14:5553] expert-agent 3 sending response: response_id=RES_5d862c0e-9134-4a38-8003-b8384cb367db latency_ms=16.10
[01:45:45][chimera14:5551] expert 8 processing 5 token-expert pairs
[01:45:45][chimera14:5554] expert-agent 4 sending response: response_id=RES_dafd1ff1-823f-4051-aa2d-98c63e7b2fce latency_ms=14.31
[01:45:45][chimera14:5557] expert 63 processing 3 token-expert pairs
[01:45:45][chimera14:5556] expert 49 processing 1 token-expert pairs
[01:45:45][chimera14:5556] expert 51 processing 3 token-expert pairs
[01:45:45][chimera14:5551] expert 12 processing 1 token-expert pairs
[01:45:45][chimera14:5550] expert-agent 0 sending response: response_id=RES_f894be35-890c-48f6-be47-34fbcc193975 latency_ms=8.61
[01:45:45][chimera14:5552] expert-agent 2 sending response: response_id=RES_cb1b1658-aa36-4280-a0c7-750fa5cd17f5 latency_ms=12.05
[01:45:45][chimera14:5551] expert 14 processing 3 token-expert pairs
[01:45:45][chimera14:5557] expert-agent 7 sending response: response_id=RES_4087f7e8-0b3b-44d5-b2f2-0054ed5e5dfc latency_ms=21.69
[01:45:45][chimera14:5556] expert-agent 6 sending response: response_id=RES_eb366b8a-d88f-4d54-aec4-ba7d895f243a latency_ms=8.58
[01:45:45][chimera14:5551] expert-agent 1 sending response: response_id=RES_6207a47a-f73e-4e13-975a-5975a7c90866 latency_ms=15.41
[01:45:45][chimera14:5554] expert-agent 4 received request_id=4938cdd7-c267-4edd-8ff2-6f917feabcae keys=['type', 'request_id', 'layer_idx', 'hidden_states', 'expert_ids', 'weights', 'token_idx']
[01:45:45][chimera14:5557] expert-agent 7 received request_id=360d68a2-a778-4026-83cd-7bd6c0dd3609 keys=['type', 'request_id', 'layer_idx', 'hidden_states', 'expert_ids', 'weights', 'token_idx']
[01:45:45][chimera14:5554] expert 32 processing 1 token-expert pairs
[01:45:45][chimera14:5554] expert 33 processing 1 token-expert pairs
[01:45:46][chimera14:5551] expert-agent 1 received request_id=9bab270b-6ae4-4076-b3c0-323a2aefc777 keys=['type', 'request_id', 'layer_idx', 'hidden_states', 'expert_ids', 'weights', 'token_idx']
[01:45:46][chimera14:5554] expert 39 processing 2 token-expert pairs
[01:45:46][chimera14:5557] expert 56 processing 1 token-expert pairs
[01:45:46][chimera14:5557] expert 61 processing 5 token-expert pairs
[01:45:46][chimera14:5555] expert-agent 5 received request_id=f2bb4209-0eac-400b-8848-7a8425873590 keys=['type', 'request_id', 'layer_idx', 'hidden_states', 'expert_ids', 'weights', 'token_idx']
[01:45:46][chimera14:5551] expert 11 processing 2 token-expert pairs
[01:45:46][chimera14:5557] expert 62 processing 1 token-expert pairs
[01:45:46][chimera14:5551] expert 12 processing 1 token-expert pairs
[01:45:46][chimera14:5554] expert-agent 4 sending response: response_id=RES_4938cdd7-c267-4edd-8ff2-6f917feabcae latency_ms=10.38
[01:45:46][chimera14:5557] expert 63 processing 3 token-expert pairs
[01:45:46][chimera14:5551] expert 14 processing 4 token-expert pairs
[01:45:46][chimera14:5556] expert-agent 6 received request_id=a54a7dff-fa95-44c9-9708-d35232aea8c1 keys=['type', 'request_id', 'layer_idx', 'hidden_states', 'expert_ids', 'weights', 'token_idx']
[01:45:46][chimera14:5555] expert 43 processing 1 token-expert pairs
[01:45:46][chimera14:5551] expert 15 processing 5 token-expert pairs
[01:45:46][chimera14:5555] expert 44 processing 1 token-expert pairs
[01:45:46][chimera14:5555] expert 45 processing 1 token-expert pairs
[01:45:46][chimera14:5556] expert 48 processing 1 token-expert pairs
[01:45:46][chimera14:5553] expert-agent 3 received request_id=6e332a87-cb40-48c7-a08f-091d48464ab3 keys=['type', 'request_id', 'layer_idx', 'hidden_states', 'expert_ids', 'weights', 'token_idx']
[01:45:46][chimera14:5556] expert 51 processing 4 token-expert pairs
[01:45:46][chimera14:5557] expert-agent 7 sending response: response_id=RES_360d68a2-a778-4026-83cd-7bd6c0dd3609 latency_ms=17.47
[01:45:46][chimera14:5556] expert 54 processing 2 token-expert pairs
[01:45:46][chimera14:5552] expert-agent 2 received request_id=c795674d-09ae-43fb-982c-b82119caa6d8 keys=['type', 'request_id', 'layer_idx', 'hidden_states', 'expert_ids', 'weights', 'token_idx']
[01:45:46][chimera14:5553] expert 29 processing 1 token-expert pairs
[01:45:46][chimera14:5553] expert 30 processing 1 token-expert pairs
[01:45:46][chimera14:5551] expert-agent 1 sending response: response_id=RES_9bab270b-6ae4-4076-b3c0-323a2aefc777 latency_ms=19.67
[01:45:46][chimera14:5555] expert-agent 5 sending response: response_id=RES_f2bb4209-0eac-400b-8848-7a8425873590 latency_ms=8.60
[01:45:46][chimera14:5556] expert 55 processing 2 token-expert pairs
[01:45:46][chimera14:5553] expert 31 processing 1 token-expert pairs
[01:45:46][chimera14:5552] expert 19 processing 2 token-expert pairs
[01:45:46][chimera14:5550] expert-agent 0 received request_id=db06737e-2544-4b22-98df-dab0f6305550 keys=['type', 'request_id', 'layer_idx', 'hidden_states', 'expert_ids', 'weights', 'token_idx']
[01:45:46][chimera14:5550] expert 1 processing 1 token-expert pairs
[01:45:46][chimera14:5553] expert-agent 3 sending response: response_id=RES_6e332a87-cb40-48c7-a08f-091d48464ab3 latency_ms=8.60
[01:45:46][chimera14:5556] expert-agent 6 sending response: response_id=RES_a54a7dff-fa95-44c9-9708-d35232aea8c1 latency_ms=17.86
[01:45:46][chimera14:5552] expert 22 processing 2 token-expert pairs
[01:45:46][chimera14:5552] expert 23 processing 2 token-expert pairs
[01:45:46][chimera14:5550] expert-agent 0 sending response: response_id=RES_db06737e-2544-4b22-98df-dab0f6305550 latency_ms=2.92
[01:45:46][chimera14:5552] expert-agent 2 sending response: response_id=RES_c795674d-09ae-43fb-982c-b82119caa6d8 latency_ms=14.19
[01:45:46][chimera14:5553] expert-agent 3 received request_id=010c2c7e-d708-4090-8e87-b022e0c4922f keys=['type', 'request_id', 'layer_idx', 'hidden_states', 'expert_ids', 'weights', 'token_idx']
[01:45:46][chimera14:5551] expert-agent 1 received request_id=8396b221-c7b5-497c-8b4d-2e28f50e6884 keys=['type', 'request_id', 'layer_idx', 'hidden_states', 'expert_ids', 'weights', 'token_idx']
[01:45:46][chimera14:5553] expert 25 processing 1 token-expert pairs
[01:45:46][chimera14:5550] expert-agent 0 received request_id=906636b6-0bc2-4640-bf71-5a2240c67c46 keys=['type', 'request_id', 'layer_idx', 'hidden_states', 'expert_ids', 'weights', 'token_idx']
[01:45:46][chimera14:5553] expert 27 processing 4 token-expert pairs
[01:45:46][chimera14:5551] expert 10 processing 1 token-expert pairs
[01:45:46][chimera14:5557] expert-agent 7 received request_id=c67c9a58-79b3-4a46-a897-09f25702e2e8 keys=['type', 'request_id', 'layer_idx', 'hidden_states', 'expert_ids', 'weights', 'token_idx']
[01:45:46][chimera14:5551] expert 14 processing 1 token-expert pairs
[01:45:46][chimera14:5550] expert 2 processing 4 token-expert pairs
[01:45:46][chimera14:5554] expert-agent 4 received request_id=178a134e-8da0-43cc-9b1e-26d32229869a keys=['type', 'request_id', 'layer_idx', 'hidden_states', 'expert_ids', 'weights', 'token_idx']
[01:45:46][chimera14:5557] expert 59 processing 3 token-expert pairs
[01:45:46][chimera14:5551] expert-agent 1 sending response: response_id=RES_8396b221-c7b5-497c-8b4d-2e28f50e6884 latency_ms=5.59
[01:45:46][chimera14:5553] expert-agent 3 sending response: response_id=RES_010c2c7e-d708-4090-8e87-b022e0c4922f latency_ms=8.94
[01:45:46][chimera14:5550] expert 5 processing 3 token-expert pairs
[01:45:46][chimera14:5552] expert-agent 2 received request_id=2793554b-bffc-43e0-bd52-71ad65fa98c2 keys=['type', 'request_id', 'layer_idx', 'hidden_states', 'expert_ids', 'weights', 'token_idx']
[01:45:46][chimera14:5554] expert 33 processing 5 token-expert pairs
[01:45:46][chimera14:5557] expert 62 processing 1 token-expert pairs
[01:45:46][chimera14:5556] expert-agent 6 received request_id=ab3c45bb-4f01-46bb-b217-5eabecca3849 keys=['type', 'request_id', 'layer_idx', 'hidden_states', 'expert_ids', 'weights', 'token_idx']
[01:45:46][chimera14:5550] expert 6 processing 1 token-expert pairs
[01:45:46][chimera14:5552] expert 16 processing 1 token-expert pairs
[01:45:46][chimera14:5557] expert 63 processing 5 token-expert pairs
[01:45:46][chimera14:5555] expert-agent 5 received request_id=dd4379f0-0cc5-4086-8e52-266b6daa6d8c keys=['type', 'request_id', 'layer_idx', 'hidden_states', 'expert_ids', 'weights', 'token_idx']
[01:45:46][chimera14:5552] expert 23 processing 2 token-expert pairs
[01:45:46][chimera14:5556] expert 48 processing 3 token-expert pairs
[01:45:46][chimera14:5554] expert 34 processing 1 token-expert pairs
[01:45:46][chimera14:5550] expert-agent 0 sending response: response_id=RES_906636b6-0bc2-4640-bf71-5a2240c67c46 latency_ms=14.20
[01:45:46][chimera14:5554] expert 37 processing 1 token-expert pairs
[01:45:46][chimera14:5555] expert 41 processing 4 token-expert pairs
[01:45:46][chimera14:5556] expert 54 processing 1 token-expert pairs
[01:45:46][chimera14:5554] expert 38 processing 2 token-expert pairs
[01:45:46][chimera14:5557] expert-agent 7 sending response: response_id=RES_c67c9a58-79b3-4a46-a897-09f25702e2e8 latency_ms=14.83
[01:45:46][chimera14:5552] expert-agent 2 sending response: response_id=RES_2793554b-bffc-43e0-bd52-71ad65fa98c2 latency_ms=7.85
[01:45:46][chimera14:5555] expert 47 processing 4 token-expert pairs
[01:45:46][chimera14:5556] expert-agent 6 sending response: response_id=RES_ab3c45bb-4f01-46bb-b217-5eabecca3849 latency_ms=8.41
[01:45:46][chimera14:5554] expert-agent 4 sending response: response_id=RES_178a134e-8da0-43cc-9b1e-26d32229869a latency_ms=18.06
[01:45:46][chimera14:5555] expert-agent 5 sending response: response_id=RES_dd4379f0-0cc5-4086-8e52-266b6daa6d8c latency_ms=11.55
[01:45:46][chimera14:5553] expert-agent 3 received request_id=323ca28a-dbcf-4f90-a5a6-c88546fc26d5 keys=['type', 'request_id', 'layer_idx', 'hidden_states', 'expert_ids', 'weights', 'token_idx']
[01:45:46][chimera14:5557] expert-agent 7 received request_id=a4aa89c9-7edc-421a-a023-f129e2fd0a5b keys=['type', 'request_id', 'layer_idx', 'hidden_states', 'expert_ids', 'weights', 'token_idx']
[01:45:46][chimera14:5553] expert 25 processing 1 token-expert pairs
[01:45:46][chimera14:5550] expert-agent 0 received request_id=150019dd-a340-48cb-9b68-baff386cedb8 keys=['type', 'request_id', 'layer_idx', 'hidden_states', 'expert_ids', 'weights', 'token_idx']
[01:45:46][chimera14:5553] expert 26 processing 4 token-expert pairs
[01:45:46][chimera14:5557] expert 58 processing 1 token-expert pairs
[01:45:46][chimera14:5555] expert-agent 5 received request_id=664bc678-f097-44af-8abc-66dd0d7c6eb9 keys=['type', 'request_id', 'layer_idx', 'hidden_states', 'expert_ids', 'weights', 'token_idx']
[01:45:46][chimera14:5550] expert 1 processing 2 token-expert pairs
[01:45:46][chimera14:5557] expert 61 processing 4 token-expert pairs
[01:45:46][chimera14:5556] expert-agent 6 received request_id=42b420ca-58de-4826-a26b-5c64fd75e8f0 keys=['type', 'request_id', 'layer_idx', 'hidden_states', 'expert_ids', 'weights', 'token_idx']
[01:45:46][chimera14:5553] expert 29 processing 1 token-expert pairs
[01:45:46][chimera14:5555] expert 43 processing 1 token-expert pairs
[01:45:46][chimera14:5550] expert 5 processing 2 token-expert pairs
[01:45:46][chimera14:5553] expert 31 processing 3 token-expert pairs
[01:45:46][chimera14:5551] expert-agent 1 received request_id=3d29fadc-b1b2-41ce-a48c-30f75eb2180e keys=['type', 'request_id', 'layer_idx', 'hidden_states', 'expert_ids', 'weights', 'token_idx']
[01:45:46][chimera14:5555] expert 47 processing 1 token-expert pairs
[01:45:46][chimera14:5557] expert 62 processing 2 token-expert pairs
[01:45:46][chimera14:5556] expert 51 processing 4 token-expert pairs
[01:45:46][chimera14:5552] expert-agent 2 received request_id=c812e163-173f-4ab2-9966-807451a6df85 keys=['type', 'request_id', 'layer_idx', 'hidden_states', 'expert_ids', 'weights', 'token_idx']
[01:45:46][chimera14:5550] expert 6 processing 1 token-expert pairs
[01:45:46][chimera14:5551] expert 8 processing 1 token-expert pairs
[01:45:46][chimera14:5557] expert 63 processing 1 token-expert pairs
[01:45:46][chimera14:5555] expert-agent 5 sending response: response_id=RES_664bc678-f097-44af-8abc-66dd0d7c6eb9 latency_ms=5.73
[01:45:46][chimera14:5550] expert 7 processing 1 token-expert pairs
[01:45:46][chimera14:5554] expert-agent 4 received request_id=9c63e389-ba14-4a3b-8202-b50203d30b4a keys=['type', 'request_id', 'layer_idx', 'hidden_states', 'expert_ids', 'weights', 'token_idx']
[01:45:46][chimera14:5551] expert 13 processing 4 token-expert pairs
[01:45:46][chimera14:5556] expert 52 processing 1 token-expert pairs
[01:45:46][chimera14:5552] expert 17 processing 1 token-expert pairs
[01:45:46][chimera14:5553] expert-agent 3 sending response: response_id=RES_323ca28a-dbcf-4f90-a5a6-c88546fc26d5 latency_ms=17.40
[01:45:46][chimera14:5556] expert 53 processing 1 token-expert pairs
[01:45:46][chimera14:5552] expert 21 processing 3 token-expert pairs
[01:45:46][chimera14:5557] expert-agent 7 sending response: response_id=RES_a4aa89c9-7edc-421a-a023-f129e2fd0a5b latency_ms=16.69
[01:45:46][chimera14:5554] expert 38 processing 1 token-expert pairs
[01:45:46][chimera14:5551] expert 14 processing 1 token-expert pairs
[01:45:46][chimera14:5556] expert 55 processing 4 token-expert pairs
[01:45:46][chimera14:5550] expert-agent 0 sending response: response_id=RES_150019dd-a340-48cb-9b68-baff386cedb8 latency_ms=15.76
[01:45:46][chimera14:5552] expert 22 processing 2 token-expert pairs
[01:45:46][chimera14:5554] expert-agent 4 sending response: response_id=RES_9c63e389-ba14-4a3b-8202-b50203d30b4a latency_ms=3.07
[01:45:46][chimera14:5551] expert-agent 1 sending response: response_id=RES_3d29fadc-b1b2-41ce-a48c-30f75eb2180e latency_ms=11.65
[01:45:46][chimera14:5556] expert-agent 6 sending response: response_id=RES_42b420ca-58de-4826-a26b-5c64fd75e8f0 latency_ms=17.76
[01:45:46][chimera14:5552] expert-agent 2 sending response: response_id=RES_c812e163-173f-4ab2-9966-807451a6df85 latency_ms=13.34
[01:45:46][chimera14:5556] expert-agent 6 received request_id=d6229b0b-4844-4887-b48e-2a915a34152f keys=['type', 'request_id', 'layer_idx', 'hidden_states', 'expert_ids', 'weights', 'token_idx']
[01:45:46][chimera14:5552] expert-agent 2 received request_id=198d81e3-66e3-4bf4-8b3b-0e8dfe92ba31 keys=['type', 'request_id', 'layer_idx', 'hidden_states', 'expert_ids', 'weights', 'token_idx']
[01:45:46][chimera14:5556] expert 48 processing 1 token-expert pairs
[01:45:46][chimera14:5550] expert-agent 0 received request_id=3a73aa1a-af29-4697-86be-662b3bf3c5bc keys=['type', 'request_id', 'layer_idx', 'hidden_states', 'expert_ids', 'weights', 'token_idx']
[01:45:46][chimera14:5556] expert 49 processing 5 token-expert pairs
[01:45:46][chimera14:5552] expert 17 processing 2 token-expert pairs
[01:45:46][chimera14:5555] expert-agent 5 received request_id=eb9d6d06-9160-44a7-ac93-4504e500b6b0 keys=['type', 'request_id', 'layer_idx', 'hidden_states', 'expert_ids', 'weights', 'token_idx']
[01:45:46][chimera14:5550] expert 1 processing 2 token-expert pairs
[01:45:46][chimera14:5551] expert-agent 1 received request_id=52271e8e-c6e2-4822-8d16-788ca5500bcb keys=['type', 'request_id', 'layer_idx', 'hidden_states', 'expert_ids', 'weights', 'token_idx']
[01:45:46][chimera14:5552] expert 18 processing 2 token-expert pairs
[01:45:46][chimera14:5556] expert 55 processing 1 token-expert pairs
[01:45:46][chimera14:5555] expert 40 processing 5 token-expert pairs
[01:45:46][chimera14:5557] expert-agent 7 received request_id=7e6e4a38-908c-4683-b35f-2a5e1ef8edcb keys=['type', 'request_id', 'layer_idx', 'hidden_states', 'expert_ids', 'weights', 'token_idx']
[01:45:46][chimera14:5551] expert 8 processing 1 token-expert pairs
[01:45:46][chimera14:5552] expert 22 processing 1 token-expert pairs
[01:45:46][chimera14:5550] expert-agent 0 sending response: response_id=RES_3a73aa1a-af29-4697-86be-662b3bf3c5bc latency_ms=5.14
[01:45:46][chimera14:5554] expert-agent 4 received request_id=a2a844c5-6918-42ee-8c78-543f5cbaa835 keys=['type', 'request_id', 'layer_idx', 'hidden_states', 'expert_ids', 'weights', 'token_idx']
[01:45:46][chimera14:5551] expert 9 processing 1 token-expert pairs
[01:45:46][chimera14:5556] expert-agent 6 sending response: response_id=RES_d6229b0b-4844-4887-b48e-2a915a34152f latency_ms=13.40
[01:45:46][chimera14:5552] expert 23 processing 6 token-expert pairs
[01:45:46][chimera14:5557] expert 58 processing 1 token-expert pairs
[01:45:46][chimera14:5555] expert 43 processing 1 token-expert pairs
[01:45:46][chimera14:5553] expert-agent 3 received request_id=1b16ecd5-a326-4041-b505-bec7fa24a1ae keys=['type', 'request_id', 'layer_idx', 'hidden_states', 'expert_ids', 'weights', 'token_idx']
[01:45:46][chimera14:5557] expert 59 processing 4 token-expert pairs
[01:45:46][chimera14:5555] expert 44 processing 1 token-expert pairs
[01:45:46][chimera14:5554] expert 33 processing 4 token-expert pairs
[01:45:46][chimera14:5551] expert-agent 1 sending response: response_id=RES_52271e8e-c6e2-4822-8d16-788ca5500bcb latency_ms=5.75
[01:45:46][chimera14:5553] expert 26 processing 1 token-expert pairs
[01:45:46][chimera14:5557] expert 62 processing 3 token-expert pairs
[01:45:46][chimera14:5553] expert 29 processing 1 token-expert pairs
[01:45:46][chimera14:5554] expert 36 processing 4 token-expert pairs
[01:45:46][chimera14:5555] expert-agent 5 sending response: response_id=RES_eb9d6d06-9160-44a7-ac93-4504e500b6b0 latency_ms=13.28
[01:45:46][chimera14:5552] expert-agent 2 sending response: response_id=RES_198d81e3-66e3-4bf4-8b3b-0e8dfe92ba31 latency_ms=19.86
[01:45:46][chimera14:5554] expert 39 processing 1 token-expert pairs
[01:45:46][chimera14:5553] expert-agent 3 sending response: response_id=RES_1b16ecd5-a326-4041-b505-bec7fa24a1ae latency_ms=6.10
[01:45:46][chimera14:5557] expert-agent 7 sending response: response_id=RES_7e6e4a38-908c-4683-b35f-2a5e1ef8edcb latency_ms=14.42
[01:45:46][chimera14:5554] expert-agent 4 sending response: response_id=RES_a2a844c5-6918-42ee-8c78-543f5cbaa835 latency_ms=14.47
[01:45:46][chimera14:5552] expert-agent 2 received request_id=deea63e5-4ce3-478b-9990-c7802ce88fc3 keys=['type', 'request_id', 'layer_idx', 'hidden_states', 'expert_ids', 'weights', 'token_idx']
[01:45:46][chimera14:5555] expert-agent 5 received request_id=fd8ec2aa-8061-4e85-9d6b-ad9a03e2d156 keys=['type', 'request_id', 'layer_idx', 'hidden_states', 'expert_ids', 'weights', 'token_idx']
[01:45:46][chimera14:5552] expert 21 processing 2 token-expert pairs
[01:45:46][chimera14:5550] expert-agent 0 received request_id=2f66829f-c745-41bd-9120-c3a89b3888e8 keys=['type', 'request_id', 'layer_idx', 'hidden_states', 'expert_ids', 'weights', 'token_idx']
[01:45:46][chimera14:5555] expert 41 processing 1 token-expert pairs
[01:45:46][chimera14:5552] expert 23 processing 3 token-expert pairs
[01:45:46][chimera14:5551] expert-agent 1 received request_id=873ed34d-ed81-4468-96af-cd2994d05bf5 keys=['type', 'request_id', 'layer_idx', 'hidden_states', 'expert_ids', 'weights', 'token_idx']
[01:45:46][chimera14:5555] expert 45 processing 4 token-expert pairs
[01:45:46][chimera14:5550] expert 0 processing 1 token-expert pairs
[01:45:46][chimera14:5554] expert-agent 4 received request_id=ec62aea3-5f82-45de-bf7a-3fa8efc32121 keys=['type', 'request_id', 'layer_idx', 'hidden_states', 'expert_ids', 'weights', 'token_idx']
[01:45:46][chimera14:5550] expert 1 processing 5 token-expert pairs
[01:45:46][chimera14:5551] expert 12 processing 1 token-expert pairs
[01:45:46][chimera14:5555] expert 46 processing 1 token-expert pairs
[01:45:46][chimera14:5557] expert-agent 7 received request_id=b87e6196-0a24-489f-b09b-9017470803eb keys=['type', 'request_id', 'layer_idx', 'hidden_states', 'expert_ids', 'weights', 'token_idx']
[01:45:46][chimera14:5551] expert 13 processing 5 token-expert pairs
[01:45:46][chimera14:5552] expert-agent 2 sending response: response_id=RES_deea63e5-4ce3-478b-9990-c7802ce88fc3 latency_ms=10.34
[01:45:46][chimera14:5554] expert 33 processing 4 token-expert pairs
[01:45:46][chimera14:5556] expert-agent 6 received request_id=7931a61c-6ff4-43fc-b266-836ef2aa5955 keys=['type', 'request_id', 'layer_idx', 'hidden_states', 'expert_ids', 'weights', 'token_idx']
[01:45:46][chimera14:5550] expert 2 processing 1 token-expert pairs
[01:45:46][chimera14:5557] expert 56 processing 2 token-expert pairs
[01:45:46][chimera14:5555] expert-agent 5 sending response: response_id=RES_fd8ec2aa-8061-4e85-9d6b-ad9a03e2d156 latency_ms=11.38
[01:45:46][chimera14:5553] expert-agent 3 received request_id=cb1bd6ba-d379-4c6e-86a3-298491d9156a keys=['type', 'request_id', 'layer_idx', 'hidden_states', 'expert_ids', 'weights', 'token_idx']
[01:45:46][chimera14:5554] expert 35 processing 2 token-expert pairs
[01:45:46][chimera14:5556] expert 48 processing 3 token-expert pairs
[01:45:46][chimera14:5557] expert 58 processing 2 token-expert pairs
[01:45:46][chimera14:5550] expert-agent 0 sending response: response_id=RES_2f66829f-c745-41bd-9120-c3a89b3888e8 latency_ms=12.21
[01:45:46][chimera14:5551] expert-agent 1 sending response: response_id=RES_873ed34d-ed81-4468-96af-cd2994d05bf5 latency_ms=9.25
[01:45:46][chimera14:5553] expert 25 processing 1 token-expert pairs
[01:45:46][chimera14:5554] expert 36 processing 1 token-expert pairs
[01:45:46][chimera14:5556] expert 54 processing 2 token-expert pairs
[01:45:46][chimera14:5553] expert 31 processing 1 token-expert pairs
[01:45:46][chimera14:5557] expert 59 processing 1 token-expert pairs
[01:45:46][chimera14:5554] expert 37 processing 1 token-expert pairs
[01:45:46][chimera14:5554] expert 39 processing 4 token-expert pairs
[01:45:46][chimera14:5553] expert-agent 3 sending response: response_id=RES_cb1bd6ba-d379-4c6e-86a3-298491d9156a latency_ms=5.73
[01:45:46][chimera14:5557] expert-agent 7 sending response: response_id=RES_b87e6196-0a24-489f-b09b-9017470803eb latency_ms=12.77
[01:45:46][chimera14:5556] expert-agent 6 sending response: response_id=RES_7931a61c-6ff4-43fc-b266-836ef2aa5955 latency_ms=10.41
[01:45:46][chimera14:5554] expert-agent 4 sending response: response_id=RES_ec62aea3-5f82-45de-bf7a-3fa8efc32121 latency_ms=22.31
[01:45:46][chimera14:5552] expert-agent 2 received request_id=95a2326b-1ab8-414f-8501-56ddaa919efc keys=['type', 'request_id', 'layer_idx', 'hidden_states', 'expert_ids', 'weights', 'token_idx']
[01:45:46][chimera14:5550] expert-agent 0 received request_id=423e394a-80bd-4708-938a-ca29c5650ea9 keys=['type', 'request_id', 'layer_idx', 'hidden_states', 'expert_ids', 'weights', 'token_idx']
[01:45:46][chimera14:5552] expert 18 processing 4 token-expert pairs
[01:45:46][chimera14:5553] expert-agent 3 received request_id=d048c0a3-828b-4992-87a5-d441df6f385a keys=['type', 'request_id', 'layer_idx', 'hidden_states', 'expert_ids', 'weights', 'token_idx']
[01:45:46][chimera14:5550] expert 1 processing 4 token-expert pairs
[01:45:46][chimera14:5552] expert 22 processing 1 token-expert pairs
[01:45:46][chimera14:5554] expert-agent 4 received request_id=a2885fd1-8ff7-4925-818f-9d63fd530a86 keys=['type', 'request_id', 'layer_idx', 'hidden_states', 'expert_ids', 'weights', 'token_idx']
[01:45:46][chimera14:5553] expert 26 processing 1 token-expert pairs
[01:45:46][chimera14:5550] expert 6 processing 1 token-expert pairs
[01:45:46][chimera14:5557] expert-agent 7 received request_id=ccc0f13f-da46-4aeb-9601-42c1870b3d52 keys=['type', 'request_id', 'layer_idx', 'hidden_states', 'expert_ids', 'weights', 'token_idx']
[01:45:46][chimera14:5553] expert 29 processing 4 token-expert pairs
[01:45:46][chimera14:5552] expert-agent 2 sending response: response_id=RES_95a2326b-1ab8-414f-8501-56ddaa919efc latency_ms=8.91
[01:45:46][chimera14:5554] expert 32 processing 5 token-expert pairs
[01:45:46][chimera14:5550] expert 7 processing 5 token-expert pairs
[01:45:46][chimera14:5556] expert-agent 6 received request_id=6f6b8183-efa5-4f6f-9d9a-20efe581ac28 keys=['type', 'request_id', 'layer_idx', 'hidden_states', 'expert_ids', 'weights', 'token_idx']
[01:45:46][chimera14:5557] expert 59 processing 2 token-expert pairs
[01:45:46][chimera14:5553] expert 30 processing 2 token-expert pairs
[01:45:46][chimera14:5551] expert-agent 1 received request_id=0ae68722-82b9-4a57-a7a2-dc519cc21a94 keys=['type', 'request_id', 'layer_idx', 'hidden_states', 'expert_ids', 'weights', 'token_idx']
[01:45:46][chimera14:5554] expert 33 processing 1 token-expert pairs
[01:45:46][chimera14:5556] expert 51 processing 2 token-expert pairs
[01:45:46][chimera14:5557] expert 60 processing 4 token-expert pairs
[01:45:46][chimera14:5554] expert 35 processing 3 token-expert pairs
[01:45:46][chimera14:5553] expert 31 processing 1 token-expert pairs
[01:45:46][chimera14:5551] expert 10 processing 2 token-expert pairs
[01:45:46][chimera14:5550] expert-agent 0 sending response: response_id=RES_423e394a-80bd-4708-938a-ca29c5650ea9 latency_ms=15.60
[01:45:46][chimera14:5556] expert 52 processing 1 token-expert pairs
[01:45:46][chimera14:5557] expert 61 processing 1 token-expert pairs
[01:45:46][chimera14:5556] expert 55 processing 1 token-expert pairs
[01:45:46][chimera14:5551] expert 12 processing 1 token-expert pairs
[01:45:46][chimera14:5553] expert-agent 3 sending response: response_id=RES_d048c0a3-828b-4992-87a5-d441df6f385a latency_ms=17.44
[01:45:46][chimera14:5557] expert 62 processing 2 token-expert pairs
[01:45:46][chimera14:5554] expert-agent 4 sending response: response_id=RES_a2885fd1-8ff7-4925-818f-9d63fd530a86 latency_ms=15.30
[01:45:46][chimera14:5556] expert-agent 6 sending response: response_id=RES_6f6b8183-efa5-4f6f-9d9a-20efe581ac28 latency_ms=10.71
[01:45:46][chimera14:5551] expert-agent 1 sending response: response_id=RES_0ae68722-82b9-4a57-a7a2-dc519cc21a94 latency_ms=7.54
[01:45:46][chimera14:5557] expert-agent 7 sending response: response_id=RES_ccc0f13f-da46-4aeb-9601-42c1870b3d52 latency_ms=18.74
[01:45:46][chimera14:5551] expert-agent 1 received request_id=462f9a45-a06f-4b3b-b370-0ac4aaeed6cc keys=['type', 'request_id', 'layer_idx', 'hidden_states', 'expert_ids', 'weights', 'token_idx']
[01:45:46][chimera14:5555] expert-agent 5 received request_id=7405b19f-ca37-4724-9d5a-a5c34f1a820e keys=['type', 'request_id', 'layer_idx', 'hidden_states', 'expert_ids', 'weights', 'token_idx']
[01:45:46][chimera14:5551] expert 8 processing 3 token-expert pairs
[01:45:46][chimera14:5552] expert-agent 2 received request_id=c1dbd9c7-ab58-460a-a129-6173549b6f50 keys=['type', 'request_id', 'layer_idx', 'hidden_states', 'expert_ids', 'weights', 'token_idx']
[01:45:46][chimera14:5555] expert 42 processing 4 token-expert pairs
[01:45:46][chimera14:5551] expert 9 processing 1 token-expert pairs
[01:45:46][chimera14:5557] expert-agent 7 received request_id=e11ac6eb-cf8c-4812-a31e-c026b4c253b0 keys=['type', 'request_id', 'layer_idx', 'hidden_states', 'expert_ids', 'weights', 'token_idx']
[01:45:46][chimera14:5551] expert 12 processing 4 token-expert pairs
[01:45:46][chimera14:5552] expert 16 processing 3 token-expert pairs
[01:45:46][chimera14:5550] expert-agent 0 received request_id=eb136f0f-28cf-4460-8820-93a3b3fe8f43 keys=['type', 'request_id', 'layer_idx', 'hidden_states', 'expert_ids', 'weights', 'token_idx']
[01:45:46][chimera14:5557] expert 57 processing 1 token-expert pairs
[01:45:46][chimera14:5554] expert-agent 4 received request_id=141043e2-9b1b-473a-8cfe-f093bc45f1a0 keys=['type', 'request_id', 'layer_idx', 'hidden_states', 'expert_ids', 'weights', 'token_idx']
[01:45:46][chimera14:5551] expert 13 processing 4 token-expert pairs
[01:45:46][chimera14:5552] expert 18 processing 3 token-expert pairs
[01:45:46][chimera14:5557] expert 61 processing 2 token-expert pairs
[01:45:46][chimera14:5555] expert-agent 5 sending response: response_id=RES_7405b19f-ca37-4724-9d5a-a5c34f1a820e latency_ms=6.12
[01:45:46][chimera14:5550] expert 4 processing 1 token-expert pairs
[01:45:46][chimera14:5553] expert-agent 3 received request_id=3134f7bc-4311-4ee5-aa2b-c3c025283c33 keys=['type', 'request_id', 'layer_idx', 'hidden_states', 'expert_ids', 'weights', 'token_idx']
[01:45:46][chimera14:5550] expert 6 processing 1 token-expert pairs
[01:45:46][chimera14:5554] expert 34 processing 1 token-expert pairs
[01:45:46][chimera14:5557] expert 63 processing 1 token-expert pairs
[01:45:46][chimera14:5552] expert 20 processing 1 token-expert pairs
[01:45:46][chimera14:5556] expert-agent 6 received request_id=0537bb12-41c8-4290-95a8-f6055661e9a7 keys=['type', 'request_id', 'layer_idx', 'hidden_states', 'expert_ids', 'weights', 'token_idx']
[01:45:46][chimera14:5553] expert 24 processing 2 token-expert pairs
[01:45:46][chimera14:5554] expert 37 processing 1 token-expert pairs
[01:45:46][chimera14:5552] expert 21 processing 3 token-expert pairs
[01:45:46][chimera14:5551] expert-agent 1 sending response: response_id=RES_462f9a45-a06f-4b3b-b370-0ac4aaeed6cc latency_ms=19.89
[01:45:46][chimera14:5554] expert 39 processing 2 token-expert pairs
[01:45:46][chimera14:5550] expert-agent 0 sending response: response_id=RES_eb136f0f-28cf-4460-8820-93a3b3fe8f43 latency_ms=6.21
[01:45:46][chimera14:5556] expert 48 processing 1 token-expert pairs
[01:45:46][chimera14:5557] expert-agent 7 sending response: response_id=RES_e11ac6eb-cf8c-4812-a31e-c026b4c253b0 latency_ms=11.32
[01:45:46][chimera14:5553] expert 26 processing 1 token-expert pairs
[01:45:46][chimera14:5556] expert 49 processing 1 token-expert pairs
[01:45:46][chimera14:5553] expert 28 processing 1 token-expert pairs
[01:45:46][chimera14:5556] expert 52 processing 2 token-expert pairs
[01:45:46][chimera14:5552] expert-agent 2 sending response: response_id=RES_c1dbd9c7-ab58-460a-a129-6173549b6f50 latency_ms=19.67
[01:45:46][chimera14:5554] expert-agent 4 sending response: response_id=RES_141043e2-9b1b-473a-8cfe-f093bc45f1a0 latency_ms=11.19
[01:45:46][chimera14:5553] expert-agent 3 sending response: response_id=RES_3134f7bc-4311-4ee5-aa2b-c3c025283c33 latency_ms=11.06
[01:45:46][chimera14:5556] expert 54 processing 4 token-expert pairs
[01:45:46][chimera14:5556] expert-agent 6 sending response: response_id=RES_0537bb12-41c8-4290-95a8-f6055661e9a7 latency_ms=16.91
[01:45:46][chimera14:5550] expert-agent 0 received request_id=6c20494a-afad-4a31-bfc0-bcf130c26278 keys=['type', 'request_id', 'layer_idx', 'hidden_states', 'expert_ids', 'weights', 'token_idx']
[01:45:46][chimera14:5555] expert-agent 5 received request_id=e335290d-2a22-4741-bd16-c8f9ed5e64dd keys=['type', 'request_id', 'layer_idx', 'hidden_states', 'expert_ids', 'weights', 'token_idx']
[01:45:46][chimera14:5550] expert 2 processing 1 token-expert pairs
[01:45:46][chimera14:5557] expert-agent 7 received request_id=afe2c3fb-ffeb-4c59-b27f-56bb55b13ca1 keys=['type', 'request_id', 'layer_idx', 'hidden_states', 'expert_ids', 'weights', 'token_idx']
[01:45:46][chimera14:5555] expert 43 processing 3 token-expert pairs
[01:45:46][chimera14:5550] expert 4 processing 4 token-expert pairs
[01:45:46][chimera14:5553] expert-agent 3 received request_id=20fdcba9-2732-49ec-93fa-82c2d9d019f6 keys=['type', 'request_id', 'layer_idx', 'hidden_states', 'expert_ids', 'weights', 'token_idx']
[01:45:46][chimera14:5557] expert 57 processing 3 token-expert pairs
[01:45:46][chimera14:5555] expert 44 processing 2 token-expert pairs
[01:45:46][chimera14:5554] expert-agent 4 received request_id=f563ac7e-6b09-4a68-97ae-1f98dee1eccf keys=['type', 'request_id', 'layer_idx', 'hidden_states', 'expert_ids', 'weights', 'token_idx']
[01:45:46][chimera14:5550] expert 6 processing 4 token-expert pairs
[01:45:46][chimera14:5553] expert 24 processing 1 token-expert pairs
[01:45:46][chimera14:5552] expert-agent 2 received request_id=614185b0-e1da-4667-94c0-576b6042f012 keys=['type', 'request_id', 'layer_idx', 'hidden_states', 'expert_ids', 'weights', 'token_idx']
[01:45:46][chimera14:5557] expert 59 processing 4 token-expert pairs
[01:45:46][chimera14:5555] expert 46 processing 1 token-expert pairs
[01:45:46][chimera14:5553] expert 26 processing 1 token-expert pairs
[01:45:46][chimera14:5554] expert 34 processing 1 token-expert pairs
[01:45:46][chimera14:5553] expert 28 processing 1 token-expert pairs
[01:45:46][chimera14:5556] expert-agent 6 received request_id=9dcd02ae-3804-446d-a716-005aa7976d43 keys=['type', 'request_id', 'layer_idx', 'hidden_states', 'expert_ids', 'weights', 'token_idx']
[01:45:46][chimera14:5554] expert 35 processing 1 token-expert pairs
[01:45:46][chimera14:5552] expert 17 processing 1 token-expert pairs
[01:45:46][chimera14:5550] expert-agent 0 sending response: response_id=RES_6c20494a-afad-4a31-bfc0-bcf130c26278 latency_ms=14.48
[01:45:46][chimera14:5553] expert 30 processing 4 token-expert pairs
[01:45:46][chimera14:5555] expert-agent 5 sending response: response_id=RES_e335290d-2a22-4741-bd16-c8f9ed5e64dd latency_ms=13.31
[01:45:46][chimera14:5554] expert 38 processing 3 token-expert pairs
[01:45:46][chimera14:5551] expert-agent 1 received request_id=779b59cb-7be7-4cf6-ae86-66820b9f4687 keys=['type', 'request_id', 'layer_idx', 'hidden_states', 'expert_ids', 'weights', 'token_idx']
[01:45:46][chimera14:5552] expert 20 processing 2 token-expert pairs
[01:45:46][chimera14:5556] expert 48 processing 4 token-expert pairs
[01:45:46][chimera14:5557] expert-agent 7 sending response: response_id=RES_afe2c3fb-ffeb-4c59-b27f-56bb55b13ca1 latency_ms=11.68
[01:45:46][chimera14:5553] expert 31 processing 1 token-expert pairs
[01:45:46][chimera14:5552] expert 21 processing 1 token-expert pairs
[01:45:46][chimera14:5551] expert 12 processing 1 token-expert pairs
[01:45:46][chimera14:5556] expert 50 processing 1 token-expert pairs
[01:45:46][chimera14:5552] expert 23 processing 1 token-expert pairs
[01:45:46][chimera14:5551] expert 14 processing 1 token-expert pairs
[01:45:46][chimera14:5551] expert 15 processing 1 token-expert pairs
[01:45:46][chimera14:5554] expert-agent 4 sending response: response_id=RES_f563ac7e-6b09-4a68-97ae-1f98dee1eccf latency_ms=11.45
[01:45:46][chimera14:5553] expert-agent 3 sending response: response_id=RES_20fdcba9-2732-49ec-93fa-82c2d9d019f6 latency_ms=17.95
[01:45:46][chimera14:5556] expert-agent 6 sending response: response_id=RES_9dcd02ae-3804-446d-a716-005aa7976d43 latency_ms=8.88
[01:45:46][chimera14:5552] expert-agent 2 sending response: response_id=RES_614185b0-e1da-4667-94c0-576b6042f012 latency_ms=13.38
[01:45:46][chimera14:5551] expert-agent 1 sending response: response_id=RES_779b59cb-7be7-4cf6-ae86-66820b9f4687 latency_ms=8.21
[01:45:46][chimera14:5557] expert-agent 7 received request_id=dfef432e-6e5d-47b2-bbf8-e72fb47c1b37 keys=['type', 'request_id', 'layer_idx', 'hidden_states', 'expert_ids', 'weights', 'token_idx']
[01:45:46][chimera14:5554] expert-agent 4 received request_id=eb1dc5b3-dff7-469f-8a71-aaf220b5614e keys=['type', 'request_id', 'layer_idx', 'hidden_states', 'expert_ids', 'weights', 'token_idx']
[01:45:46][chimera14:5557] expert 56 processing 4 token-expert pairs
[01:45:46][chimera14:5556] expert-agent 6 received request_id=18ee81f4-e8fa-4e48-8ea1-76ae54abaa72 keys=['type', 'request_id', 'layer_idx', 'hidden_states', 'expert_ids', 'weights', 'token_idx']
[01:45:46][chimera14:5554] expert 33 processing 4 token-expert pairs
[01:45:46][chimera14:5557] expert 58 processing 1 token-expert pairs
[01:45:46][chimera14:5551] expert-agent 1 received request_id=96a590ef-fbf4-4caa-9266-49a5a8453428 keys=['type', 'request_id', 'layer_idx', 'hidden_states', 'expert_ids', 'weights', 'token_idx']
[01:45:46][chimera14:5556] expert 51 processing 3 token-expert pairs
[01:45:46][chimera14:5555] expert-agent 5 received request_id=a17438d3-a403-49d5-a239-794a480cd3c7 keys=['type', 'request_id', 'layer_idx', 'hidden_states', 'expert_ids', 'weights', 'token_idx']
[01:45:46][chimera14:5554] expert 36 processing 1 token-expert pairs
[01:45:46][chimera14:5551] expert 8 processing 1 token-expert pairs
[01:45:46][chimera14:5556] expert 52 processing 3 token-expert pairs
[01:45:46][chimera14:5557] expert-agent 7 sending response: response_id=RES_dfef432e-6e5d-47b2-bbf8-e72fb47c1b37 latency_ms=8.91
[01:45:46][chimera14:5552] expert-agent 2 received request_id=237f5ae5-3589-486e-9c1c-a561f0eba006 keys=['type', 'request_id', 'layer_idx', 'hidden_states', 'expert_ids', 'weights', 'token_idx']
[01:45:46][chimera14:5554] expert 37 processing 4 token-expert pairs
[01:45:46][chimera14:5551] expert 10 processing 2 token-expert pairs
[01:45:46][chimera14:5555] expert 40 processing 1 token-expert pairs
[01:45:46][chimera14:5553] expert-agent 3 received request_id=ed43cc02-e876-456b-a449-bd9b755ca26e keys=['type', 'request_id', 'layer_idx', 'hidden_states', 'expert_ids', 'weights', 'token_idx']
[01:45:46][chimera14:5555] expert 44 processing 2 token-expert pairs
[01:45:46][chimera14:5552] expert 16 processing 1 token-expert pairs
[01:45:46][chimera14:5551] expert 13 processing 1 token-expert pairs
[01:45:46][chimera14:5554] expert 38 processing 1 token-expert pairs
[01:45:46][chimera14:5550] expert-agent 0 received request_id=7401fdb6-9267-4c17-848e-bdf53d64d634 keys=['type', 'request_id', 'layer_idx', 'hidden_states', 'expert_ids', 'weights', 'token_idx']
[01:45:46][chimera14:5552] expert 17 processing 1 token-expert pairs
[01:45:46][chimera14:5553] expert 24 processing 1 token-expert pairs
[01:45:46][chimera14:5551] expert 14 processing 4 token-expert pairs
[01:45:46][chimera14:5554] expert 39 processing 1 token-expert pairs
[01:45:46][chimera14:5555] expert 46 processing 1 token-expert pairs
[01:45:46][chimera14:5556] expert-agent 6 sending response: response_id=RES_18ee81f4-e8fa-4e48-8ea1-76ae54abaa72 latency_ms=11.18
[01:45:46][chimera14:5552] expert 22 processing 3 token-expert pairs
[01:45:46][chimera14:5553] expert 26 processing 1 token-expert pairs
[01:45:46][chimera14:5550] expert 2 processing 1 token-expert pairs
[01:45:46][chimera14:5553] expert 28 processing 2 token-expert pairs
[01:45:46][chimera14:5550] expert 7 processing 2 token-expert pairs
[01:45:46][chimera14:5555] expert-agent 5 sending response: response_id=RES_a17438d3-a403-49d5-a239-794a480cd3c7 latency_ms=11.30
[01:45:46][chimera14:5554] expert-agent 4 sending response: response_id=RES_eb1dc5b3-dff7-469f-8a71-aaf220b5614e latency_ms=20.59
[01:45:46][chimera14:5551] expert-agent 1 sending response: response_id=RES_96a590ef-fbf4-4caa-9266-49a5a8453428 latency_ms=16.87
[01:45:46][chimera14:5553] expert 29 processing 1 token-expert pairs
[01:45:46][chimera14:5552] expert-agent 2 sending response: response_id=RES_237f5ae5-3589-486e-9c1c-a561f0eba006 latency_ms=11.80
[01:45:46][chimera14:5553] expert 31 processing 1 token-expert pairs
[01:45:46][chimera14:5550] expert-agent 0 sending response: response_id=RES_7401fdb6-9267-4c17-848e-bdf53d64d634 latency_ms=7.79
[01:45:46][chimera14:5553] expert-agent 3 sending response: response_id=RES_ed43cc02-e876-456b-a449-bd9b755ca26e latency_ms=17.32
[01:45:46][chimera14:5557] expert-agent 7 received request_id=8c655d7f-b009-4f53-a5bf-6bdeae04767b keys=['type', 'request_id', 'layer_idx', 'hidden_states', 'expert_ids', 'weights', 'token_idx']
[01:45:46][chimera14:5556] expert-agent 6 received request_id=d52e9850-28ee-4a98-bfeb-aabc8cfded6a keys=['type', 'request_id', 'layer_idx', 'hidden_states', 'expert_ids', 'weights', 'token_idx']
[01:45:46][chimera14:5557] expert 58 processing 4 token-expert pairs
[01:45:46][chimera14:5550] expert-agent 0 received request_id=c6db73af-1196-47f5-81a8-da0a601045d4 keys=['type', 'request_id', 'layer_idx', 'hidden_states', 'expert_ids', 'weights', 'token_idx']
[01:45:46][chimera14:5556] expert 48 processing 1 token-expert pairs
[01:45:46][chimera14:5552] expert-agent 2 received request_id=d8554e4b-c8dc-4bd7-a3e3-d0d6ea1c329c keys=['type', 'request_id', 'layer_idx', 'hidden_states', 'expert_ids', 'weights', 'token_idx']
[01:45:46][chimera14:5557] expert 59 processing 3 token-expert pairs
[01:45:46][chimera14:5550] expert 3 processing 1 token-expert pairs
[01:45:46][chimera14:5556] expert 49 processing 2 token-expert pairs
[01:45:46][chimera14:5551] expert-agent 1 received request_id=8c20a930-a0e0-4d98-b378-3cde6bdee332 keys=['type', 'request_id', 'layer_idx', 'hidden_states', 'expert_ids', 'weights', 'token_idx']
[01:45:46][chimera14:5550] expert 6 processing 4 token-expert pairs
[01:45:46][chimera14:5552] expert 17 processing 1 token-expert pairs
[01:45:46][chimera14:5557] expert 63 processing 1 token-expert pairs
[01:45:46][chimera14:5556] expert 51 processing 1 token-expert pairs
[01:45:46][chimera14:5554] expert-agent 4 received request_id=441b07c7-c5ec-4153-afa3-ba1cf8437d01 keys=['type', 'request_id', 'layer_idx', 'hidden_states', 'expert_ids', 'weights', 'token_idx']
[01:45:46][chimera14:5552] expert 19 processing 1 token-expert pairs
[01:45:46][chimera14:5556] expert 54 processing 4 token-expert pairs
[01:45:46][chimera14:5551] expert 9 processing 3 token-expert pairs
[01:45:46][chimera14:5552] expert 22 processing 1 token-expert pairs
[01:45:46][chimera14:5555] expert-agent 5 received request_id=3fdb3d6a-b70d-45ae-9708-5359937bb980 keys=['type', 'request_id', 'layer_idx', 'hidden_states', 'expert_ids', 'weights', 'token_idx']
[01:45:46][chimera14:5554] expert 32 processing 3 token-expert pairs
[01:45:46][chimera14:5557] expert-agent 7 sending response: response_id=RES_8c655d7f-b009-4f53-a5bf-6bdeae04767b latency_ms=14.75
[01:45:46][chimera14:5550] expert-agent 0 sending response: response_id=RES_c6db73af-1196-47f5-81a8-da0a601045d4 latency_ms=8.76
[01:45:46][chimera14:5552] expert 23 processing 3 token-expert pairs
[01:45:46][chimera14:5553] expert-agent 3 received request_id=91f9a90a-e0d9-4312-8753-450c6dc8e842 keys=['type', 'request_id', 'layer_idx', 'hidden_states', 'expert_ids', 'weights', 'token_idx']
[01:45:46][chimera14:5551] expert 10 processing 1 token-expert pairs
[01:45:46][chimera14:5555] expert 44 processing 1 token-expert pairs
[01:45:46][chimera14:5554] expert 36 processing 1 token-expert pairs
[01:45:46][chimera14:5551] expert 12 processing 1 token-expert pairs
[01:45:46][chimera14:5555] expert 45 processing 1 token-expert pairs
[01:45:46][chimera14:5554] expert 39 processing 1 token-expert pairs
[01:45:46][chimera14:5556] expert-agent 6 sending response: response_id=RES_d52e9850-28ee-4a98-bfeb-aabc8cfded6a latency_ms=17.03
[01:45:46][chimera14:5553] expert 29 processing 2 token-expert pairs
[01:45:46][chimera14:5551] expert 13 processing 2 token-expert pairs
[01:45:46][chimera14:5552] expert-agent 2 sending response: response_id=RES_d8554e4b-c8dc-4bd7-a3e3-d0d6ea1c329c latency_ms=14.67
[01:45:46][chimera14:5551] expert 15 processing 3 token-expert pairs
[01:45:46][chimera14:5553] expert 30 processing 1 token-expert pairs
[01:45:46][chimera14:5555] expert-agent 5 sending response: response_id=RES_3fdb3d6a-b70d-45ae-9708-5359937bb980 latency_ms=5.73
[01:45:46][chimera14:5554] expert-agent 4 sending response: response_id=RES_441b07c7-c5ec-4153-afa3-ba1cf8437d01 latency_ms=11.19
[01:45:46][chimera14:5553] expert 31 processing 1 token-expert pairs
[01:45:46][chimera14:5553] expert-agent 3 sending response: response_id=RES_91f9a90a-e0d9-4312-8753-450c6dc8e842 latency_ms=10.72
[01:45:46][chimera14:5551] expert-agent 1 sending response: response_id=RES_8c20a930-a0e0-4d98-b378-3cde6bdee332 latency_ms=21.38
[01:45:46][chimera14:5550] expert-agent 0 received request_id=e39b757f-9e7b-4f90-a93a-003fe414f79a keys=['type', 'request_id', 'layer_idx', 'hidden_states', 'expert_ids', 'weights', 'token_idx']
[01:45:46][chimera14:5551] expert-agent 1 received request_id=dde33fb2-df04-476d-8a5b-2c623e46a7ec keys=['type', 'request_id', 'layer_idx', 'hidden_states', 'expert_ids', 'weights', 'token_idx']
[01:45:46][chimera14:5550] expert 1 processing 1 token-expert pairs
[01:45:46][chimera14:5550] expert 2 processing 1 token-expert pairs
[01:45:46][chimera14:5556] expert-agent 6 received request_id=0f3b5880-0da5-45a1-8191-47b6bff4da7e keys=['type', 'request_id', 'layer_idx', 'hidden_states', 'expert_ids', 'weights', 'token_idx']
[01:45:46][chimera14:5550] expert 3 processing 1 token-expert pairs
[01:45:46][chimera14:5551] expert 9 processing 6 token-expert pairs
[01:45:46][chimera14:5554] expert-agent 4 received request_id=040a191e-71f0-4420-a8a4-830973c678a4 keys=['type', 'request_id', 'layer_idx', 'hidden_states', 'expert_ids', 'weights', 'token_idx']
[01:45:46][chimera14:5550] expert 5 processing 3 token-expert pairs
[01:45:46][chimera14:5556] expert 49 processing 1 token-expert pairs
[01:45:46][chimera14:5555] expert-agent 5 received request_id=1c41142d-6439-4acd-8b39-a1d59bdd52b8 keys=['type', 'request_id', 'layer_idx', 'hidden_states', 'expert_ids', 'weights', 'token_idx']
[01:45:46][chimera14:5554] expert 34 processing 1 token-expert pairs
[01:45:46][chimera14:5556] expert 50 processing 2 token-expert pairs
[01:45:46][chimera14:5550] expert 6 processing 1 token-expert pairs
[01:45:46][chimera14:5551] expert 11 processing 4 token-expert pairs
[01:45:46][chimera14:5553] expert-agent 3 received request_id=73bed8c8-0fa9-4a2e-8896-00dc42bdb7aa keys=['type', 'request_id', 'layer_idx', 'hidden_states', 'expert_ids', 'weights', 'token_idx']
[01:45:46][chimera14:5554] expert 36 processing 1 token-expert pairs
[01:45:46][chimera14:5555] expert 42 processing 1 token-expert pairs
[01:45:46][chimera14:5556] expert 54 processing 3 token-expert pairs
[01:45:46][chimera14:5554] expert 39 processing 1 token-expert pairs
[01:45:46][chimera14:5552] expert-agent 2 received request_id=8e21ddb3-b850-4dca-bf43-407868036ab8 keys=['type', 'request_id', 'layer_idx', 'hidden_states', 'expert_ids', 'weights', 'token_idx']
[01:45:46][chimera14:5555] expert 43 processing 1 token-expert pairs
[01:45:46][chimera14:5553] expert 26 processing 1 token-expert pairs
[01:45:46][chimera14:5551] expert 15 processing 1 token-expert pairs
[01:45:46][chimera14:5550] expert-agent 0 sending response: response_id=RES_e39b757f-9e7b-4f90-a93a-003fe414f79a latency_ms=17.13
[01:45:46][chimera14:5557] expert-agent 7 received request_id=568120e4-2250-4688-af5e-5ef7ad67ba78 keys=['type', 'request_id', 'layer_idx', 'hidden_states', 'expert_ids', 'weights', 'token_idx']
[01:45:46][chimera14:5555] expert 45 processing 3 token-expert pairs
[01:45:46][chimera14:5552] expert 16 processing 3 token-expert pairs
[01:45:46][chimera14:5553] expert 29 processing 1 token-expert pairs
[01:45:46][chimera14:5556] expert 55 processing 4 token-expert pairs
[01:45:46][chimera14:5554] expert-agent 4 sending response: response_id=RES_040a191e-71f0-4420-a8a4-830973c678a4 latency_ms=8.65
[01:45:46][chimera14:5553] expert 31 processing 1 token-expert pairs
[01:45:46][chimera14:5557] expert 56 processing 3 token-expert pairs
[01:45:46][chimera14:5551] expert-agent 1 sending response: response_id=RES_dde33fb2-df04-476d-8a5b-2c623e46a7ec latency_ms=16.89
[01:45:46][chimera14:5555] expert 47 processing 2 token-expert pairs
[01:45:46][chimera14:5552] expert-agent 2 sending response: response_id=RES_8e21ddb3-b850-4dca-bf43-407868036ab8 latency_ms=5.70
[01:45:46][chimera14:5557] expert 57 processing 1 token-expert pairs
[01:45:46][chimera14:5556] expert-agent 6 sending response: response_id=RES_0f3b5880-0da5-45a1-8191-47b6bff4da7e latency_ms=19.35
[01:45:46][chimera14:5553] expert-agent 3 sending response: response_id=RES_73bed8c8-0fa9-4a2e-8896-00dc42bdb7aa latency_ms=9.17
[01:45:46][chimera14:5555] expert-agent 5 sending response: response_id=RES_1c41142d-6439-4acd-8b39-a1d59bdd52b8 latency_ms=16.15
[01:45:46][chimera14:5557] expert-agent 7 sending response: response_id=RES_568120e4-2250-4688-af5e-5ef7ad67ba78 latency_ms=8.88
[01:45:46][chimera14:5557] expert-agent 7 received request_id=27e93381-814a-4740-9091-176aa9ea59dd keys=['type', 'request_id', 'layer_idx', 'hidden_states', 'expert_ids', 'weights', 'token_idx']
[01:45:46][chimera14:5551] expert-agent 1 received request_id=d6aad5c2-2ceb-4b2c-b085-231d94168873 keys=['type', 'request_id', 'layer_idx', 'hidden_states', 'expert_ids', 'weights', 'token_idx']
[01:45:46][chimera14:5557] expert 56 processing 2 token-expert pairs
[01:45:46][chimera14:5555] expert-agent 5 received request_id=dd0b2710-9e6b-4dc3-9cae-42f8c5a35d0c keys=['type', 'request_id', 'layer_idx', 'hidden_states', 'expert_ids', 'weights', 'token_idx']
[01:45:46][chimera14:5551] expert 9 processing 3 token-expert pairs
[01:45:46][chimera14:5557] expert 58 processing 1 token-expert pairs
[01:45:46][chimera14:5552] expert-agent 2 received request_id=86a9988b-7f50-4ede-8bf2-76c1fc387433 keys=['type', 'request_id', 'layer_idx', 'hidden_states', 'expert_ids', 'weights', 'token_idx']
[01:45:46][chimera14:5555] expert 42 processing 4 token-expert pairs
[01:45:46][chimera14:5557] expert 60 processing 4 token-expert pairs
[01:45:46][chimera14:5554] expert-agent 4 received request_id=4454fe11-a2d2-4e6f-bbf6-e1b30164bae3 keys=['type', 'request_id', 'layer_idx', 'hidden_states', 'expert_ids', 'weights', 'token_idx']
[01:45:46][chimera14:5551] expert 11 processing 4 token-expert pairs
[01:45:46][chimera14:5552] expert 17 processing 1 token-expert pairs
[01:45:46][chimera14:5556] expert-agent 6 received request_id=deec4eaa-e31d-49f3-a4e8-014fbbeedef1 keys=['type', 'request_id', 'layer_idx', 'hidden_states', 'expert_ids', 'weights', 'token_idx']
[01:45:46][chimera14:5555] expert 43 processing 2 token-expert pairs
[01:45:46][chimera14:5557] expert 63 processing 1 token-expert pairs
[01:45:46][chimera14:5552] expert 22 processing 3 token-expert pairs
[01:45:46][chimera14:5551] expert 12 processing 4 token-expert pairs
[01:45:46][chimera14:5554] expert 33 processing 1 token-expert pairs
[01:45:46][chimera14:5553] expert-agent 3 received request_id=eff395e8-5e8a-4458-b3bf-0e4cb769fb20 keys=['type', 'request_id', 'layer_idx', 'hidden_states', 'expert_ids', 'weights', 'token_idx']
[01:45:46][chimera14:5554] expert 34 processing 1 token-expert pairs
[01:45:46][chimera14:5555] expert 44 processing 1 token-expert pairs
[01:45:46][chimera14:5554] expert 37 processing 1 token-expert pairs
[01:45:46][chimera14:5555] expert 45 processing 3 token-expert pairs
[01:45:46][chimera14:5556] expert 48 processing 2 token-expert pairs
[01:45:46][chimera14:5557] expert-agent 7 sending response: response_id=RES_27e93381-814a-4740-9091-176aa9ea59dd latency_ms=17.15
[01:45:46][chimera14:5553] expert 24 processing 2 token-expert pairs
[01:45:46][chimera14:5555] expert 46 processing 1 token-expert pairs
[01:45:46][chimera14:5556] expert 54 processing 1 token-expert pairs
[01:45:46][chimera14:5553] expert 28 processing 5 token-expert pairs
[01:45:46][chimera14:5552] expert-agent 2 sending response: response_id=RES_86a9988b-7f50-4ede-8bf2-76c1fc387433 latency_ms=8.32
[01:45:46][chimera14:5554] expert-agent 4 sending response: response_id=RES_4454fe11-a2d2-4e6f-bbf6-e1b30164bae3 latency_ms=8.76
[01:45:46][chimera14:5551] expert-agent 1 sending response: response_id=RES_d6aad5c2-2ceb-4b2c-b085-231d94168873 latency_ms=17.02
[01:45:46][chimera14:5556] expert-agent 6 sending response: response_id=RES_deec4eaa-e31d-49f3-a4e8-014fbbeedef1 latency_ms=8.04
[01:45:46][chimera14:5555] expert-agent 5 sending response: response_id=RES_dd0b2710-9e6b-4dc3-9cae-42f8c5a35d0c latency_ms=22.52
[01:45:46][chimera14:5553] expert 30 processing 1 token-expert pairs
[01:45:46][chimera14:5553] expert-agent 3 sending response: response_id=RES_eff395e8-5e8a-4458-b3bf-0e4cb769fb20 latency_ms=15.94
[01:45:46][chimera14:5551] expert-agent 1 received request_id=fd2b048b-d970-4b9a-8a3a-8d6d977f9b29 keys=['type', 'request_id', 'layer_idx', 'hidden_states', 'expert_ids', 'weights', 'token_idx']
[01:45:46][chimera14:5557] expert-agent 7 received request_id=a274a600-e958-43c0-b097-b0ab30e3cbba keys=['type', 'request_id', 'layer_idx', 'hidden_states', 'expert_ids', 'weights', 'token_idx']
[01:45:46][chimera14:5551] expert 9 processing 2 token-expert pairs
[01:45:46][chimera14:5553] expert-agent 3 received request_id=22a5fe8f-d042-49d0-a60f-614f2f80250c keys=['type', 'request_id', 'layer_idx', 'hidden_states', 'expert_ids', 'weights', 'token_idx']
[01:45:46][chimera14:5557] expert 58 processing 3 token-expert pairs
[01:45:46][chimera14:5551] expert 12 processing 2 token-expert pairs
[01:45:46][chimera14:5556] expert-agent 6 received request_id=e0653de4-f29b-491c-917d-5dc0d89275e2 keys=['type', 'request_id', 'layer_idx', 'hidden_states', 'expert_ids', 'weights', 'token_idx']
[01:45:46][chimera14:5551] expert 15 processing 2 token-expert pairs
[01:45:46][chimera14:5553] expert 24 processing 3 token-expert pairs
[01:45:46][chimera14:5557] expert 60 processing 3 token-expert pairs
[01:45:46][chimera14:5555] expert-agent 5 received request_id=d8c93943-62cb-482c-85b5-f8126ddfdc2e keys=['type', 'request_id', 'layer_idx', 'hidden_states', 'expert_ids', 'weights', 'token_idx']
[01:45:46][chimera14:5556] expert 50 processing 1 token-expert pairs
[01:45:46][chimera14:5557] expert 61 processing 1 token-expert pairs
[01:45:46][chimera14:5553] expert 25 processing 1 token-expert pairs
[01:45:46][chimera14:5550] expert-agent 0 received request_id=eca29865-60ac-4860-bbed-ec90fa135a2d keys=['type', 'request_id', 'layer_idx', 'hidden_states', 'expert_ids', 'weights', 'token_idx']
[01:45:46][chimera14:5555] expert 40 processing 2 token-expert pairs
[01:45:46][chimera14:5556] expert 51 processing 4 token-expert pairs
[01:45:46][chimera14:5551] expert-agent 1 sending response: response_id=RES_fd2b048b-d970-4b9a-8a3a-8d6d977f9b29 latency_ms=14.40
[01:45:46][chimera14:5557] expert 62 processing 1 token-expert pairs
[01:45:46][chimera14:5553] expert 28 processing 1 token-expert pairs
[01:45:46][chimera14:5552] expert-agent 2 received request_id=b1e63f0a-a2c1-4ca4-ab51-ce5020d890df keys=['type', 'request_id', 'layer_idx', 'hidden_states', 'expert_ids', 'weights', 'token_idx']
[01:45:46][chimera14:5550] expert 1 processing 2 token-expert pairs
[01:45:46][chimera14:5557] expert 63 processing 1 token-expert pairs
[01:45:46][chimera14:5553] expert 29 processing 2 token-expert pairs
[01:45:46][chimera14:5555] expert 47 processing 1 token-expert pairs
[01:45:46][chimera14:5554] expert-agent 4 received request_id=b36463d9-7326-447c-97ce-b5d9181ae390 keys=['type', 'request_id', 'layer_idx', 'hidden_states', 'expert_ids', 'weights', 'token_idx']
[01:45:46][chimera14:5556] expert 52 processing 5 token-expert pairs
[01:45:46][chimera14:5552] expert 18 processing 1 token-expert pairs
[01:45:46][chimera14:5552] expert 22 processing 1 token-expert pairs
[01:45:46][chimera14:5550] expert 2 processing 1 token-expert pairs
[01:45:46][chimera14:5554] expert 33 processing 1 token-expert pairs
[01:45:46][chimera14:5557] expert-agent 7 sending response: response_id=RES_a274a600-e958-43c0-b097-b0ab30e3cbba latency_ms=19.74
[01:45:46][chimera14:5555] expert-agent 5 sending response: response_id=RES_d8c93943-62cb-482c-85b5-f8126ddfdc2e latency_ms=8.32
[01:45:46][chimera14:5550] expert 3 processing 3 token-expert pairs
[01:45:46][chimera14:5554] expert 38 processing 1 token-expert pairs
[01:45:46][chimera14:5553] expert-agent 3 sending response: response_id=RES_22a5fe8f-d042-49d0-a60f-614f2f80250c latency_ms=17.12
[01:45:46][chimera14:5552] expert-agent 2 sending response: response_id=RES_b1e63f0a-a2c1-4ca4-ab51-ce5020d890df latency_ms=6.23
[01:45:46][chimera14:5554] expert 39 processing 1 token-expert pairs
[01:45:46][chimera14:5556] expert-agent 6 sending response: response_id=RES_e0653de4-f29b-491c-917d-5dc0d89275e2 latency_ms=15.74
[01:45:46][chimera14:5550] expert 4 processing 1 token-expert pairs
[01:45:46][chimera14:5550] expert 7 processing 1 token-expert pairs
[01:45:46][chimera14:5554] expert-agent 4 sending response: response_id=RES_b36463d9-7326-447c-97ce-b5d9181ae390 latency_ms=8.91
[01:45:46][chimera14:5550] expert-agent 0 sending response: response_id=RES_eca29865-60ac-4860-bbed-ec90fa135a2d latency_ms=19.56
[01:45:46][chimera14:5557] expert-agent 7 received request_id=b7f83932-771d-415d-a5f5-5dc32d4d4ba7 keys=['type', 'request_id', 'layer_idx', 'hidden_states', 'expert_ids', 'weights', 'token_idx']
[01:45:46][chimera14:5551] expert-agent 1 received request_id=9fad902f-41a7-42d6-9ddd-b3a72f04cf7f keys=['type', 'request_id', 'layer_idx', 'hidden_states', 'expert_ids', 'weights', 'token_idx']
[01:45:46][chimera14:5557] expert 56 processing 3 token-expert pairs
[01:45:46][chimera14:5550] expert-agent 0 received request_id=06c0cce2-dbde-4c99-adb6-b6aefcc68cc0 keys=['type', 'request_id', 'layer_idx', 'hidden_states', 'expert_ids', 'weights', 'token_idx']
[01:45:46][chimera14:5551] expert 8 processing 4 token-expert pairs
[01:45:46][chimera14:5555] expert-agent 5 received request_id=031d33dd-3309-43d5-852b-6fc018e858c2 keys=['type', 'request_id', 'layer_idx', 'hidden_states', 'expert_ids', 'weights', 'token_idx']
[01:45:46][chimera14:5557] expert 57 processing 1 token-expert pairs
[01:45:46][chimera14:5550] expert 6 processing 6 token-expert pairs
[01:45:46][chimera14:5554] expert-agent 4 received request_id=c88a24ca-58e0-4578-b7fd-2422d8e1a719 keys=['type', 'request_id', 'layer_idx', 'hidden_states', 'expert_ids', 'weights', 'token_idx']
[01:45:46][chimera14:5551] expert 13 processing 2 token-expert pairs
[01:45:46][chimera14:5557] expert 60 processing 1 token-expert pairs
[01:45:46][chimera14:5555] expert 40 processing 1 token-expert pairs
[01:45:46][chimera14:5557] expert 61 processing 3 token-expert pairs
[01:45:46][chimera14:5553] expert-agent 3 received request_id=d3fa0cc1-327c-4268-84be-4b90bf518a8e keys=['type', 'request_id', 'layer_idx', 'hidden_states', 'expert_ids', 'weights', 'token_idx']
[01:45:46][chimera14:5555] expert 42 processing 1 token-expert pairs
[01:45:46][chimera14:5554] expert 33 processing 1 token-expert pairs
[01:45:46][chimera14:5551] expert 14 processing 2 token-expert pairs
[01:45:46][chimera14:5550] expert 7 processing 1 token-expert pairs
[01:45:46][chimera14:5555] expert 43 processing 1 token-expert pairs
[01:45:46][chimera14:5556] expert-agent 6 received request_id=34fa59ae-7a54-42f0-9142-6c49624c71a4 keys=['type', 'request_id', 'layer_idx', 'hidden_states', 'expert_ids', 'weights', 'token_idx']
[01:45:46][chimera14:5554] expert 39 processing 3 token-expert pairs
[01:45:46][chimera14:5553] expert 24 processing 1 token-expert pairs
[01:45:46][chimera14:5557] expert 62 processing 2 token-expert pairs
[01:45:46][chimera14:5551] expert 15 processing 1 token-expert pairs
[01:45:46][chimera14:5552] expert-agent 2 received request_id=cd0a4b64-8bf1-4319-995d-ddfed18a5af7 keys=['type', 'request_id', 'layer_idx', 'hidden_states', 'expert_ids', 'weights', 'token_idx']
[01:45:46][chimera14:5553] expert 30 processing 2 token-expert pairs
[01:45:46][chimera14:5556] expert 48 processing 1 token-expert pairs
[01:45:46][chimera14:5550] expert-agent 0 sending response: response_id=RES_06c0cce2-dbde-4c99-adb6-b6aefcc68cc0 latency_ms=10.69
[01:45:46][chimera14:5555] expert-agent 5 sending response: response_id=RES_031d33dd-3309-43d5-852b-6fc018e858c2 latency_ms=8.23
[01:45:46][chimera14:5557] expert 63 processing 4 token-expert pairs
[01:45:46][chimera14:5556] expert 52 processing 4 token-expert pairs
[01:45:46][chimera14:5552] expert 17 processing 1 token-expert pairs
[01:45:46][chimera14:5553] expert 31 processing 3 token-expert pairs
[01:45:46][chimera14:5551] expert-agent 1 sending response: response_id=RES_9fad902f-41a7-42d6-9ddd-b3a72f04cf7f latency_ms=17.68
[01:45:46][chimera14:5554] expert-agent 4 sending response: response_id=RES_c88a24ca-58e0-4578-b7fd-2422d8e1a719 latency_ms=7.96
[01:45:46][chimera14:5552] expert 18 processing 1 token-expert pairs
[01:45:46][chimera14:5556] expert 53 processing 2 token-expert pairs
[01:45:46][chimera14:5552] expert 20 processing 1 token-expert pairs
[01:45:46][chimera14:5557] expert-agent 7 sending response: response_id=RES_b7f83932-771d-415d-a5f5-5dc32d4d4ba7 latency_ms=27.49
[01:45:46][chimera14:5552] expert 23 processing 3 token-expert pairs
[01:45:47][chimera14:5553] expert-agent 3 sending response: response_id=RES_d3fa0cc1-327c-4268-84be-4b90bf518a8e latency_ms=13.13
[01:45:47][chimera14:5556] expert-agent 6 sending response: response_id=RES_34fa59ae-7a54-42f0-9142-6c49624c71a4 latency_ms=14.39
[01:45:47][chimera14:5552] expert-agent 2 sending response: response_id=RES_cd0a4b64-8bf1-4319-995d-ddfed18a5af7 latency_ms=14.55
[01:45:47][chimera14:5552] expert-agent 2 received request_id=4d93fd57-9a14-4342-8d42-cff54c34df34 keys=['type', 'request_id', 'layer_idx', 'hidden_states', 'expert_ids', 'weights', 'token_idx']
[01:45:47][chimera14:5551] expert-agent 1 received request_id=1dd8a7d1-53fd-4266-a805-a535ca244fe0 keys=['type', 'request_id', 'layer_idx', 'hidden_states', 'expert_ids', 'weights', 'token_idx']
[01:45:47][chimera14:5552] expert 16 processing 1 token-expert pairs
[01:45:47][chimera14:5555] expert-agent 5 received request_id=b82e3fb9-03fc-40fa-871f-a2efe03a9cb5 keys=['type', 'request_id', 'layer_idx', 'hidden_states', 'expert_ids', 'weights', 'token_idx']
[01:45:47][chimera14:5552] expert 18 processing 7 token-expert pairs
[01:45:47][chimera14:5551] expert 11 processing 3 token-expert pairs
[01:45:47][chimera14:5554] expert-agent 4 received request_id=b23af0aa-6cba-48fa-b3ae-9e5a10093bac keys=['type', 'request_id', 'layer_idx', 'hidden_states', 'expert_ids', 'weights', 'token_idx']
[01:45:47][chimera14:5555] expert 41 processing 2 token-expert pairs
[01:45:47][chimera14:5551] expert 13 processing 1 token-expert pairs
[01:45:47][chimera14:5550] expert-agent 0 received request_id=d63c84f2-9ca7-487c-8d5d-639142108e4b keys=['type', 'request_id', 'layer_idx', 'hidden_states', 'expert_ids', 'weights', 'token_idx']
[01:45:47][chimera14:5554] expert 35 processing 2 token-expert pairs
[01:45:47][chimera14:5552] expert 21 processing 1 token-expert pairs
[01:45:47][chimera14:5555] expert 45 processing 2 token-expert pairs
[01:45:47][chimera14:5556] expert-agent 6 received request_id=ae40bffb-3d83-4983-a930-6aac6f83802e keys=['type', 'request_id', 'layer_idx', 'hidden_states', 'expert_ids', 'weights', 'token_idx']
[01:45:47][chimera14:5552] expert 22 processing 1 token-expert pairs
[01:45:47][chimera14:5550] expert 0 processing 1 token-expert pairs
[01:45:47][chimera14:5554] expert 36 processing 1 token-expert pairs
[01:45:47][chimera14:5551] expert-agent 1 sending response: response_id=RES_1dd8a7d1-53fd-4266-a805-a535ca244fe0 latency_ms=8.23
[01:45:47][chimera14:5553] expert-agent 3 received request_id=e43eaec7-714e-420f-b73a-0aab9e40911d keys=['type', 'request_id', 'layer_idx', 'hidden_states', 'expert_ids', 'weights', 'token_idx']
[01:45:47][chimera14:5552] expert 23 processing 1 token-expert pairs
[01:45:47][chimera14:5550] expert 1 processing 4 token-expert pairs
[01:45:47][chimera14:5555] expert 46 processing 1 token-expert pairs
[01:45:47][chimera14:5556] expert 49 processing 1 token-expert pairs
[01:45:47][chimera14:5554] expert 39 processing 1 token-expert pairs
[01:45:47][chimera14:5557] expert-agent 7 received request_id=e2d06ac0-026b-4ac7-b28e-aeffd4c4f37b keys=['type', 'request_id', 'layer_idx', 'hidden_states', 'expert_ids', 'weights', 'token_idx']
[01:45:47][chimera14:5555] expert 47 processing 1 token-expert pairs
[01:45:47][chimera14:5556] expert 52 processing 1 token-expert pairs
[01:45:47][chimera14:5553] expert 24 processing 3 token-expert pairs
[01:45:47][chimera14:5550] expert 3 processing 1 token-expert pairs
[01:45:47][chimera14:5552] expert-agent 2 sending response: response_id=RES_4d93fd57-9a14-4342-8d42-cff54c34df34 latency_ms=19.90
[01:45:47][chimera14:5556] expert 53 processing 1 token-expert pairs
[01:45:47][chimera14:5554] expert-agent 4 sending response: response_id=RES_b23af0aa-6cba-48fa-b3ae-9e5a10093bac latency_ms=10.93
[01:45:47][chimera14:5557] expert 57 processing 1 token-expert pairs
[01:45:47][chimera14:5550] expert 4 processing 1 token-expert pairs
[01:45:47][chimera14:5555] expert-agent 5 sending response: response_id=RES_b82e3fb9-03fc-40fa-871f-a2efe03a9cb5 latency_ms=16.02
[01:45:47][chimera14:5553] expert 25 processing 1 token-expert pairs
[01:45:47][chimera14:5557] expert 60 processing 4 token-expert pairs
[01:45:47][chimera14:5550] expert 7 processing 3 token-expert pairs
[01:45:47][chimera14:5553] expert 27 processing 2 token-expert pairs
[01:45:47][chimera14:5556] expert-agent 6 sending response: response_id=RES_ae40bffb-3d83-4983-a930-6aac6f83802e latency_ms=9.04
[01:45:47][chimera14:5557] expert 62 processing 2 token-expert pairs
[01:45:47][chimera14:5553] expert 29 processing 3 token-expert pairs
[01:45:47][chimera14:5550] expert-agent 0 sending response: response_id=RES_d63c84f2-9ca7-487c-8d5d-639142108e4b latency_ms=20.14
[01:45:47][chimera14:5557] expert 63 processing 2 token-expert pairs
[01:45:47][chimera14:5553] expert-agent 3 sending response: response_id=RES_e43eaec7-714e-420f-b73a-0aab9e40911d latency_ms=18.78
[01:45:47][chimera14:5557] expert-agent 7 sending response: response_id=RES_e2d06ac0-026b-4ac7-b28e-aeffd4c4f37b latency_ms=18.71
[01:45:47][chimera14:5553] expert-agent 3 received request_id=b3c9d2eb-73f4-4c54-81d5-447e88f2a9bd keys=['type', 'request_id', 'layer_idx', 'hidden_states', 'expert_ids', 'weights', 'token_idx']
[01:45:47][chimera14:5554] expert-agent 4 received request_id=73d85af4-294f-4ab3-bdb4-83d924aa6a13 keys=['type', 'request_id', 'layer_idx', 'hidden_states', 'expert_ids', 'weights', 'token_idx']
[01:45:47][chimera14:5553] expert 24 processing 3 token-expert pairs
[01:45:47][chimera14:5557] expert-agent 7 received request_id=1fdb69eb-1190-412e-93aa-e86355508d27 keys=['type', 'request_id', 'layer_idx', 'hidden_states', 'expert_ids', 'weights', 'token_idx']
[01:45:47][chimera14:5554] expert 32 processing 2 token-expert pairs
[01:45:47][chimera14:5553] expert 28 processing 2 token-expert pairs
[01:45:47][chimera14:5555] expert-agent 5 received request_id=e3ea1dab-7eed-42f7-b932-5d2ebb8dc6ea keys=['type', 'request_id', 'layer_idx', 'hidden_states', 'expert_ids', 'weights', 'token_idx']
[01:45:47][chimera14:5554] expert 33 processing 1 token-expert pairs
[01:45:47][chimera14:5553] expert 30 processing 4 token-expert pairs
[01:45:47][chimera14:5554] expert 34 processing 1 token-expert pairs
[01:45:47][chimera14:5557] expert 56 processing 1 token-expert pairs
[01:45:47][chimera14:5554] expert 35 processing 1 token-expert pairs
[01:45:47][chimera14:5557] expert 59 processing 2 token-expert pairs
[01:45:47][chimera14:5554] expert 39 processing 1 token-expert pairs
[01:45:47][chimera14:5555] expert 40 processing 1 token-expert pairs
[01:45:47][chimera14:5552] expert-agent 2 received request_id=8bb0db93-977d-4d74-bdd6-14d41815fa82 keys=['type', 'request_id', 'layer_idx', 'hidden_states', 'expert_ids', 'weights', 'token_idx']
[01:45:47][chimera14:5555] expert 45 processing 1 token-expert pairs
[01:45:47][chimera14:5557] expert 60 processing 3 token-expert pairs
[01:45:47][chimera14:5553] expert-agent 3 sending response: response_id=RES_b3c9d2eb-73f4-4c54-81d5-447e88f2a9bd latency_ms=17.02
[01:45:47][chimera14:5557] expert 61 processing 1 token-expert pairs
[01:45:47][chimera14:5550] expert-agent 0 received request_id=570fd5b9-5abe-410f-8ba3-718f41a93918 keys=['type', 'request_id', 'layer_idx', 'hidden_states', 'expert_ids', 'weights', 'token_idx']
[01:45:47][chimera14:5552] expert 16 processing 1 token-expert pairs
[01:45:47][chimera14:5557] expert 62 processing 3 token-expert pairs
[01:45:47][chimera14:5554] expert-agent 4 sending response: response_id=RES_73d85af4-294f-4ab3-bdb4-83d924aa6a13 latency_ms=16.58
[01:45:47][chimera14:5555] expert-agent 5 sending response: response_id=RES_e3ea1dab-7eed-42f7-b932-5d2ebb8dc6ea latency_ms=5.91
[01:45:47][chimera14:5552] expert 19 processing 1 token-expert pairs
[01:45:47][chimera14:5552] expert 20 processing 1 token-expert pairs
[01:45:47][chimera14:5557] expert 63 processing 3 token-expert pairs
[01:45:47][chimera14:5551] expert-agent 1 received request_id=3d214b63-3b35-4517-afc9-d8c860aa8d22 keys=['type', 'request_id', 'layer_idx', 'hidden_states', 'expert_ids', 'weights', 'token_idx']
[01:45:47][chimera14:5552] expert 22 processing 3 token-expert pairs
[01:45:47][chimera14:5550] expert 0 processing 1 token-expert pairs
[01:45:47][chimera14:5550] expert 3 processing 3 token-expert pairs
[01:45:47][chimera14:5556] expert-agent 6 received request_id=b24a5019-d0f1-4201-a4be-96e2b3e3d623 keys=['type', 'request_id', 'layer_idx', 'hidden_states', 'expert_ids', 'weights', 'token_idx']
[01:45:47][chimera14:5551] expert 8 processing 6 token-expert pairs
[01:45:47][chimera14:5557] expert-agent 7 sending response: response_id=RES_1fdb69eb-1190-412e-93aa-e86355508d27 latency_ms=27.33
[01:45:47][chimera14:5550] expert-agent 0 sending response: response_id=RES_570fd5b9-5abe-410f-8ba3-718f41a93918 latency_ms=8.53
[01:45:47][chimera14:5552] expert-agent 2 sending response: response_id=RES_8bb0db93-977d-4d74-bdd6-14d41815fa82 latency_ms=14.43
[01:45:47][chimera14:5556] expert 49 processing 2 token-expert pairs
[01:45:47][chimera14:5551] expert 9 processing 1 token-expert pairs
[01:45:47][chimera14:5551] expert 12 processing 1 token-expert pairs
[01:45:47][chimera14:5556] expert 51 processing 3 token-expert pairs
[01:45:47][chimera14:5551] expert 14 processing 3 token-expert pairs
[01:45:47][chimera14:5556] expert-agent 6 sending response: response_id=RES_b24a5019-d0f1-4201-a4be-96e2b3e3d623 latency_ms=10.48
[01:45:47][chimera14:5551] expert-agent 1 sending response: response_id=RES_3d214b63-3b35-4517-afc9-d8c860aa8d22 latency_ms=17.55
[01:45:47][chimera14:5554] expert-agent 4 received request_id=8b0175f9-bf69-4566-bc17-eb9bebc2bb6e keys=['type', 'request_id', 'layer_idx', 'hidden_states', 'expert_ids', 'weights', 'token_idx']
[01:45:47][chimera14:5557] expert-agent 7 received request_id=e53f0f45-f154-4cb4-8fec-2de058b6a3bb keys=['type', 'request_id', 'layer_idx', 'hidden_states', 'expert_ids', 'weights', 'token_idx']
[01:45:47][chimera14:5554] expert 32 processing 1 token-expert pairs
[01:45:47][chimera14:5554] expert 33 processing 1 token-expert pairs
[01:45:47][chimera14:5551] expert-agent 1 received request_id=0ff44706-e441-492f-8e8b-a9dc96a31f56 keys=['type', 'request_id', 'layer_idx', 'hidden_states', 'expert_ids', 'weights', 'token_idx']
[01:45:47][chimera14:5557] expert 56 processing 2 token-expert pairs
[01:45:47][chimera14:5554] expert 39 processing 2 token-expert pairs
[01:45:47][chimera14:5555] expert-agent 5 received request_id=7c84e787-0acf-4a90-a278-d33f15a87737 keys=['type', 'request_id', 'layer_idx', 'hidden_states', 'expert_ids', 'weights', 'token_idx']
[01:45:47][chimera14:5551] expert 11 processing 2 token-expert pairs
[01:45:47][chimera14:5557] expert 60 processing 1 token-expert pairs
[01:45:47][chimera14:5556] expert-agent 6 received request_id=a7a72a82-fdff-43ca-a188-b4008cf04f55 keys=['type', 'request_id', 'layer_idx', 'hidden_states', 'expert_ids', 'weights', 'token_idx']
[01:45:47][chimera14:5555] expert 41 processing 1 token-expert pairs
[01:45:47][chimera14:5557] expert 61 processing 5 token-expert pairs
[01:45:47][chimera14:5554] expert-agent 4 sending response: response_id=RES_8b0175f9-bf69-4566-bc17-eb9bebc2bb6e latency_ms=10.61
[01:45:47][chimera14:5551] expert 12 processing 1 token-expert pairs
[01:45:47][chimera14:5553] expert-agent 3 received request_id=218c65fa-d459-4e5d-a030-8af5c11b7203 keys=['type', 'request_id', 'layer_idx', 'hidden_states', 'expert_ids', 'weights', 'token_idx']
[01:45:47][chimera14:5555] expert 43 processing 1 token-expert pairs
[01:45:47][chimera14:5556] expert 48 processing 1 token-expert pairs
[01:45:47][chimera14:5551] expert 13 processing 1 token-expert pairs
[01:45:47][chimera14:5555] expert 44 processing 2 token-expert pairs
[01:45:47][chimera14:5552] expert-agent 2 received request_id=9ce3eaf8-e71e-4440-a770-ac588143cef4 keys=['type', 'request_id', 'layer_idx', 'hidden_states', 'expert_ids', 'weights', 'token_idx']
[01:45:47][chimera14:5557] expert 62 processing 1 token-expert pairs
[01:45:47][chimera14:5556] expert 51 processing 4 token-expert pairs
[01:45:47][chimera14:5553] expert 29 processing 1 token-expert pairs
[01:45:47][chimera14:5551] expert 14 processing 5 token-expert pairs
[01:45:47][chimera14:5550] expert-agent 0 received request_id=42e2a1c2-6d85-4b6f-8aa8-cf3d2fa3032d keys=['type', 'request_id', 'layer_idx', 'hidden_states', 'expert_ids', 'weights', 'token_idx']
[01:45:47][chimera14:5557] expert 63 processing 3 token-expert pairs
[01:45:47][chimera14:5555] expert 45 processing 1 token-expert pairs
[01:45:47][chimera14:5552] expert 19 processing 2 token-expert pairs
[01:45:47][chimera14:5553] expert 30 processing 1 token-expert pairs
[01:45:47][chimera14:5556] expert 54 processing 2 token-expert pairs
[01:45:47][chimera14:5550] expert 1 processing 1 token-expert pairs
[01:45:47][chimera14:5553] expert 31 processing 2 token-expert pairs
[01:45:47][chimera14:5551] expert 15 processing 5 token-expert pairs
[01:45:47][chimera14:5552] expert 22 processing 2 token-expert pairs
[01:45:47][chimera14:5555] expert-agent 5 sending response: response_id=RES_7c84e787-0acf-4a90-a278-d33f15a87737 latency_ms=14.11
[01:45:47][chimera14:5556] expert 55 processing 3 token-expert pairs
[01:45:47][chimera14:5557] expert-agent 7 sending response: response_id=RES_e53f0f45-f154-4cb4-8fec-2de058b6a3bb latency_ms=22.66
[01:45:47][chimera14:5550] expert-agent 0 sending response: response_id=RES_42e2a1c2-6d85-4b6f-8aa8-cf3d2fa3032d latency_ms=3.22
[01:45:47][chimera14:5552] expert 23 processing 2 token-expert pairs
[01:45:47][chimera14:5553] expert-agent 3 sending response: response_id=RES_218c65fa-d459-4e5d-a030-8af5c11b7203 latency_ms=11.74
[01:45:47][chimera14:5551] expert-agent 1 sending response: response_id=RES_0ff44706-e441-492f-8e8b-a9dc96a31f56 latency_ms=23.67
[01:45:47][chimera14:5556] expert-agent 6 sending response: response_id=RES_a7a72a82-fdff-43ca-a188-b4008cf04f55 latency_ms=19.71
[01:45:47][chimera14:5552] expert-agent 2 sending response: response_id=RES_9ce3eaf8-e71e-4440-a770-ac588143cef4 latency_ms=15.49
[01:45:47][chimera14:5553] expert-agent 3 received request_id=cb08c97d-ee92-4421-b76b-3be114dc3bc7 keys=['type', 'request_id', 'layer_idx', 'hidden_states', 'expert_ids', 'weights', 'token_idx']
[01:45:47][chimera14:5551] expert-agent 1 received request_id=38fe3237-4006-46c6-8314-173e7419f6ca keys=['type', 'request_id', 'layer_idx', 'hidden_states', 'expert_ids', 'weights', 'token_idx']
[01:45:47][chimera14:5553] expert 25 processing 1 token-expert pairs
[01:45:47][chimera14:5553] expert 27 processing 5 token-expert pairs
[01:45:47][chimera14:5550] expert-agent 0 received request_id=b60aa5f7-8fe7-4b66-8f7d-ffef5b941560 keys=['type', 'request_id', 'layer_idx', 'hidden_states', 'expert_ids', 'weights', 'token_idx']
[01:45:47][chimera14:5551] expert 10 processing 2 token-expert pairs
[01:45:47][chimera14:5557] expert-agent 7 received request_id=f7098e65-3222-4a86-aba8-6b81af154c2d keys=['type', 'request_id', 'layer_idx', 'hidden_states', 'expert_ids', 'weights', 'token_idx']
[01:45:47][chimera14:5551] expert 14 processing 1 token-expert pairs
[01:45:47][chimera14:5550] expert 2 processing 5 token-expert pairs
[01:45:47][chimera14:5554] expert-agent 4 received request_id=5472d24b-b9ea-4e0c-9372-dc5dcc88b011 keys=['type', 'request_id', 'layer_idx', 'hidden_states', 'expert_ids', 'weights', 'token_idx']
[01:45:47][chimera14:5557] expert 59 processing 3 token-expert pairs
[01:45:47][chimera14:5553] expert-agent 3 sending response: response_id=RES_cb08c97d-ee92-4421-b76b-3be114dc3bc7 latency_ms=9.43
[01:45:47][chimera14:5552] expert-agent 2 received request_id=ab98473f-0fcd-4446-b2e6-d86afedf9038 keys=['type', 'request_id', 'layer_idx', 'hidden_states', 'expert_ids', 'weights', 'token_idx']
[01:45:47][chimera14:5551] expert-agent 1 sending response: response_id=RES_38fe3237-4006-46c6-8314-173e7419f6ca latency_ms=7.67
[01:45:47][chimera14:5550] expert 5 processing 3 token-expert pairs
[01:45:47][chimera14:5554] expert 33 processing 6 token-expert pairs
[01:45:47][chimera14:5556] expert-agent 6 received request_id=266c774a-4263-4417-94d6-7309c316f0b5 keys=['type', 'request_id', 'layer_idx', 'hidden_states', 'expert_ids', 'weights', 'token_idx']
[01:45:47][chimera14:5557] expert 62 processing 1 token-expert pairs
[01:45:47][chimera14:5552] expert 16 processing 1 token-expert pairs
[01:45:47][chimera14:5557] expert 63 processing 5 token-expert pairs
[01:45:47][chimera14:5550] expert 6 processing 1 token-expert pairs
[01:45:47][chimera14:5555] expert-agent 5 received request_id=06436f6f-d74c-43a8-9c07-2a44587ed6fb keys=['type', 'request_id', 'layer_idx', 'hidden_states', 'expert_ids', 'weights', 'token_idx']
[01:45:47][chimera14:5552] expert 23 processing 2 token-expert pairs
[01:45:47][chimera14:5556] expert 48 processing 3 token-expert pairs
[01:45:47][chimera14:5554] expert 34 processing 2 token-expert pairs
[01:45:47][chimera14:5555] expert 41 processing 5 token-expert pairs
[01:45:47][chimera14:5550] expert-agent 0 sending response: response_id=RES_b60aa5f7-8fe7-4b66-8f7d-ffef5b941560 latency_ms=15.11
[01:45:47][chimera14:5556] expert 54 processing 1 token-expert pairs
[01:45:47][chimera14:5554] expert 37 processing 1 token-expert pairs
[01:45:47][chimera14:5556] expert 55 processing 1 token-expert pairs
[01:45:47][chimera14:5552] expert-agent 2 sending response: response_id=RES_ab98473f-0fcd-4446-b2e6-d86afedf9038 latency_ms=8.13
[01:45:47][chimera14:5557] expert-agent 7 sending response: response_id=RES_f7098e65-3222-4a86-aba8-6b81af154c2d latency_ms=15.00
[01:45:47][chimera14:5554] expert 38 processing 2 token-expert pairs
[01:45:47][chimera14:5555] expert 47 processing 5 token-expert pairs
[01:45:47][chimera14:5556] expert-agent 6 sending response: response_id=RES_266c774a-4263-4417-94d6-7309c316f0b5 latency_ms=11.49
[01:45:47][chimera14:5554] expert-agent 4 sending response: response_id=RES_5472d24b-b9ea-4e0c-9372-dc5dcc88b011 latency_ms=20.70
[01:45:47][chimera14:5555] expert-agent 5 sending response: response_id=RES_06436f6f-d74c-43a8-9c07-2a44587ed6fb latency_ms=13.39
[01:45:47][chimera14:5553] expert-agent 3 received request_id=3a3f1478-d4c7-4907-a517-515ce2421c5d keys=['type', 'request_id', 'layer_idx', 'hidden_states', 'expert_ids', 'weights', 'token_idx']
[01:45:47][chimera14:5557] expert-agent 7 received request_id=cdf2c49a-1aac-4b18-9a2b-e94b33f030ee keys=['type', 'request_id', 'layer_idx', 'hidden_states', 'expert_ids', 'weights', 'token_idx']
[01:45:47][chimera14:5553] expert 25 processing 2 token-expert pairs
[01:45:47][chimera14:5550] expert-agent 0 received request_id=33d0f86f-f268-4e87-b0b4-b6d75ad5850a keys=['type', 'request_id', 'layer_idx', 'hidden_states', 'expert_ids', 'weights', 'token_idx']
[01:45:47][chimera14:5557] expert 58 processing 1 token-expert pairs
[01:45:47][chimera14:5553] expert 26 processing 4 token-expert pairs
[01:45:47][chimera14:5555] expert-agent 5 received request_id=a47d78d7-33f4-4550-97a5-e1207fb339df keys=['type', 'request_id', 'layer_idx', 'hidden_states', 'expert_ids', 'weights', 'token_idx']
[01:45:47][chimera14:5557] expert 61 processing 5 token-expert pairs
[01:45:47][chimera14:5550] expert 1 processing 2 token-expert pairs
[01:45:47][chimera14:5556] expert-agent 6 received request_id=1242943a-5000-405d-a69c-7a06681a7a77 keys=['type', 'request_id', 'layer_idx', 'hidden_states', 'expert_ids', 'weights', 'token_idx']
[01:45:47][chimera14:5553] expert 29 processing 2 token-expert pairs
[01:45:47][chimera14:5555] expert 43 processing 1 token-expert pairs
[01:45:47][chimera14:5550] expert 5 processing 2 token-expert pairs
[01:45:47][chimera14:5557] expert 62 processing 2 token-expert pairs
[01:45:47][chimera14:5551] expert-agent 1 received request_id=ce05368f-252f-42d2-b78a-9540e55f7134 keys=['type', 'request_id', 'layer_idx', 'hidden_states', 'expert_ids', 'weights', 'token_idx']
[01:45:47][chimera14:5555] expert 47 processing 1 token-expert pairs
[01:45:47][chimera14:5556] expert 51 processing 4 token-expert pairs
[01:45:47][chimera14:5553] expert 31 processing 3 token-expert pairs
[01:45:47][chimera14:5552] expert-agent 2 received request_id=5c03137f-999a-456f-b355-5f26c5a0f005 keys=['type', 'request_id', 'layer_idx', 'hidden_states', 'expert_ids', 'weights', 'token_idx']
[01:45:47][chimera14:5550] expert 6 processing 1 token-expert pairs
[01:45:47][chimera14:5551] expert 8 processing 1 token-expert pairs
[01:45:47][chimera14:5557] expert 63 processing 2 token-expert pairs
[01:45:47][chimera14:5554] expert-agent 4 received request_id=8d4aed32-f372-4e1a-9dad-226132d13df2 keys=['type', 'request_id', 'layer_idx', 'hidden_states', 'expert_ids', 'weights', 'token_idx']
[01:45:47][chimera14:5550] expert 7 processing 1 token-expert pairs
[01:45:47][chimera14:5555] expert-agent 5 sending response: response_id=RES_a47d78d7-33f4-4550-97a5-e1207fb339df latency_ms=5.84
[01:45:47][chimera14:5551] expert 13 processing 5 token-expert pairs
[01:45:47][chimera14:5556] expert 52 processing 1 token-expert pairs
[01:45:47][chimera14:5552] expert 17 processing 1 token-expert pairs
[01:45:47][chimera14:5556] expert 53 processing 1 token-expert pairs
[01:45:47][chimera14:5554] expert 35 processing 1 token-expert pairs
[01:45:47][chimera14:5552] expert 21 processing 3 token-expert pairs
[01:45:47][chimera14:5553] expert-agent 3 sending response: response_id=RES_3a3f1478-d4c7-4907-a517-515ce2421c5d latency_ms=21.53
[01:45:47][chimera14:5557] expert-agent 7 sending response: response_id=RES_cdf2c49a-1aac-4b18-9a2b-e94b33f030ee latency_ms=19.44
[01:45:47][chimera14:5550] expert-agent 0 sending response: response_id=RES_33d0f86f-f268-4e87-b0b4-b6d75ad5850a latency_ms=15.86
[01:45:47][chimera14:5556] expert 55 processing 5 token-expert pairs
[01:45:47][chimera14:5551] expert 14 processing 1 token-expert pairs
[01:45:47][chimera14:5554] expert 38 processing 1 token-expert pairs
[01:45:47][chimera14:5552] expert 22 processing 2 token-expert pairs
[01:45:47][chimera14:5554] expert 39 processing 1 token-expert pairs
[01:45:47][chimera14:5551] expert-agent 1 sending response: response_id=RES_ce05368f-252f-42d2-b78a-9540e55f7134 latency_ms=12.49
[01:45:47][chimera14:5554] expert-agent 4 sending response: response_id=RES_8d4aed32-f372-4e1a-9dad-226132d13df2 latency_ms=8.76
[01:45:47][chimera14:5556] expert-agent 6 sending response: response_id=RES_1242943a-5000-405d-a69c-7a06681a7a77 latency_ms=18.76
[01:45:47][chimera14:5552] expert-agent 2 sending response: response_id=RES_5c03137f-999a-456f-b355-5f26c5a0f005 latency_ms=13.98
[01:45:47][chimera14:5556] expert-agent 6 received request_id=4bcd6815-6386-43ed-b982-458150ca9a38 keys=['type', 'request_id', 'layer_idx', 'hidden_states', 'expert_ids', 'weights', 'token_idx']
[01:45:47][chimera14:5552] expert-agent 2 received request_id=442c612b-d13a-4210-acfe-2cdb801338dd keys=['type', 'request_id', 'layer_idx', 'hidden_states', 'expert_ids', 'weights', 'token_idx']
[01:45:47][chimera14:5556] expert 48 processing 1 token-expert pairs
[01:45:47][chimera14:5556] expert 49 processing 5 token-expert pairs
[01:45:47][chimera14:5550] expert-agent 0 received request_id=1cf1934a-0cce-4f0d-8d0e-45f0f4dae648 keys=['type', 'request_id', 'layer_idx', 'hidden_states', 'expert_ids', 'weights', 'token_idx']
[01:45:47][chimera14:5552] expert 17 processing 3 token-expert pairs
[01:45:47][chimera14:5555] expert-agent 5 received request_id=e72e857f-1e05-4d11-8a92-7ff776ff6bb3 keys=['type', 'request_id', 'layer_idx', 'hidden_states', 'expert_ids', 'weights', 'token_idx']
[01:45:47][chimera14:5556] expert 55 processing 1 token-expert pairs
[01:45:47][chimera14:5550] expert 1 processing 2 token-expert pairs
[01:45:47][chimera14:5552] expert 18 processing 3 token-expert pairs
[01:45:47][chimera14:5551] expert-agent 1 received request_id=b5afe5cc-7f10-4dca-956f-9a5e58465547 keys=['type', 'request_id', 'layer_idx', 'hidden_states', 'expert_ids', 'weights', 'token_idx']
[01:45:47][chimera14:5555] expert 40 processing 5 token-expert pairs
[01:45:47][chimera14:5557] expert-agent 7 received request_id=e4a880c7-64aa-481f-9fa6-3830ece1a348 keys=['type', 'request_id', 'layer_idx', 'hidden_states', 'expert_ids', 'weights', 'token_idx']
[01:45:47][chimera14:5556] expert-agent 6 sending response: response_id=RES_4bcd6815-6386-43ed-b982-458150ca9a38 latency_ms=12.65
[01:45:47][chimera14:5552] expert 22 processing 2 token-expert pairs
[01:45:47][chimera14:5551] expert 8 processing 1 token-expert pairs
[01:45:47][chimera14:5550] expert-agent 0 sending response: response_id=RES_1cf1934a-0cce-4f0d-8d0e-45f0f4dae648 latency_ms=5.67
[01:45:47][chimera14:5551] expert 9 processing 1 token-expert pairs
[01:45:47][chimera14:5554] expert-agent 4 received request_id=b8a0bb3d-7757-4004-b821-ce534dc9cb1a keys=['type', 'request_id', 'layer_idx', 'hidden_states', 'expert_ids', 'weights', 'token_idx']
[01:45:47][chimera14:5555] expert 43 processing 1 token-expert pairs
[01:45:47][chimera14:5557] expert 58 processing 2 token-expert pairs
[01:45:47][chimera14:5552] expert 23 processing 7 token-expert pairs
[01:45:47][chimera14:5555] expert 44 processing 2 token-expert pairs
[01:45:47][chimera14:5553] expert-agent 3 received request_id=099890dc-76e7-4a97-9bbc-e987695ea23e keys=['type', 'request_id', 'layer_idx', 'hidden_states', 'expert_ids', 'weights', 'token_idx']
[01:45:47][chimera14:5554] expert 32 processing 1 token-expert pairs
[01:45:47][chimera14:5551] expert-agent 1 sending response: response_id=RES_b5afe5cc-7f10-4dca-956f-9a5e58465547 latency_ms=5.66
[01:45:47][chimera14:5557] expert 59 processing 4 token-expert pairs
[01:45:47][chimera14:5554] expert 33 processing 5 token-expert pairs
[01:45:47][chimera14:5553] expert 26 processing 1 token-expert pairs
[01:45:47][chimera14:5553] expert 29 processing 1 token-expert pairs
[01:45:47][chimera14:5557] expert 62 processing 3 token-expert pairs
[01:45:47][chimera14:5555] expert-agent 5 sending response: response_id=RES_e72e857f-1e05-4d11-8a92-7ff776ff6bb3 latency_ms=14.30
[01:45:47][chimera14:5552] expert-agent 2 sending response: response_id=RES_442c612b-d13a-4210-acfe-2cdb801338dd latency_ms=22.98
[01:45:47][chimera14:5554] expert 36 processing 4 token-expert pairs
[01:45:47][chimera14:5553] expert-agent 3 sending response: response_id=RES_099890dc-76e7-4a97-9bbc-e987695ea23e latency_ms=6.32
[01:45:47][chimera14:5554] expert 39 processing 1 token-expert pairs
[01:45:47][chimera14:5557] expert-agent 7 sending response: response_id=RES_e4a880c7-64aa-481f-9fa6-3830ece1a348 latency_ms=16.13
[01:45:47][chimera14:5554] expert-agent 4 sending response: response_id=RES_b8a0bb3d-7757-4004-b821-ce534dc9cb1a latency_ms=18.54
[01:45:47][chimera14:5552] expert-agent 2 received request_id=7a43d61b-a910-4fca-98e9-123c5c07eaef keys=['type', 'request_id', 'layer_idx', 'hidden_states', 'expert_ids', 'weights', 'token_idx']
[01:45:47][chimera14:5555] expert-agent 5 received request_id=4590b894-6cdc-465e-8262-d332cbd8d692 keys=['type', 'request_id', 'layer_idx', 'hidden_states', 'expert_ids', 'weights', 'token_idx']
[01:45:47][chimera14:5552] expert 21 processing 2 token-expert pairs
[01:45:47][chimera14:5550] expert-agent 0 received request_id=0927d216-5b72-49b0-845b-ca8401111dff keys=['type', 'request_id', 'layer_idx', 'hidden_states', 'expert_ids', 'weights', 'token_idx']
[01:45:47][chimera14:5552] expert 23 processing 3 token-expert pairs
[01:45:47][chimera14:5555] expert 41 processing 1 token-expert pairs
[01:45:47][chimera14:5551] expert-agent 1 received request_id=5af613e3-c0e4-490b-a16f-8d5c43bf7ea3 keys=['type', 'request_id', 'layer_idx', 'hidden_states', 'expert_ids', 'weights', 'token_idx']
[01:45:47][chimera14:5555] expert 42 processing 1 token-expert pairs
[01:45:47][chimera14:5550] expert 0 processing 1 token-expert pairs
[01:45:47][chimera14:5555] expert 45 processing 4 token-expert pairs
[01:45:47][chimera14:5554] expert-agent 4 received request_id=a99949fd-54e7-44f2-9363-5a99b93800c2 keys=['type', 'request_id', 'layer_idx', 'hidden_states', 'expert_ids', 'weights', 'token_idx']
[01:45:47][chimera14:5551] expert 12 processing 1 token-expert pairs
[01:45:47][chimera14:5550] expert 1 processing 6 token-expert pairs
[01:45:47][chimera14:5557] expert-agent 7 received request_id=100d285d-e96e-493b-b667-14a778a1493e keys=['type', 'request_id', 'layer_idx', 'hidden_states', 'expert_ids', 'weights', 'token_idx']
[01:45:47][chimera14:5552] expert-agent 2 sending response: response_id=RES_7a43d61b-a910-4fca-98e9-123c5c07eaef latency_ms=10.46
[01:45:47][chimera14:5551] expert 13 processing 6 token-expert pairs
[01:45:47][chimera14:5554] expert 33 processing 4 token-expert pairs
[01:45:47][chimera14:5555] expert 46 processing 1 token-expert pairs
[01:45:47][chimera14:5556] expert-agent 6 received request_id=01eb46bc-14d2-4b3a-aa72-c32cf1c072dd keys=['type', 'request_id', 'layer_idx', 'hidden_states', 'expert_ids', 'weights', 'token_idx']
[01:45:47][chimera14:5550] expert 2 processing 1 token-expert pairs
[01:45:47][chimera14:5557] expert 56 processing 2 token-expert pairs
[01:45:47][chimera14:5553] expert-agent 3 received request_id=3ecfb6da-5c48-4974-aa16-edc276e64756 keys=['type', 'request_id', 'layer_idx', 'hidden_states', 'expert_ids', 'weights', 'token_idx']
[01:45:47][chimera14:5550] expert 4 processing 1 token-expert pairs
[01:45:47][chimera14:5554] expert 35 processing 2 token-expert pairs
[01:45:47][chimera14:5556] expert 48 processing 3 token-expert pairs
[01:45:47][chimera14:5555] expert-agent 5 sending response: response_id=RES_4590b894-6cdc-465e-8262-d332cbd8d692 latency_ms=14.12
[01:45:47][chimera14:5557] expert 58 processing 2 token-expert pairs
[01:45:47][chimera14:5551] expert-agent 1 sending response: response_id=RES_5af613e3-c0e4-490b-a16f-8d5c43bf7ea3 latency_ms=9.77
[01:45:47][chimera14:5553] expert 25 processing 2 token-expert pairs
[01:45:47][chimera14:5554] expert 36 processing 1 token-expert pairs
[01:45:47][chimera14:5556] expert 49 processing 1 token-expert pairs
[01:45:47][chimera14:5557] expert 59 processing 1 token-expert pairs
[01:45:47][chimera14:5550] expert-agent 0 sending response: response_id=RES_0927d216-5b72-49b0-845b-ca8401111dff latency_ms=15.66
[01:45:47][chimera14:5554] expert 37 processing 1 token-expert pairs
[01:45:47][chimera14:5556] expert 54 processing 2 token-expert pairs
[01:45:47][chimera14:5553] expert 31 processing 2 token-expert pairs
[01:45:47][chimera14:5557] expert 62 processing 1 token-expert pairs
[01:45:47][chimera14:5554] expert 39 processing 4 token-expert pairs
[01:45:47][chimera14:5557] expert-agent 7 sending response: response_id=RES_100d285d-e96e-493b-b667-14a778a1493e latency_ms=15.80
[01:45:47][chimera14:5556] expert-agent 6 sending response: response_id=RES_01eb46bc-14d2-4b3a-aa72-c32cf1c072dd latency_ms=13.27
[01:45:47][chimera14:5553] expert-agent 3 sending response: response_id=RES_3ecfb6da-5c48-4974-aa16-edc276e64756 latency_ms=9.98
[01:45:47][chimera14:5554] expert-agent 4 sending response: response_id=RES_a99949fd-54e7-44f2-9363-5a99b93800c2 latency_ms=22.48
[01:45:47][chimera14:5552] expert-agent 2 received request_id=c7a25dc7-588e-4a20-8891-4b546d8e75ad keys=['type', 'request_id', 'layer_idx', 'hidden_states', 'expert_ids', 'weights', 'token_idx']
[01:45:47][chimera14:5550] expert-agent 0 received request_id=e64e1e52-fe66-4121-9074-c5df76e5ab48 keys=['type', 'request_id', 'layer_idx', 'hidden_states', 'expert_ids', 'weights', 'token_idx']
[01:45:47][chimera14:5552] expert 18 processing 4 token-expert pairs
[01:45:47][chimera14:5553] expert-agent 3 received request_id=d64d6c40-57c7-48fd-9e8a-a098dd380921 keys=['type', 'request_id', 'layer_idx', 'hidden_states', 'expert_ids', 'weights', 'token_idx']
[01:45:47][chimera14:5550] expert 1 processing 4 token-expert pairs
[01:45:47][chimera14:5552] expert 22 processing 2 token-expert pairs
[01:45:47][chimera14:5554] expert-agent 4 received request_id=90764313-e7b6-4cca-9c01-f7da39f5a060 keys=['type', 'request_id', 'layer_idx', 'hidden_states', 'expert_ids', 'weights', 'token_idx']
[01:45:47][chimera14:5553] expert 25 processing 1 token-expert pairs
[01:45:47][chimera14:5550] expert 6 processing 2 token-expert pairs
[01:45:47][chimera14:5557] expert-agent 7 received request_id=30fcea19-953d-473a-9db6-25024f19e650 keys=['type', 'request_id', 'layer_idx', 'hidden_states', 'expert_ids', 'weights', 'token_idx']
[01:45:47][chimera14:5553] expert 26 processing 2 token-expert pairs
[01:45:47][chimera14:5554] expert 32 processing 6 token-expert pairs
[01:45:47][chimera14:5556] expert-agent 6 received request_id=e8af57cb-f4e0-4be7-9c68-dc5daa18dc2f keys=['type', 'request_id', 'layer_idx', 'hidden_states', 'expert_ids', 'weights', 'token_idx']
[01:45:47][chimera14:5552] expert-agent 2 sending response: response_id=RES_c7a25dc7-588e-4a20-8891-4b546d8e75ad latency_ms=11.22
[01:45:47][chimera14:5550] expert 7 processing 6 token-expert pairs
[01:45:47][chimera14:5557] expert 59 processing 2 token-expert pairs
[01:45:47][chimera14:5553] expert 27 processing 1 token-expert pairs
[01:45:47][chimera14:5551] expert-agent 1 received request_id=5f81f57c-c94a-4065-b98d-2c1d6096d69b keys=['type', 'request_id', 'layer_idx', 'hidden_states', 'expert_ids', 'weights', 'token_idx']
[01:45:47][chimera14:5556] expert 51 processing 2 token-expert pairs
[01:45:47][chimera14:5553] expert 29 processing 4 token-expert pairs
[01:45:47][chimera14:5554] expert 33 processing 1 token-expert pairs
[01:45:47][chimera14:5555] expert-agent 5 received request_id=a8ff09e6-50f7-407f-9d7b-203a2309b811 keys=['type', 'request_id', 'layer_idx', 'hidden_states', 'expert_ids', 'weights', 'token_idx']
[01:45:47][chimera14:5557] expert 60 processing 4 token-expert pairs
[01:45:47][chimera14:5551] expert 10 processing 2 token-expert pairs
[01:45:47][chimera14:5554] expert 35 processing 3 token-expert pairs
[01:45:47][chimera14:5556] expert 52 processing 1 token-expert pairs
[01:45:47][chimera14:5555] expert 44 processing 1 token-expert pairs
[01:45:47][chimera14:5553] expert 30 processing 2 token-expert pairs
[01:45:47][chimera14:5556] expert 55 processing 1 token-expert pairs
[01:45:47][chimera14:5550] expert-agent 0 sending response: response_id=RES_e64e1e52-fe66-4121-9074-c5df76e5ab48 latency_ms=17.87
[01:45:47][chimera14:5551] expert 12 processing 1 token-expert pairs
[01:45:47][chimera14:5557] expert 61 processing 1 token-expert pairs
[01:45:47][chimera14:5557] expert 62 processing 2 token-expert pairs
[01:45:47][chimera14:5553] expert 31 processing 1 token-expert pairs
[01:45:47][chimera14:5555] expert-agent 5 sending response: response_id=RES_a8ff09e6-50f7-407f-9d7b-203a2309b811 latency_ms=3.32
[01:45:47][chimera14:5554] expert-agent 4 sending response: response_id=RES_90764313-e7b6-4cca-9c01-f7da39f5a060 latency_ms=15.89
[01:45:47][chimera14:5556] expert-agent 6 sending response: response_id=RES_e8af57cb-f4e0-4be7-9c68-dc5daa18dc2f latency_ms=11.08
[01:45:47][chimera14:5551] expert-agent 1 sending response: response_id=RES_5f81f57c-c94a-4065-b98d-2c1d6096d69b latency_ms=7.99
[01:45:47][chimera14:5553] expert-agent 3 sending response: response_id=RES_d64d6c40-57c7-48fd-9e8a-a098dd380921 latency_ms=25.29
[01:45:47][chimera14:5557] expert-agent 7 sending response: response_id=RES_30fcea19-953d-473a-9db6-25024f19e650 latency_ms=19.46
[01:45:47][chimera14:5551] expert-agent 1 received request_id=85ea9f8f-0a84-4a08-84cd-1ec79782b9ff keys=['type', 'request_id', 'layer_idx', 'hidden_states', 'expert_ids', 'weights', 'token_idx']
[01:45:47][chimera14:5555] expert-agent 5 received request_id=07814644-129f-430f-be2e-558610107b1c keys=['type', 'request_id', 'layer_idx', 'hidden_states', 'expert_ids', 'weights', 'token_idx']
[01:45:47][chimera14:5551] expert 8 processing 3 token-expert pairs
[01:45:47][chimera14:5552] expert-agent 2 received request_id=ac750239-c5e2-4c44-a43c-883dff5170e1 keys=['type', 'request_id', 'layer_idx', 'hidden_states', 'expert_ids', 'weights', 'token_idx']
[01:45:47][chimera14:5555] expert 40 processing 1 token-expert pairs
[01:45:47][chimera14:5557] expert-agent 7 received request_id=e9876c20-406b-4cc3-bf55-59d93cebc1c2 keys=['type', 'request_id', 'layer_idx', 'hidden_states', 'expert_ids', 'weights', 'token_idx']
[01:45:47][chimera14:5551] expert 9 processing 2 token-expert pairs
[01:45:47][chimera14:5555] expert 42 processing 4 token-expert pairs
[01:45:47][chimera14:5552] expert 16 processing 3 token-expert pairs
[01:45:47][chimera14:5550] expert-agent 0 received request_id=bf07a01b-67f0-490d-8ebd-c5cac869e30a keys=['type', 'request_id', 'layer_idx', 'hidden_states', 'expert_ids', 'weights', 'token_idx']
[01:45:47][chimera14:5557] expert 57 processing 1 token-expert pairs
[01:45:47][chimera14:5551] expert 12 processing 4 token-expert pairs
[01:45:47][chimera14:5554] expert-agent 4 received request_id=cf65d8e4-1ba3-4cfb-a149-3b3bc3a4a252 keys=['type', 'request_id', 'layer_idx', 'hidden_states', 'expert_ids', 'weights', 'token_idx']
[01:45:47][chimera14:5552] expert 18 processing 3 token-expert pairs
[01:45:47][chimera14:5557] expert 60 processing 1 token-expert pairs
[01:45:47][chimera14:5550] expert 4 processing 2 token-expert pairs
[01:45:47][chimera14:5553] expert-agent 3 received request_id=12e0bdf8-4705-41ae-a567-a06ea281ec32 keys=['type', 'request_id', 'layer_idx', 'hidden_states', 'expert_ids', 'weights', 'token_idx']
[01:45:47][chimera14:5557] expert 61 processing 2 token-expert pairs
[01:45:47][chimera14:5555] expert-agent 5 sending response: response_id=RES_07814644-129f-430f-be2e-558610107b1c latency_ms=8.87
[01:45:47][chimera14:5551] expert 13 processing 4 token-expert pairs
[01:45:47][chimera14:5554] expert 34 processing 1 token-expert pairs
[01:45:47][chimera14:5552] expert 20 processing 2 token-expert pairs
[01:45:47][chimera14:5550] expert 6 processing 1 token-expert pairs
[01:45:47][chimera14:5556] expert-agent 6 received request_id=45a5d721-dd80-46a0-869f-bdfda113be9c keys=['type', 'request_id', 'layer_idx', 'hidden_states', 'expert_ids', 'weights', 'token_idx']
[01:45:47][chimera14:5553] expert 24 processing 3 token-expert pairs
[01:45:47][chimera14:5554] expert 35 processing 1 token-expert pairs
[01:45:47][chimera14:5557] expert 63 processing 1 token-expert pairs
[01:45:47][chimera14:5554] expert 37 processing 1 token-expert pairs
[01:45:47][chimera14:5552] expert 21 processing 3 token-expert pairs
[01:45:47][chimera14:5556] expert 48 processing 2 token-expert pairs
[01:45:47][chimera14:5550] expert-agent 0 sending response: response_id=RES_bf07a01b-67f0-490d-8ebd-c5cac869e30a latency_ms=8.49
[01:45:47][chimera14:5553] expert 26 processing 1 token-expert pairs
[01:45:47][chimera14:5554] expert 39 processing 2 token-expert pairs
[01:45:47][chimera14:5551] expert-agent 1 sending response: response_id=RES_85ea9f8f-0a84-4a08-84cd-1ec79782b9ff latency_ms=22.47
[01:45:47][chimera14:5553] expert 28 processing 1 token-expert pairs
[01:45:47][chimera14:5556] expert 49 processing 1 token-expert pairs
[01:45:47][chimera14:5557] expert-agent 7 sending response: response_id=RES_e9876c20-406b-4cc3-bf55-59d93cebc1c2 latency_ms=14.40
[01:45:47][chimera14:5556] expert 52 processing 2 token-expert pairs
[01:45:47][chimera14:5552] expert-agent 2 sending response: response_id=RES_ac750239-c5e2-4c44-a43c-883dff5170e1 latency_ms=22.06
[01:45:47][chimera14:5556] expert 54 processing 4 token-expert pairs
[01:45:47][chimera14:5553] expert-agent 3 sending response: response_id=RES_12e0bdf8-4705-41ae-a567-a06ea281ec32 latency_ms=11.73
[01:45:47][chimera14:5554] expert-agent 4 sending response: response_id=RES_cf65d8e4-1ba3-4cfb-a149-3b3bc3a4a252 latency_ms=14.09
[01:45:47][chimera14:5556] expert-agent 6 sending response: response_id=RES_45a5d721-dd80-46a0-869f-bdfda113be9c latency_ms=19.19
[01:45:47][chimera14:5550] expert-agent 0 received request_id=f615b42d-daf9-48be-9f23-c97d8040df5c keys=['type', 'request_id', 'layer_idx', 'hidden_states', 'expert_ids', 'weights', 'token_idx']
[01:45:47][chimera14:5555] expert-agent 5 received request_id=7e467ecd-34bd-4091-a065-242d2645ddd0 keys=['type', 'request_id', 'layer_idx', 'hidden_states', 'expert_ids', 'weights', 'token_idx']
[01:45:47][chimera14:5550] expert 2 processing 2 token-expert pairs
[01:45:47][chimera14:5557] expert-agent 7 received request_id=7bf67cd5-3633-4f2b-afd0-fa41bc7ae51f keys=['type', 'request_id', 'layer_idx', 'hidden_states', 'expert_ids', 'weights', 'token_idx']
[01:45:47][chimera14:5555] expert 43 processing 3 token-expert pairs
[01:45:47][chimera14:5550] expert 4 processing 5 token-expert pairs
[01:45:47][chimera14:5553] expert-agent 3 received request_id=af7142a5-5e8e-4c28-a1ca-0d386cdd2ce7 keys=['type', 'request_id', 'layer_idx', 'hidden_states', 'expert_ids', 'weights', 'token_idx']
[01:45:47][chimera14:5557] expert 57 processing 3 token-expert pairs
[01:45:47][chimera14:5555] expert 44 processing 2 token-expert pairs
[01:45:47][chimera14:5554] expert-agent 4 received request_id=b4a48ace-93c5-40fd-b97a-93c2506afd9e keys=['type', 'request_id', 'layer_idx', 'hidden_states', 'expert_ids', 'weights', 'token_idx']
[01:45:47][chimera14:5553] expert 24 processing 1 token-expert pairs
[01:45:47][chimera14:5550] expert 5 processing 1 token-expert pairs
[01:45:47][chimera14:5557] expert 59 processing 4 token-expert pairs
[01:45:47][chimera14:5552] expert-agent 2 received request_id=131225fb-182f-4eaa-9c6d-bd65e43e75f2 keys=['type', 'request_id', 'layer_idx', 'hidden_states', 'expert_ids', 'weights', 'token_idx']
[01:45:47][chimera14:5555] expert 46 processing 1 token-expert pairs
[01:45:47][chimera14:5553] expert 26 processing 1 token-expert pairs
[01:45:47][chimera14:5554] expert 34 processing 2 token-expert pairs
[01:45:47][chimera14:5550] expert 6 processing 4 token-expert pairs
[01:45:47][chimera14:5556] expert-agent 6 received request_id=e734fac2-1e87-493f-a907-b118baf2202c keys=['type', 'request_id', 'layer_idx', 'hidden_states', 'expert_ids', 'weights', 'token_idx']
[01:45:47][chimera14:5553] expert 28 processing 1 token-expert pairs
[01:45:47][chimera14:5552] expert 17 processing 1 token-expert pairs
[01:45:47][chimera14:5554] expert 35 processing 1 token-expert pairs
[01:45:47][chimera14:5553] expert 30 processing 4 token-expert pairs
[01:45:47][chimera14:5551] expert-agent 1 received request_id=36d90cc2-8475-4894-aac8-cc63b10f085d keys=['type', 'request_id', 'layer_idx', 'hidden_states', 'expert_ids', 'weights', 'token_idx']
[01:45:47][chimera14:5555] expert-agent 5 sending response: response_id=RES_7e467ecd-34bd-4091-a065-242d2645ddd0 latency_ms=12.79
[01:45:47][chimera14:5552] expert 18 processing 1 token-expert pairs
[01:45:47][chimera14:5556] expert 48 processing 5 token-expert pairs
[01:45:47][chimera14:5557] expert-agent 7 sending response: response_id=RES_7bf67cd5-3633-4f2b-afd0-fa41bc7ae51f latency_ms=11.39
[01:45:47][chimera14:5554] expert 38 processing 3 token-expert pairs
[01:45:47][chimera14:5552] expert 20 processing 2 token-expert pairs
[01:45:47][chimera14:5550] expert-agent 0 sending response: response_id=RES_f615b42d-daf9-48be-9f23-c97d8040df5c latency_ms=19.44
[01:45:47][chimera14:5551] expert 12 processing 1 token-expert pairs
[01:45:47][chimera14:5553] expert 31 processing 2 token-expert pairs
[01:45:47][chimera14:5551] expert 14 processing 1 token-expert pairs
[01:45:47][chimera14:5556] expert 49 processing 1 token-expert pairs
[01:45:47][chimera14:5552] expert 21 processing 1 token-expert pairs
[01:45:47][chimera14:5551] expert 15 processing 1 token-expert pairs
[01:45:47][chimera14:5556] expert 50 processing 1 token-expert pairs
[01:45:47][chimera14:5554] expert-agent 4 sending response: response_id=RES_b4a48ace-93c5-40fd-b97a-93c2506afd9e latency_ms=13.15
[01:45:47][chimera14:5552] expert 23 processing 1 token-expert pairs
[01:45:47][chimera14:5553] expert-agent 3 sending response: response_id=RES_af7142a5-5e8e-4c28-a1ca-0d386cdd2ce7 latency_ms=19.32
[01:45:47][chimera14:5551] expert-agent 1 sending response: response_id=RES_36d90cc2-8475-4894-aac8-cc63b10f085d latency_ms=8.22
[01:45:47][chimera14:5556] expert-agent 6 sending response: response_id=RES_e734fac2-1e87-493f-a907-b118baf2202c latency_ms=12.00
[01:45:47][chimera14:5552] expert-agent 2 sending response: response_id=RES_131225fb-182f-4eaa-9c6d-bd65e43e75f2 latency_ms=16.37
[01:45:47][chimera14:5557] expert-agent 7 received request_id=1da2e3e5-4352-487d-9a98-c2b1d1b4a357 keys=['type', 'request_id', 'layer_idx', 'hidden_states', 'expert_ids', 'weights', 'token_idx']
[01:45:47][chimera14:5554] expert-agent 4 received request_id=500f67ea-a78e-40d6-a9f8-10d7ee820609 keys=['type', 'request_id', 'layer_idx', 'hidden_states', 'expert_ids', 'weights', 'token_idx']
[01:45:47][chimera14:5557] expert 56 processing 4 token-expert pairs
[01:45:47][chimera14:5556] expert-agent 6 received request_id=d70f58de-643d-49ff-a7b2-af568c378a07 keys=['type', 'request_id', 'layer_idx', 'hidden_states', 'expert_ids', 'weights', 'token_idx']
[01:45:47][chimera14:5554] expert 33 processing 4 token-expert pairs
[01:45:47][chimera14:5557] expert 58 processing 1 token-expert pairs
[01:45:47][chimera14:5551] expert-agent 1 received request_id=500071af-70b0-484c-95e9-6f81887984a7 keys=['type', 'request_id', 'layer_idx', 'hidden_states', 'expert_ids', 'weights', 'token_idx']
[01:45:47][chimera14:5556] expert 51 processing 3 token-expert pairs
[01:45:47][chimera14:5557] expert 59 processing 1 token-expert pairs
[01:45:47][chimera14:5555] expert-agent 5 received request_id=00d6ea21-6337-4b2b-9dc7-0a75211da227 keys=['type', 'request_id', 'layer_idx', 'hidden_states', 'expert_ids', 'weights', 'token_idx']
[01:45:47][chimera14:5554] expert 36 processing 1 token-expert pairs
[01:45:47][chimera14:5551] expert 8 processing 1 token-expert pairs
[01:45:47][chimera14:5554] expert 37 processing 4 token-expert pairs
[01:45:47][chimera14:5556] expert 52 processing 3 token-expert pairs
[01:45:47][chimera14:5552] expert-agent 2 received request_id=6a242609-8a45-4c3b-8fd7-941bb12cc7e0 keys=['type', 'request_id', 'layer_idx', 'hidden_states', 'expert_ids', 'weights', 'token_idx']
[01:45:47][chimera14:5555] expert 40 processing 1 token-expert pairs
[01:45:47][chimera14:5557] expert-agent 7 sending response: response_id=RES_1da2e3e5-4352-487d-9a98-c2b1d1b4a357 latency_ms=11.50
[01:45:47][chimera14:5551] expert 10 processing 2 token-expert pairs
[01:45:47][chimera14:5553] expert-agent 3 received request_id=e608b573-02bd-4f0d-b18e-e75b825bb354 keys=['type', 'request_id', 'layer_idx', 'hidden_states', 'expert_ids', 'weights', 'token_idx']
[01:45:47][chimera14:5555] expert 41 processing 1 token-expert pairs
[01:45:47][chimera14:5554] expert 38 processing 1 token-expert pairs
[01:45:47][chimera14:5552] expert 16 processing 1 token-expert pairs
[01:45:47][chimera14:5551] expert 12 processing 1 token-expert pairs
[01:45:47][chimera14:5550] expert-agent 0 received request_id=8c928aeb-4a57-435c-acbe-23405c768ec2 keys=['type', 'request_id', 'layer_idx', 'hidden_states', 'expert_ids', 'weights', 'token_idx']
[01:45:47][chimera14:5555] expert 44 processing 2 token-expert pairs
[01:45:47][chimera14:5554] expert 39 processing 1 token-expert pairs
[01:45:47][chimera14:5552] expert 17 processing 2 token-expert pairs
[01:45:47][chimera14:5553] expert 24 processing 1 token-expert pairs
[01:45:47][chimera14:5556] expert-agent 6 sending response: response_id=RES_d70f58de-643d-49ff-a7b2-af568c378a07 latency_ms=10.80
[01:45:47][chimera14:5551] expert 13 processing 1 token-expert pairs
[01:45:47][chimera14:5553] expert 26 processing 1 token-expert pairs
[01:45:47][chimera14:5555] expert 46 processing 2 token-expert pairs
[01:45:47][chimera14:5551] expert 14 processing 5 token-expert pairs
[01:45:47][chimera14:5550] expert 2 processing 2 token-expert pairs
[01:45:47][chimera14:5552] expert 20 processing 1 token-expert pairs
[01:45:47][chimera14:5553] expert 28 processing 2 token-expert pairs
[01:45:47][chimera14:5554] expert-agent 4 sending response: response_id=RES_500f67ea-a78e-40d6-a9f8-10d7ee820609 latency_ms=19.77
[01:45:47][chimera14:5552] expert 22 processing 3 token-expert pairs
[01:45:47][chimera14:5550] expert 7 processing 2 token-expert pairs
[01:45:47][chimera14:5553] expert 29 processing 1 token-expert pairs
[01:45:47][chimera14:5555] expert-agent 5 sending response: response_id=RES_00d6ea21-6337-4b2b-9dc7-0a75211da227 latency_ms=15.81
[01:45:47][chimera14:5553] expert 31 processing 1 token-expert pairs
[01:45:47][chimera14:5551] expert-agent 1 sending response: response_id=RES_500071af-70b0-484c-95e9-6f81887984a7 latency_ms=20.24
[01:45:47][chimera14:5552] expert-agent 2 sending response: response_id=RES_6a242609-8a45-4c3b-8fd7-941bb12cc7e0 latency_ms=16.50
[01:45:47][chimera14:5550] expert-agent 0 sending response: response_id=RES_8c928aeb-4a57-435c-acbe-23405c768ec2 latency_ms=10.28
[01:45:47][chimera14:5553] expert-agent 3 sending response: response_id=RES_e608b573-02bd-4f0d-b18e-e75b825bb354 latency_ms=16.82
[01:45:47][chimera14:5557] expert-agent 7 received request_id=e3b07b65-cd81-4626-bbdc-2df7a75dca37 keys=['type', 'request_id', 'layer_idx', 'hidden_states', 'expert_ids', 'weights', 'token_idx']
[01:45:47][chimera14:5556] expert-agent 6 received request_id=ad81e23e-b76a-46de-b3ca-2875a1ce96ea keys=['type', 'request_id', 'layer_idx', 'hidden_states', 'expert_ids', 'weights', 'token_idx']
[01:45:47][chimera14:5557] expert 56 processing 1 token-expert pairs
[01:45:47][chimera14:5550] expert-agent 0 received request_id=d1310bb7-9c4a-4d40-bf8d-93c05364a6c6 keys=['type', 'request_id', 'layer_idx', 'hidden_states', 'expert_ids', 'weights', 'token_idx']
[01:45:47][chimera14:5557] expert 57 processing 1 token-expert pairs
[01:45:47][chimera14:5556] expert 48 processing 1 token-expert pairs
[01:45:47][chimera14:5557] expert 58 processing 4 token-expert pairs
[01:45:47][chimera14:5552] expert-agent 2 received request_id=8ba7bb76-ff5b-4181-a08a-84143f28e63f keys=['type', 'request_id', 'layer_idx', 'hidden_states', 'expert_ids', 'weights', 'token_idx']
[01:45:47][chimera14:5556] expert 49 processing 2 token-expert pairs
[01:45:47][chimera14:5550] expert 3 processing 1 token-expert pairs
[01:45:47][chimera14:5551] expert-agent 1 received request_id=6feaa851-596b-4e5b-a8e1-dbe2bbef1c44 keys=['type', 'request_id', 'layer_idx', 'hidden_states', 'expert_ids', 'weights', 'token_idx']
[01:45:47][chimera14:5550] expert 6 processing 4 token-expert pairs
[01:45:47][chimera14:5552] expert 17 processing 1 token-expert pairs
[01:45:47][chimera14:5557] expert 59 processing 3 token-expert pairs
[01:45:47][chimera14:5556] expert 51 processing 2 token-expert pairs
[01:45:47][chimera14:5554] expert-agent 4 received request_id=56a2f7d2-9558-4fa1-96e7-644598deaf98 keys=['type', 'request_id', 'layer_idx', 'hidden_states', 'expert_ids', 'weights', 'token_idx']
[01:45:47][chimera14:5552] expert 19 processing 1 token-expert pairs
[01:45:47][chimera14:5551] expert 9 processing 3 token-expert pairs
[01:45:47][chimera14:5555] expert-agent 5 received request_id=b2951361-a4e6-4df2-93e4-9ddada8b81a0 keys=['type', 'request_id', 'layer_idx', 'hidden_states', 'expert_ids', 'weights', 'token_idx']
[01:45:47][chimera14:5556] expert 54 processing 4 token-expert pairs
[01:45:47][chimera14:5552] expert 22 processing 1 token-expert pairs
[01:45:47][chimera14:5557] expert 63 processing 1 token-expert pairs
[01:45:47][chimera14:5554] expert 32 processing 3 token-expert pairs
[01:45:47][chimera14:5552] expert 23 processing 3 token-expert pairs
[01:45:47][chimera14:5553] expert-agent 3 received request_id=babcb19c-a9e3-4006-97a8-7c4b558aa31e keys=['type', 'request_id', 'layer_idx', 'hidden_states', 'expert_ids', 'weights', 'token_idx']
[01:45:47][chimera14:5551] expert 10 processing 2 token-expert pairs
[01:45:47][chimera14:5550] expert-agent 0 sending response: response_id=RES_d1310bb7-9c4a-4d40-bf8d-93c05364a6c6 latency_ms=8.94
[01:45:47][chimera14:5555] expert 41 processing 1 token-expert pairs
[01:45:47][chimera14:5554] expert 36 processing 1 token-expert pairs
[01:45:47][chimera14:5555] expert 44 processing 1 token-expert pairs
[01:45:47][chimera14:5557] expert-agent 7 sending response: response_id=RES_e3b07b65-cd81-4626-bbdc-2df7a75dca37 latency_ms=20.29
[01:45:47][chimera14:5551] expert 12 processing 1 token-expert pairs
[01:45:47][chimera14:5553] expert 24 processing 1 token-expert pairs
[01:45:47][chimera14:5554] expert 39 processing 1 token-expert pairs
[01:45:47][chimera14:5555] expert 45 processing 1 token-expert pairs
[01:45:47][chimera14:5556] expert-agent 6 sending response: response_id=RES_ad81e23e-b76a-46de-b3ca-2875a1ce96ea latency_ms=19.11
[01:45:47][chimera14:5551] expert 13 processing 2 token-expert pairs
[01:45:47][chimera14:5553] expert 29 processing 3 token-expert pairs
[01:45:47][chimera14:5552] expert-agent 2 sending response: response_id=RES_8ba7bb76-ff5b-4181-a08a-84143f28e63f latency_ms=14.37
[01:45:47][chimera14:5554] expert-agent 4 sending response: response_id=RES_56a2f7d2-9558-4fa1-96e7-644598deaf98 latency_ms=11.11
[01:45:47][chimera14:5551] expert 15 processing 3 token-expert pairs
[01:45:47][chimera14:5555] expert-agent 5 sending response: response_id=RES_b2951361-a4e6-4df2-93e4-9ddada8b81a0 latency_ms=8.40
[01:45:47][chimera14:5553] expert 30 processing 1 token-expert pairs
[01:45:47][chimera14:5553] expert 31 processing 2 token-expert pairs
[01:45:47][chimera14:5551] expert-agent 1 sending response: response_id=RES_6feaa851-596b-4e5b-a8e1-dbe2bbef1c44 latency_ms=23.33
[01:45:47][chimera14:5553] expert-agent 3 sending response: response_id=RES_babcb19c-a9e3-4006-97a8-7c4b558aa31e latency_ms=16.36
[01:45:47][chimera14:5550] expert-agent 0 received request_id=838cec53-c96a-429f-8b05-71586b837e03 keys=['type', 'request_id', 'layer_idx', 'hidden_states', 'expert_ids', 'weights', 'token_idx']
[01:45:47][chimera14:5551] expert-agent 1 received request_id=c217bf27-b337-4ef3-a51e-3de060c00d1d keys=['type', 'request_id', 'layer_idx', 'hidden_states', 'expert_ids', 'weights', 'token_idx']
[01:45:47][chimera14:5550] expert 1 processing 1 token-expert pairs
[01:45:47][chimera14:5556] expert-agent 6 received request_id=272d91b7-361c-47b0-be1a-a872ef7166f6 keys=['type', 'request_id', 'layer_idx', 'hidden_states', 'expert_ids', 'weights', 'token_idx']
[01:45:47][chimera14:5550] expert 2 processing 1 token-expert pairs
[01:45:47][chimera14:5551] expert 9 processing 6 token-expert pairs
[01:45:47][chimera14:5550] expert 3 processing 1 token-expert pairs
[01:45:47][chimera14:5554] expert-agent 4 received request_id=cbba2c77-08f6-4a57-8d02-7aefbae91f89 keys=['type', 'request_id', 'layer_idx', 'hidden_states', 'expert_ids', 'weights', 'token_idx']
[01:45:47][chimera14:5550] expert 4 processing 1 token-expert pairs
[01:45:47][chimera14:5556] expert 49 processing 1 token-expert pairs
[01:45:47][chimera14:5555] expert-agent 5 received request_id=a1d7d4fc-327c-4bab-a8f4-5d65b5bdacf9 keys=['type', 'request_id', 'layer_idx', 'hidden_states', 'expert_ids', 'weights', 'token_idx']
[01:45:47][chimera14:5554] expert 34 processing 1 token-expert pairs
[01:45:47][chimera14:5550] expert 5 processing 3 token-expert pairs
[01:45:47][chimera14:5556] expert 50 processing 2 token-expert pairs
[01:45:47][chimera14:5551] expert 10 processing 1 token-expert pairs
[01:45:47][chimera14:5554] expert 36 processing 1 token-expert pairs
[01:45:47][chimera14:5551] expert 11 processing 4 token-expert pairs
[01:45:47][chimera14:5553] expert-agent 3 received request_id=c4b75e19-6870-42e8-a18e-a6d5875b40c6 keys=['type', 'request_id', 'layer_idx', 'hidden_states', 'expert_ids', 'weights', 'token_idx']
[01:45:47][chimera14:5554] expert 39 processing 1 token-expert pairs
[01:45:47][chimera14:5556] expert 54 processing 3 token-expert pairs
[01:45:47][chimera14:5550] expert 6 processing 1 token-expert pairs
[01:45:47][chimera14:5555] expert 42 processing 1 token-expert pairs
[01:45:47][chimera14:5551] expert 15 processing 1 token-expert pairs
[01:45:47][chimera14:5555] expert 43 processing 1 token-expert pairs
[01:45:47][chimera14:5556] expert 55 processing 4 token-expert pairs
[01:45:47][chimera14:5555] expert 45 processing 3 token-expert pairs
[01:45:47][chimera14:5553] expert 26 processing 1 token-expert pairs
[01:45:47][chimera14:5552] expert-agent 2 received request_id=81f9298d-7362-4e0c-bdfc-d56fe4708d3a keys=['type', 'request_id', 'layer_idx', 'hidden_states', 'expert_ids', 'weights', 'token_idx']
[01:45:47][chimera14:5553] expert 28 processing 1 token-expert pairs
[01:45:47][chimera14:5555] expert 47 processing 2 token-expert pairs
[01:45:47][chimera14:5550] expert-agent 0 sending response: response_id=RES_838cec53-c96a-429f-8b05-71586b837e03 latency_ms=19.70
[01:45:47][chimera14:5554] expert-agent 4 sending response: response_id=RES_cbba2c77-08f6-4a57-8d02-7aefbae91f89 latency_ms=8.76
[01:45:47][chimera14:5551] expert-agent 1 sending response: response_id=RES_c217bf27-b337-4ef3-a51e-3de060c00d1d latency_ms=18.51
[01:45:47][chimera14:5553] expert 29 processing 1 token-expert pairs
[01:45:47][chimera14:5557] expert-agent 7 received request_id=ed0d1985-3b5d-44d1-81fa-591abb167405 keys=['type', 'request_id', 'layer_idx', 'hidden_states', 'expert_ids', 'weights', 'token_idx']
[01:45:47][chimera14:5553] expert 31 processing 2 token-expert pairs
[01:45:47][chimera14:5556] expert-agent 6 sending response: response_id=RES_272d91b7-361c-47b0-be1a-a872ef7166f6 latency_ms=19.17
[01:45:48][chimera14:5552] expert 16 processing 3 token-expert pairs
[01:45:48][chimera14:5555] expert-agent 5 sending response: response_id=RES_a1d7d4fc-327c-4bab-a8f4-5d65b5bdacf9 latency_ms=16.58
[01:45:48][chimera14:5557] expert 56 processing 3 token-expert pairs
[01:45:48][chimera14:5552] expert 18 processing 1 token-expert pairs
[01:45:48][chimera14:5552] expert 21 processing 1 token-expert pairs
[01:45:48][chimera14:5553] expert-agent 3 sending response: response_id=RES_c4b75e19-6870-42e8-a18e-a6d5875b40c6 latency_ms=14.20
[01:45:48][chimera14:5557] expert 57 processing 2 token-expert pairs
[01:45:48][chimera14:5557] expert 62 processing 1 token-expert pairs
[01:45:48][chimera14:5552] expert-agent 2 sending response: response_id=RES_81f9298d-7362-4e0c-bdfc-d56fe4708d3a latency_ms=11.39
[01:45:48][chimera14:5557] expert-agent 7 sending response: response_id=RES_ed0d1985-3b5d-44d1-81fa-591abb167405 latency_ms=13.59
[01:45:48][chimera14:5557] expert-agent 7 received request_id=b33884bc-e137-473c-a124-3648ee70d83f keys=['type', 'request_id', 'layer_idx', 'hidden_states', 'expert_ids', 'weights', 'token_idx']
[01:45:48][chimera14:5551] expert-agent 1 received request_id=6f0c4037-2258-4197-91d4-31391ad8f52e keys=['type', 'request_id', 'layer_idx', 'hidden_states', 'expert_ids', 'weights', 'token_idx']
[01:45:48][chimera14:5557] expert 56 processing 2 token-expert pairs
[01:45:48][chimera14:5555] expert-agent 5 received request_id=f5bdef6d-7b5e-4238-acd8-844bafd427ea keys=['type', 'request_id', 'layer_idx', 'hidden_states', 'expert_ids', 'weights', 'token_idx']
[01:45:48][chimera14:5551] expert 9 processing 3 token-expert pairs
[01:45:48][chimera14:5557] expert 57 processing 1 token-expert pairs
[01:45:48][chimera14:5552] expert-agent 2 received request_id=3332a6fd-224d-42a3-af5c-928fdee7ed11 keys=['type', 'request_id', 'layer_idx', 'hidden_states', 'expert_ids', 'weights', 'token_idx']
[01:45:48][chimera14:5557] expert 58 processing 1 token-expert pairs
[01:45:48][chimera14:5555] expert 40 processing 1 token-expert pairs
[01:45:48][chimera14:5551] expert 11 processing 4 token-expert pairs
[01:45:48][chimera14:5554] expert-agent 4 received request_id=8038c9f7-0840-4b0c-8fe7-dcc969d2ac30 keys=['type', 'request_id', 'layer_idx', 'hidden_states', 'expert_ids', 'weights', 'token_idx']
[01:45:48][chimera14:5557] expert 60 processing 4 token-expert pairs
[01:45:48][chimera14:5555] expert 42 processing 4 token-expert pairs
[01:45:48][chimera14:5552] expert 17 processing 1 token-expert pairs
[01:45:48][chimera14:5556] expert-agent 6 received request_id=dca1b979-514c-42b8-be39-aa217ec16661 keys=['type', 'request_id', 'layer_idx', 'hidden_states', 'expert_ids', 'weights', 'token_idx']
[01:45:48][chimera14:5552] expert 19 processing 1 token-expert pairs
[01:45:48][chimera14:5554] expert 33 processing 1 token-expert pairs
[01:45:48][chimera14:5551] expert 12 processing 4 token-expert pairs
[01:45:48][chimera14:5557] expert 61 processing 1 token-expert pairs
[01:45:48][chimera14:5555] expert 43 processing 2 token-expert pairs
[01:45:48][chimera14:5552] expert 22 processing 4 token-expert pairs
[01:45:48][chimera14:5553] expert-agent 3 received request_id=d32922db-5a9b-4795-9a6a-165d5e7b3a9f keys=['type', 'request_id', 'layer_idx', 'hidden_states', 'expert_ids', 'weights', 'token_idx']
[01:45:48][chimera14:5554] expert 34 processing 1 token-expert pairs
[01:45:48][chimera14:5556] expert 48 processing 2 token-expert pairs
[01:45:48][chimera14:5557] expert 63 processing 1 token-expert pairs
[01:45:48][chimera14:5554] expert 37 processing 1 token-expert pairs
[01:45:48][chimera14:5550] expert-agent 0 received request_id=78c5b3f7-5209-4bb2-82d0-f177a106ae4e keys=['type', 'request_id', 'layer_idx', 'hidden_states', 'expert_ids', 'weights', 'token_idx']
[01:45:48][chimera14:5555] expert 44 processing 1 token-expert pairs
[01:45:48][chimera14:5553] expert 24 processing 2 token-expert pairs
[01:45:48][chimera14:5556] expert 54 processing 1 token-expert pairs
[01:45:48][chimera14:5554] expert 39 processing 1 token-expert pairs
[01:45:48][chimera14:5551] expert-agent 1 sending response: response_id=RES_6f0c4037-2258-4197-91d4-31391ad8f52e latency_ms=16.91
[01:45:48][chimera14:5555] expert 45 processing 3 token-expert pairs
[01:45:48][chimera14:5550] expert 7 processing 1 token-expert pairs
[01:45:48][chimera14:5557] expert-agent 7 sending response: response_id=RES_b33884bc-e137-473c-a124-3648ee70d83f latency_ms=22.08
[01:45:48][chimera14:5552] expert-agent 2 sending response: response_id=RES_3332a6fd-224d-42a3-af5c-928fdee7ed11 latency_ms=11.98
[01:45:48][chimera14:5553] expert 28 processing 5 token-expert pairs
[01:45:48][chimera14:5556] expert-agent 6 sending response: response_id=RES_dca1b979-514c-42b8-be39-aa217ec16661 latency_ms=8.16
[01:45:48][chimera14:5554] expert-agent 4 sending response: response_id=RES_8038c9f7-0840-4b0c-8fe7-dcc969d2ac30 latency_ms=11.89
[01:45:48][chimera14:5555] expert 46 processing 1 token-expert pairs
[01:45:48][chimera14:5550] expert-agent 0 sending response: response_id=RES_78c5b3f7-5209-4bb2-82d0-f177a106ae4e latency_ms=3.20
[01:45:48][chimera14:5555] expert 47 processing 1 token-expert pairs
[01:45:48][chimera14:5553] expert 30 processing 1 token-expert pairs
[01:45:48][chimera14:5555] expert-agent 5 sending response: response_id=RES_f5bdef6d-7b5e-4238-acd8-844bafd427ea latency_ms=28.11
[01:45:48][chimera14:5553] expert-agent 3 sending response: response_id=RES_d32922db-5a9b-4795-9a6a-165d5e7b3a9f latency_ms=15.20
[01:45:48][chimera14:5551] expert-agent 1 received request_id=7af13be5-9522-48ce-bfaf-499ac437d692 keys=['type', 'request_id', 'layer_idx', 'hidden_states', 'expert_ids', 'weights', 'token_idx']
[01:45:48][chimera14:5557] expert-agent 7 received request_id=2ff8dd01-b666-447d-b1a6-42e29e51362d keys=['type', 'request_id', 'layer_idx', 'hidden_states', 'expert_ids', 'weights', 'token_idx']
[01:45:48][chimera14:5551] expert 9 processing 2 token-expert pairs
[01:45:48][chimera14:5553] expert-agent 3 received request_id=893210cf-a5a2-46b2-a6dd-93359d2c2e36 keys=['type', 'request_id', 'layer_idx', 'hidden_states', 'expert_ids', 'weights', 'token_idx']
[01:45:48][chimera14:5557] expert 58 processing 3 token-expert pairs
[01:45:48][chimera14:5551] expert 12 processing 2 token-expert pairs
[01:45:48][chimera14:5556] expert-agent 6 received request_id=981b931f-e999-4b0b-be0d-06ae64b56265 keys=['type', 'request_id', 'layer_idx', 'hidden_states', 'expert_ids', 'weights', 'token_idx']
[01:45:48][chimera14:5553] expert 24 processing 4 token-expert pairs
[01:45:48][chimera14:5557] expert 60 processing 3 token-expert pairs
[01:45:48][chimera14:5555] expert-agent 5 received request_id=e1097f1f-d01a-4832-ac7c-783234c72c33 keys=['type', 'request_id', 'layer_idx', 'hidden_states', 'expert_ids', 'weights', 'token_idx']
[01:45:48][chimera14:5551] expert 15 processing 2 token-expert pairs
[01:45:48][chimera14:5556] expert 50 processing 1 token-expert pairs
[01:45:48][chimera14:5550] expert-agent 0 received request_id=29ea3a39-2701-4fed-b29f-b690e7db7879 keys=['type', 'request_id', 'layer_idx', 'hidden_states', 'expert_ids', 'weights', 'token_idx']
[01:45:48][chimera14:5553] expert 25 processing 1 token-expert pairs
[01:45:48][chimera14:5556] expert 51 processing 4 token-expert pairs
[01:45:48][chimera14:5555] expert 40 processing 2 token-expert pairs
[01:45:48][chimera14:5557] expert 61 processing 1 token-expert pairs
[01:45:48][chimera14:5553] expert 28 processing 1 token-expert pairs
[01:45:48][chimera14:5552] expert-agent 2 received request_id=1938fd68-14b4-4d62-83d8-a8f82ecfd7f5 keys=['type', 'request_id', 'layer_idx', 'hidden_states', 'expert_ids', 'weights', 'token_idx']
[01:45:48][chimera14:5557] expert 62 processing 1 token-expert pairs
[01:45:48][chimera14:5551] expert-agent 1 sending response: response_id=RES_7af13be5-9522-48ce-bfaf-499ac437d692 latency_ms=14.29
[01:45:48][chimera14:5550] expert 0 processing 1 token-expert pairs
[01:45:48][chimera14:5553] expert 29 processing 2 token-expert pairs
[01:45:48][chimera14:5555] expert 41 processing 1 token-expert pairs
[01:45:48][chimera14:5554] expert-agent 4 received request_id=f431220d-f18d-4d68-8108-3e8d599bf802 keys=['type', 'request_id', 'layer_idx', 'hidden_states', 'expert_ids', 'weights', 'token_idx']
[01:45:48][chimera14:5557] expert 63 processing 1 token-expert pairs
[01:45:48][chimera14:5556] expert 52 processing 5 token-expert pairs
[01:45:48][chimera14:5552] expert 18 processing 1 token-expert pairs
[01:45:48][chimera14:5550] expert 1 processing 2 token-expert pairs
[01:45:48][chimera14:5555] expert 43 processing 1 token-expert pairs
[01:45:48][chimera14:5552] expert 22 processing 2 token-expert pairs
[01:45:48][chimera14:5553] expert 31 processing 1 token-expert pairs
[01:45:48][chimera14:5555] expert 47 processing 1 token-expert pairs
[01:45:48][chimera14:5554] expert 33 processing 1 token-expert pairs
[01:45:48][chimera14:5550] expert 2 processing 1 token-expert pairs
[01:45:48][chimera14:5557] expert-agent 7 sending response: response_id=RES_2ff8dd01-b666-447d-b1a6-42e29e51362d latency_ms=19.54
[01:45:48][chimera14:5554] expert 36 processing 1 token-expert pairs
[01:45:48][chimera14:5552] expert 23 processing 1 token-expert pairs
[01:45:48][chimera14:5550] expert 3 processing 3 token-expert pairs
[01:45:48][chimera14:5556] expert-agent 6 sending response: response_id=RES_981b931f-e999-4b0b-be0d-06ae64b56265 latency_ms=15.38
[01:45:48][chimera14:5554] expert 38 processing 1 token-expert pairs
[01:45:48][chimera14:5553] expert-agent 3 sending response: response_id=RES_893210cf-a5a2-46b2-a6dd-93359d2c2e36 latency_ms=19.78
[01:45:48][chimera14:5555] expert-agent 5 sending response: response_id=RES_e1097f1f-d01a-4832-ac7c-783234c72c33 latency_ms=13.38
[01:45:48][chimera14:5554] expert 39 processing 1 token-expert pairs
[01:45:48][chimera14:5550] expert 4 processing 1 token-expert pairs
[01:45:48][chimera14:5552] expert-agent 2 sending response: response_id=RES_1938fd68-14b4-4d62-83d8-a8f82ecfd7f5 latency_ms=10.69
[01:45:48][chimera14:5550] expert 7 processing 1 token-expert pairs
[01:45:48][chimera14:5554] expert-agent 4 sending response: response_id=RES_f431220d-f18d-4d68-8108-3e8d599bf802 latency_ms=11.33
[01:45:48][chimera14:5550] expert-agent 0 sending response: response_id=RES_29ea3a39-2701-4fed-b29f-b690e7db7879 latency_ms=21.92
[01:45:48][chimera14:5557] expert-agent 7 received request_id=09229ef4-1cdd-4a27-a4db-ed39962cde84 keys=['type', 'request_id', 'layer_idx', 'hidden_states', 'expert_ids', 'weights', 'token_idx']
[01:45:48][chimera14:5551] expert-agent 1 received request_id=e01ee71d-9d97-4b99-888b-aaff664872c9 keys=['type', 'request_id', 'layer_idx', 'hidden_states', 'expert_ids', 'weights', 'token_idx']
[01:45:48][chimera14:5557] expert 56 processing 3 token-expert pairs
[01:45:48][chimera14:5550] expert-agent 0 received request_id=02e78a06-fde0-47db-9122-be6566356f79 keys=['type', 'request_id', 'layer_idx', 'hidden_states', 'expert_ids', 'weights', 'token_idx']
[01:45:48][chimera14:5551] expert 8 processing 4 token-expert pairs
[01:45:48][chimera14:5555] expert-agent 5 received request_id=1a7dd923-b0b6-4a6b-80b4-233135be1354 keys=['type', 'request_id', 'layer_idx', 'hidden_states', 'expert_ids', 'weights', 'token_idx']
[01:45:48][chimera14:5557] expert 57 processing 1 token-expert pairs
[01:45:48][chimera14:5550] expert 4 processing 1 token-expert pairs
[01:45:48][chimera14:5554] expert-agent 4 received request_id=1500203e-9d1b-4d14-a7bb-d46f1feac242 keys=['type', 'request_id', 'layer_idx', 'hidden_states', 'expert_ids', 'weights', 'token_idx']
[01:45:48][chimera14:5557] expert 60 processing 2 token-expert pairs
[01:45:48][chimera14:5551] expert 13 processing 2 token-expert pairs
[01:45:48][chimera14:5555] expert 40 processing 1 token-expert pairs
[01:45:48][chimera14:5550] expert 6 processing 6 token-expert pairs
[01:45:48][chimera14:5553] expert-agent 3 received request_id=632f080d-7cc9-4d96-abbc-4a36eb47fe86 keys=['type', 'request_id', 'layer_idx', 'hidden_states', 'expert_ids', 'weights', 'token_idx']
[01:45:48][chimera14:5554] expert 33 processing 1 token-expert pairs
[01:45:48][chimera14:5555] expert 41 processing 1 token-expert pairs
[01:45:48][chimera14:5557] expert 61 processing 4 token-expert pairs
[01:45:48][chimera14:5551] expert 14 processing 2 token-expert pairs
[01:45:48][chimera14:5555] expert 42 processing 1 token-expert pairs
[01:45:48][chimera14:5554] expert 39 processing 3 token-expert pairs
[01:45:48][chimera14:5556] expert-agent 6 received request_id=beb5ed40-c96f-4c22-b4e9-7916e3d73976 keys=['type', 'request_id', 'layer_idx', 'hidden_states', 'expert_ids', 'weights', 'token_idx']
[01:45:48][chimera14:5553] expert 24 processing 1 token-expert pairs
[01:45:48][chimera14:5550] expert 7 processing 1 token-expert pairs
[01:45:48][chimera14:5555] expert 43 processing 1 token-expert pairs
[01:45:48][chimera14:5551] expert 15 processing 1 token-expert pairs
[01:45:48][chimera14:5552] expert-agent 2 received request_id=f82523e2-5c1a-4668-9bb4-e5fbe33eaa49 keys=['type', 'request_id', 'layer_idx', 'hidden_states', 'expert_ids', 'weights', 'token_idx']
[01:45:48][chimera14:5557] expert 62 processing 2 token-expert pairs
[01:45:48][chimera14:5553] expert 25 processing 1 token-expert pairs
[01:45:48][chimera14:5556] expert 48 processing 1 token-expert pairs
[01:45:48][chimera14:5553] expert 30 processing 2 token-expert pairs
[01:45:48][chimera14:5550] expert-agent 0 sending response: response_id=RES_02e78a06-fde0-47db-9122-be6566356f79 latency_ms=12.97
[01:45:48][chimera14:5556] expert 52 processing 5 token-expert pairs
[01:45:48][chimera14:5552] expert 17 processing 2 token-expert pairs
[01:45:48][chimera14:5554] expert-agent 4 sending response: response_id=RES_1500203e-9d1b-4d14-a7bb-d46f1feac242 latency_ms=8.79
[01:45:48][chimera14:5557] expert 63 processing 4 token-expert pairs
[01:45:48][chimera14:5555] expert-agent 5 sending response: response_id=RES_1a7dd923-b0b6-4a6b-80b4-233135be1354 latency_ms=11.93
[01:45:48][chimera14:5551] expert-agent 1 sending response: response_id=RES_e01ee71d-9d97-4b99-888b-aaff664872c9 latency_ms=18.97
[01:45:48][chimera14:5553] expert 31 processing 3 token-expert pairs
[01:45:48][chimera14:5552] expert 18 processing 1 token-expert pairs
[01:45:48][chimera14:5556] expert 53 processing 2 token-expert pairs
[01:45:48][chimera14:5552] expert 20 processing 1 token-expert pairs
[01:45:48][chimera14:5557] expert-agent 7 sending response: response_id=RES_09229ef4-1cdd-4a27-a4db-ed39962cde84 latency_ms=30.76
[01:45:48][chimera14:5552] expert 23 processing 3 token-expert pairs
[01:45:48][chimera14:5556] expert 55 processing 1 token-expert pairs
[01:45:48][chimera14:5553] expert-agent 3 sending response: response_id=RES_632f080d-7cc9-4d96-abbc-4a36eb47fe86 latency_ms=17.45
[01:45:48][chimera14:5556] expert-agent 6 sending response: response_id=RES_beb5ed40-c96f-4c22-b4e9-7916e3d73976 latency_ms=17.88
[01:45:48][chimera14:5552] expert-agent 2 sending response: response_id=RES_f82523e2-5c1a-4668-9bb4-e5fbe33eaa49 latency_ms=16.66
[01:45:48][chimera14:5552] expert-agent 2 received request_id=faac810b-4cfe-4aee-9354-68bf86aa4f68 keys=['type', 'request_id', 'layer_idx', 'hidden_states', 'expert_ids', 'weights', 'token_idx']
[01:45:48][chimera14:5552] expert 16 processing 1 token-expert pairs
[01:45:48][chimera14:5551] expert-agent 1 received request_id=544c3045-608d-459e-93e5-ddb3d5e31367 keys=['type', 'request_id', 'layer_idx', 'hidden_states', 'expert_ids', 'weights', 'token_idx']
[01:45:48][chimera14:5552] expert 18 processing 7 token-expert pairs
[01:45:48][chimera14:5555] expert-agent 5 received request_id=ffb92ea8-91a7-4694-847b-1dcf57014e84 keys=['type', 'request_id', 'layer_idx', 'hidden_states', 'expert_ids', 'weights', 'token_idx']
[01:45:48][chimera14:5551] expert 11 processing 3 token-expert pairs
[01:45:48][chimera14:5555] expert 41 processing 2 token-expert pairs
[01:45:48][chimera14:5552] expert 21 processing 2 token-expert pairs
[01:45:48][chimera14:5554] expert-agent 4 received request_id=c27ee5f7-ee57-407d-a4e9-d72ea3d15faf keys=['type', 'request_id', 'layer_idx', 'hidden_states', 'expert_ids', 'weights', 'token_idx']
[01:45:48][chimera14:5551] expert 13 processing 1 token-expert pairs
[01:45:48][chimera14:5550] expert-agent 0 received request_id=43c0fda8-0bc7-4984-ac18-cae3dfe7b685 keys=['type', 'request_id', 'layer_idx', 'hidden_states', 'expert_ids', 'weights', 'token_idx']
[01:45:48][chimera14:5552] expert 22 processing 1 token-expert pairs
[01:45:48][chimera14:5555] expert 45 processing 2 token-expert pairs
[01:45:48][chimera14:5554] expert 35 processing 3 token-expert pairs
[01:45:48][chimera14:5552] expert 23 processing 1 token-expert pairs
[01:45:48][chimera14:5556] expert-agent 6 received request_id=7cf3e712-6d57-48ab-ac7c-c380a2e6dea7 keys=['type', 'request_id', 'layer_idx', 'hidden_states', 'expert_ids', 'weights', 'token_idx']
[01:45:48][chimera14:5551] expert-agent 1 sending response: response_id=RES_544c3045-608d-459e-93e5-ddb3d5e31367 latency_ms=8.30
[01:45:48][chimera14:5555] expert 46 processing 1 token-expert pairs
[01:45:48][chimera14:5550] expert 0 processing 1 token-expert pairs
[01:45:48][chimera14:5554] expert 36 processing 1 token-expert pairs
[01:45:48][chimera14:5553] expert-agent 3 received request_id=062d6bb1-dce3-4d14-a5de-712ba89db3ba keys=['type', 'request_id', 'layer_idx', 'hidden_states', 'expert_ids', 'weights', 'token_idx']
[01:45:48][chimera14:5555] expert 47 processing 1 token-expert pairs
[01:45:48][chimera14:5550] expert 1 processing 4 token-expert pairs
[01:45:48][chimera14:5556] expert 49 processing 1 token-expert pairs
[01:45:48][chimera14:5554] expert 38 processing 1 token-expert pairs
[01:45:48][chimera14:5552] expert-agent 2 sending response: response_id=RES_faac810b-4cfe-4aee-9354-68bf86aa4f68 latency_ms=20.38
[01:45:48][chimera14:5556] expert 52 processing 1 token-expert pairs
[01:45:48][chimera14:5557] expert-agent 7 received request_id=8fb2fb17-be41-44f4-903b-1be94df4fc8c keys=['type', 'request_id', 'layer_idx', 'hidden_states', 'expert_ids', 'weights', 'token_idx']
[01:45:48][chimera14:5554] expert 39 processing 1 token-expert pairs
[01:45:48][chimera14:5553] expert 24 processing 3 token-expert pairs
[01:45:48][chimera14:5556] expert 53 processing 1 token-expert pairs
[01:45:48][chimera14:5550] expert 3 processing 1 token-expert pairs
[01:45:48][chimera14:5555] expert-agent 5 sending response: response_id=RES_ffb92ea8-91a7-4694-847b-1dcf57014e84 latency_ms=14.96
[01:45:48][chimera14:5557] expert 57 processing 1 token-expert pairs
[01:45:48][chimera14:5550] expert 4 processing 2 token-expert pairs
[01:45:48][chimera14:5554] expert-agent 4 sending response: response_id=RES_c27ee5f7-ee57-407d-a4e9-d72ea3d15faf latency_ms=13.09
[01:45:48][chimera14:5553] expert 25 processing 1 token-expert pairs
[01:45:48][chimera14:5557] expert 60 processing 4 token-expert pairs
[01:45:48][chimera14:5556] expert-agent 6 sending response: response_id=RES_7cf3e712-6d57-48ab-ac7c-c380a2e6dea7 latency_ms=7.93
[01:45:48][chimera14:5553] expert 26 processing 1 token-expert pairs
[01:45:48][chimera14:5550] expert 7 processing 3 token-expert pairs
[01:45:48][chimera14:5553] expert 27 processing 2 token-expert pairs
[01:45:48][chimera14:5557] expert 62 processing 3 token-expert pairs
[01:45:48][chimera14:5553] expert 28 processing 1 token-expert pairs
[01:45:48][chimera14:5557] expert 63 processing 2 token-expert pairs
[01:45:48][chimera14:5550] expert-agent 0 sending response: response_id=RES_43c0fda8-0bc7-4984-ac18-cae3dfe7b685 latency_ms=20.16
[01:45:48][chimera14:5553] expert 29 processing 3 token-expert pairs
[01:45:48][chimera14:5553] expert 30 processing 1 token-expert pairs
[01:45:48][chimera14:5557] expert-agent 7 sending response: response_id=RES_8fb2fb17-be41-44f4-903b-1be94df4fc8c latency_ms=16.96
[01:45:48][chimera14:5553] expert-agent 3 sending response: response_id=RES_062d6bb1-dce3-4d14-a5de-712ba89db3ba latency_ms=24.17
[01:45:48][chimera14:5553] expert-agent 3 received request_id=a7e13660-f4f9-4027-ac74-f584d9a69545 keys=['type', 'request_id', 'layer_idx', 'hidden_states', 'expert_ids', 'weights', 'token_idx']
[01:45:48][chimera14:5554] expert-agent 4 received request_id=b555fdb9-7be7-4322-8a19-d82c43a9400d keys=['type', 'request_id', 'layer_idx', 'hidden_states', 'expert_ids', 'weights', 'token_idx']
[01:45:48][chimera14:5553] expert 24 processing 3 token-expert pairs
[01:45:48][chimera14:5557] expert-agent 7 received request_id=d9c41a85-a7e8-4c15-b09c-044815228eaa keys=['type', 'request_id', 'layer_idx', 'hidden_states', 'expert_ids', 'weights', 'token_idx']
[01:45:48][chimera14:5554] expert 32 processing 3 token-expert pairs
[01:45:48][chimera14:5553] expert 28 processing 2 token-expert pairs
[01:45:48][chimera14:5555] expert-agent 5 received request_id=95be5beb-e074-4ad4-93b5-c1d936624cd9 keys=['type', 'request_id', 'layer_idx', 'hidden_states', 'expert_ids', 'weights', 'token_idx']
[01:45:48][chimera14:5557] expert 56 processing 1 token-expert pairs
[01:45:48][chimera14:5554] expert 33 processing 1 token-expert pairs
[01:45:48][chimera14:5553] expert 30 processing 4 token-expert pairs
[01:45:48][chimera14:5552] expert-agent 2 received request_id=fb561ba5-a2d1-42fd-a0ff-ab49f8fd7118 keys=['type', 'request_id', 'layer_idx', 'hidden_states', 'expert_ids', 'weights', 'token_idx']
[01:45:48][chimera14:5555] expert 40 processing 1 token-expert pairs
[01:45:48][chimera14:5557] expert 59 processing 2 token-expert pairs
[01:45:48][chimera14:5554] expert 34 processing 1 token-expert pairs
[01:45:48][chimera14:5550] expert-agent 0 received request_id=ed3de1ff-f871-4f2e-a16f-c59e4010de2e keys=['type', 'request_id', 'layer_idx', 'hidden_states', 'expert_ids', 'weights', 'token_idx']
[01:45:48][chimera14:5555] expert 43 processing 1 token-expert pairs
[01:45:48][chimera14:5554] expert 35 processing 1 token-expert pairs
[01:45:48][chimera14:5552] expert 16 processing 1 token-expert pairs
[01:45:48][chimera14:5557] expert 60 processing 3 token-expert pairs
[01:45:48][chimera14:5555] expert 45 processing 1 token-expert pairs
[01:45:48][chimera14:5554] expert 36 processing 1 token-expert pairs
[01:45:48][chimera14:5552] expert 19 processing 1 token-expert pairs
[01:45:48][chimera14:5550] expert 0 processing 1 token-expert pairs
[01:45:48][chimera14:5551] expert-agent 1 received request_id=e3820af8-6539-4eb7-947d-bb66f68c5004 keys=['type', 'request_id', 'layer_idx', 'hidden_states', 'expert_ids', 'weights', 'token_idx']
[01:45:48][chimera14:5553] expert-agent 3 sending response: response_id=RES_a7e13660-f4f9-4027-ac74-f584d9a69545 latency_ms=15.25
[01:45:48][chimera14:5554] expert 39 processing 2 token-expert pairs
[01:45:48][chimera14:5552] expert 20 processing 1 token-expert pairs
[01:45:48][chimera14:5550] expert 3 processing 3 token-expert pairs
[01:45:48][chimera14:5557] expert 61 processing 1 token-expert pairs
[01:45:48][chimera14:5556] expert-agent 6 received request_id=798c35ec-6a86-439e-b842-07ccc3ca074a keys=['type', 'request_id', 'layer_idx', 'hidden_states', 'expert_ids', 'weights', 'token_idx']
[01:45:48][chimera14:5555] expert-agent 5 sending response: response_id=RES_95be5beb-e074-4ad4-93b5-c1d936624cd9 latency_ms=7.78
[01:45:48][chimera14:5552] expert 22 processing 3 token-expert pairs
[01:45:48][chimera14:5551] expert 8 processing 7 token-expert pairs
[01:45:48][chimera14:5557] expert 62 processing 4 token-expert pairs
[01:45:48][chimera14:5556] expert 49 processing 3 token-expert pairs
[01:45:48][chimera14:5554] expert-agent 4 sending response: response_id=RES_b555fdb9-7be7-4322-8a19-d82c43a9400d latency_ms=19.67
[01:45:48][chimera14:5557] expert 63 processing 3 token-expert pairs
[01:45:48][chimera14:5550] expert-agent 0 sending response: response_id=RES_ed3de1ff-f871-4f2e-a16f-c59e4010de2e latency_ms=7.18
[01:45:48][chimera14:5551] expert 9 processing 1 token-expert pairs
[01:45:48][chimera14:5552] expert-agent 2 sending response: response_id=RES_fb561ba5-a2d1-42fd-a0ff-ab49f8fd7118 latency_ms=12.50
[01:45:48][chimera14:5556] expert 51 processing 3 token-expert pairs
[01:45:48][chimera14:5551] expert 12 processing 2 token-expert pairs
[01:45:48][chimera14:5557] expert-agent 7 sending response: response_id=RES_d9c41a85-a7e8-4c15-b09c-044815228eaa latency_ms=23.96
[01:45:48][chimera14:5551] expert 14 processing 3 token-expert pairs
[01:45:48][chimera14:5556] expert-agent 6 sending response: response_id=RES_798c35ec-6a86-439e-b842-07ccc3ca074a latency_ms=9.16
[01:45:48][chimera14:5551] expert-agent 1 sending response: response_id=RES_e3820af8-6539-4eb7-947d-bb66f68c5004 latency_ms=18.82
[01:45:48][chimera14:5554] expert-agent 4 received request_id=c5b6a94a-d3b6-4669-a8bf-ac477c8109df keys=['type', 'request_id', 'layer_idx', 'hidden_states', 'expert_ids', 'weights', 'token_idx']
[01:45:48][chimera14:5554] expert 32 processing 1 token-expert pairs
[01:45:48][chimera14:5557] expert-agent 7 received request_id=b4c70700-c235-4d1c-916b-6326383013b5 keys=['type', 'request_id', 'layer_idx', 'hidden_states', 'expert_ids', 'weights', 'token_idx']
[01:45:48][chimera14:5554] expert 33 processing 2 token-expert pairs
[01:45:48][chimera14:5557] expert 56 processing 3 token-expert pairs
[01:45:48][chimera14:5551] expert-agent 1 received request_id=e632a9d2-6d8d-4780-a624-da91279aa009 keys=['type', 'request_id', 'layer_idx', 'hidden_states', 'expert_ids', 'weights', 'token_idx']
[01:45:48][chimera14:5554] expert 39 processing 2 token-expert pairs
[01:45:48][chimera14:5555] expert-agent 5 received request_id=05ca912e-bac0-435b-8600-a889f6024a66 keys=['type', 'request_id', 'layer_idx', 'hidden_states', 'expert_ids', 'weights', 'token_idx']
[01:45:48][chimera14:5557] expert 60 processing 1 token-expert pairs
[01:45:48][chimera14:5551] expert 11 processing 2 token-expert pairs
[01:45:48][chimera14:5557] expert 61 processing 5 token-expert pairs
[01:45:48][chimera14:5555] expert 41 processing 1 token-expert pairs
[01:45:48][chimera14:5556] expert-agent 6 received request_id=45d28adb-2329-4864-9935-fbfb789cfb6e keys=['type', 'request_id', 'layer_idx', 'hidden_states', 'expert_ids', 'weights', 'token_idx']
[01:45:48][chimera14:5554] expert-agent 4 sending response: response_id=RES_c5b6a94a-d3b6-4669-a8bf-ac477c8109df latency_ms=10.54
[01:45:48][chimera14:5551] expert 12 processing 1 token-expert pairs
[01:45:48][chimera14:5555] expert 43 processing 1 token-expert pairs
[01:45:48][chimera14:5551] expert 13 processing 1 token-expert pairs
[01:45:48][chimera14:5553] expert-agent 3 received request_id=9469c1d5-d5c8-4c22-8256-45130c4f5170 keys=['type', 'request_id', 'layer_idx', 'hidden_states', 'expert_ids', 'weights', 'token_idx']
[01:45:48][chimera14:5557] expert 62 processing 1 token-expert pairs
[01:45:48][chimera14:5555] expert 44 processing 3 token-expert pairs
[01:45:48][chimera14:5556] expert 48 processing 2 token-expert pairs
[01:45:48][chimera14:5551] expert 14 processing 6 token-expert pairs
[01:45:48][chimera14:5557] expert 63 processing 3 token-expert pairs
[01:45:48][chimera14:5555] expert 45 processing 1 token-expert pairs
[01:45:48][chimera14:5556] expert 51 processing 4 token-expert pairs
[01:45:48][chimera14:5552] expert-agent 2 received request_id=61763d52-67c7-44cc-bd28-b4d2c6db3e02 keys=['type', 'request_id', 'layer_idx', 'hidden_states', 'expert_ids', 'weights', 'token_idx']
[01:45:48][chimera14:5553] expert 29 processing 1 token-expert pairs
[01:45:48][chimera14:5551] expert 15 processing 5 token-expert pairs
[01:45:48][chimera14:5553] expert 30 processing 1 token-expert pairs
[01:45:48][chimera14:5556] expert 54 processing 2 token-expert pairs
[01:45:48][chimera14:5553] expert 31 processing 3 token-expert pairs
[01:45:48][chimera14:5556] expert 55 processing 4 token-expert pairs
[01:45:48][chimera14:5550] expert-agent 0 received request_id=640c74ec-8e13-4712-b17a-a8497883f8e1 keys=['type', 'request_id', 'layer_idx', 'hidden_states', 'expert_ids', 'weights', 'token_idx']
[01:45:48][chimera14:5555] expert-agent 5 sending response: response_id=RES_05ca912e-bac0-435b-8600-a889f6024a66 latency_ms=11.18
[01:45:48][chimera14:5557] expert-agent 7 sending response: response_id=RES_b4c70700-c235-4d1c-916b-6326383013b5 latency_ms=18.50
[01:45:48][chimera14:5551] expert-agent 1 sending response: response_id=RES_e632a9d2-6d8d-4780-a624-da91279aa009 latency_ms=19.82
[01:45:48][chimera14:5552] expert 19 processing 2 token-expert pairs
[01:45:48][chimera14:5552] expert 22 processing 2 token-expert pairs
[01:45:48][chimera14:5553] expert-agent 3 sending response: response_id=RES_9469c1d5-d5c8-4c22-8256-45130c4f5170 latency_ms=9.00
[01:45:48][chimera14:5556] expert-agent 6 sending response: response_id=RES_45d28adb-2329-4864-9935-fbfb789cfb6e latency_ms=17.72
[01:45:48][chimera14:5550] expert 1 processing 2 token-expert pairs
[01:45:48][chimera14:5552] expert 23 processing 2 token-expert pairs
[01:45:48][chimera14:5550] expert-agent 0 sending response: response_id=RES_640c74ec-8e13-4712-b17a-a8497883f8e1 latency_ms=4.22
[01:45:48][chimera14:5552] expert-agent 2 sending response: response_id=RES_61763d52-67c7-44cc-bd28-b4d2c6db3e02 latency_ms=12.03
[01:45:48][chimera14:5553] expert-agent 3 received request_id=72babf01-7c90-432e-8035-169a74a7d5b6 keys=['type', 'request_id', 'layer_idx', 'hidden_states', 'expert_ids', 'weights', 'token_idx']
[01:45:48][chimera14:5551] expert-agent 1 received request_id=7e04fa86-5300-47a6-9d8f-8a816f2c3417 keys=['type', 'request_id', 'layer_idx', 'hidden_states', 'expert_ids', 'weights', 'token_idx']
[01:45:48][chimera14:5553] expert 25 processing 1 token-expert pairs
[01:45:48][chimera14:5553] expert 27 processing 5 token-expert pairs
[01:45:48][chimera14:5551] expert 10 processing 3 token-expert pairs
[01:45:48][chimera14:5550] expert-agent 0 received request_id=f0bdb4de-a885-408a-8ccf-409298c1950a keys=['type', 'request_id', 'layer_idx', 'hidden_states', 'expert_ids', 'weights', 'token_idx']
[01:45:48][chimera14:5553] expert 28 processing 1 token-expert pairs
[01:45:48][chimera14:5551] expert 14 processing 1 token-expert pairs
[01:45:48][chimera14:5557] expert-agent 7 received request_id=75a21bc7-a90a-46ad-a3e9-e90780d6c477 keys=['type', 'request_id', 'layer_idx', 'hidden_states', 'expert_ids', 'weights', 'token_idx']
[01:45:48][chimera14:5550] expert 2 processing 5 token-expert pairs
[01:45:48][chimera14:5554] expert-agent 4 received request_id=5b9f6649-72c2-4322-a74f-9e0ed3300f98 keys=['type', 'request_id', 'layer_idx', 'hidden_states', 'expert_ids', 'weights', 'token_idx']
[01:45:48][chimera14:5557] expert 59 processing 3 token-expert pairs
[01:45:48][chimera14:5553] expert-agent 3 sending response: response_id=RES_72babf01-7c90-432e-8035-169a74a7d5b6 latency_ms=9.90
[01:45:48][chimera14:5551] expert-agent 1 sending response: response_id=RES_7e04fa86-5300-47a6-9d8f-8a816f2c3417 latency_ms=6.76
[01:45:48][chimera14:5550] expert 4 processing 1 token-expert pairs
[01:45:48][chimera14:5552] expert-agent 2 received request_id=d1bd554d-f47e-452a-85d0-34e851d621c8 keys=['type', 'request_id', 'layer_idx', 'hidden_states', 'expert_ids', 'weights', 'token_idx']
[01:45:48][chimera14:5550] expert 5 processing 3 token-expert pairs
[01:45:48][chimera14:5554] expert 33 processing 6 token-expert pairs
[01:45:48][chimera14:5557] expert 62 processing 2 token-expert pairs
[01:45:48][chimera14:5556] expert-agent 6 received request_id=7bd267a0-3d50-4cad-a212-a63dca1c3130 keys=['type', 'request_id', 'layer_idx', 'hidden_states', 'expert_ids', 'weights', 'token_idx']
[01:45:48][chimera14:5552] expert 16 processing 2 token-expert pairs
[01:45:48][chimera14:5550] expert 6 processing 1 token-expert pairs
[01:45:48][chimera14:5557] expert 63 processing 5 token-expert pairs
[01:45:48][chimera14:5556] expert 48 processing 3 token-expert pairs
[01:45:48][chimera14:5554] expert 34 processing 3 token-expert pairs
[01:45:48][chimera14:5555] expert-agent 5 received request_id=6cd473fa-9aa9-4497-abe0-ffe4332c7a16 keys=['type', 'request_id', 'layer_idx', 'hidden_states', 'expert_ids', 'weights', 'token_idx']
[01:45:48][chimera14:5552] expert 23 processing 2 token-expert pairs
[01:45:48][chimera14:5550] expert-agent 0 sending response: response_id=RES_f0bdb4de-a885-408a-8ccf-409298c1950a latency_ms=14.17
[01:45:48][chimera14:5554] expert 37 processing 1 token-expert pairs
[01:45:48][chimera14:5555] expert 41 processing 5 token-expert pairs
[01:45:48][chimera14:5556] expert 54 processing 1 token-expert pairs
[01:45:48][chimera14:5556] expert 55 processing 1 token-expert pairs
[01:45:48][chimera14:5554] expert 38 processing 2 token-expert pairs
[01:45:48][chimera14:5557] expert-agent 7 sending response: response_id=RES_75a21bc7-a90a-46ad-a3e9-e90780d6c477 latency_ms=13.66
[01:45:48][chimera14:5552] expert-agent 2 sending response: response_id=RES_d1bd554d-f47e-452a-85d0-34e851d621c8 latency_ms=8.07
[01:45:48][chimera14:5555] expert 43 processing 1 token-expert pairs
[01:45:48][chimera14:5556] expert-agent 6 sending response: response_id=RES_7bd267a0-3d50-4cad-a212-a63dca1c3130 latency_ms=8.82
[01:45:48][chimera14:5555] expert 47 processing 6 token-expert pairs
[01:45:48][chimera14:5554] expert-agent 4 sending response: response_id=RES_5b9f6649-72c2-4322-a74f-9e0ed3300f98 latency_ms=16.65
[01:45:48][chimera14:5555] expert-agent 5 sending response: response_id=RES_6cd473fa-9aa9-4497-abe0-ffe4332c7a16 latency_ms=14.43
[01:45:48][chimera14:5553] expert-agent 3 received request_id=7f5bed3b-1bac-41ec-93cc-7c0b656cadbe keys=['type', 'request_id', 'layer_idx', 'hidden_states', 'expert_ids', 'weights', 'token_idx']
[01:45:48][chimera14:5557] expert-agent 7 received request_id=d68a3323-08ca-4d9c-836e-442dc85c4571 keys=['type', 'request_id', 'layer_idx', 'hidden_states', 'expert_ids', 'weights', 'token_idx']
[01:45:48][chimera14:5553] expert 25 processing 3 token-expert pairs
[01:45:48][chimera14:5550] expert-agent 0 received request_id=2ec0b0f4-0144-4a83-9b9f-2b6b201f3ae4 keys=['type', 'request_id', 'layer_idx', 'hidden_states', 'expert_ids', 'weights', 'token_idx']
[01:45:48][chimera14:5557] expert 58 processing 1 token-expert pairs
[01:45:48][chimera14:5553] expert 26 processing 4 token-expert pairs
[01:45:48][chimera14:5557] expert 61 processing 5 token-expert pairs
[01:45:48][chimera14:5555] expert-agent 5 received request_id=81da711a-abb4-4b85-aece-87ae135e9e44 keys=['type', 'request_id', 'layer_idx', 'hidden_states', 'expert_ids', 'weights', 'token_idx']
[01:45:48][chimera14:5550] expert 1 processing 2 token-expert pairs
[01:45:48][chimera14:5553] expert 29 processing 3 token-expert pairs
[01:45:48][chimera14:5555] expert 43 processing 1 token-expert pairs
[01:45:48][chimera14:5556] expert-agent 6 received request_id=e8602515-e987-4536-a77e-287dcf54e2f8 keys=['type', 'request_id', 'layer_idx', 'hidden_states', 'expert_ids', 'weights', 'token_idx']
[01:45:48][chimera14:5550] expert 5 processing 3 token-expert pairs
[01:45:48][chimera14:5557] expert 62 processing 3 token-expert pairs
[01:45:48][chimera14:5555] expert 47 processing 2 token-expert pairs
[01:45:48][chimera14:5553] expert 31 processing 3 token-expert pairs
[01:45:48][chimera14:5551] expert-agent 1 received request_id=12876bd9-b979-4f1d-97db-99639d11c089 keys=['type', 'request_id', 'layer_idx', 'hidden_states', 'expert_ids', 'weights', 'token_idx']
[01:45:48][chimera14:5556] expert 49 processing 1 token-expert pairs
[01:45:48][chimera14:5550] expert 6 processing 1 token-expert pairs
[01:45:48][chimera14:5557] expert 63 processing 2 token-expert pairs
[01:45:48][chimera14:5556] expert 51 processing 4 token-expert pairs
[01:45:48][chimera14:5552] expert-agent 2 received request_id=b2ae1a75-7032-4899-bd3a-0a13a3632c9d keys=['type', 'request_id', 'layer_idx', 'hidden_states', 'expert_ids', 'weights', 'token_idx']
[01:45:48][chimera14:5550] expert 7 processing 1 token-expert pairs
[01:45:48][chimera14:5551] expert 8 processing 2 token-expert pairs
[01:45:48][chimera14:5555] expert-agent 5 sending response: response_id=RES_81da711a-abb4-4b85-aece-87ae135e9e44 latency_ms=6.26
[01:45:48][chimera14:5554] expert-agent 4 received request_id=8c92e3b8-e959-4613-afc2-70a775923c53 keys=['type', 'request_id', 'layer_idx', 'hidden_states', 'expert_ids', 'weights', 'token_idx']
[01:45:48][chimera14:5552] expert 17 processing 1 token-expert pairs
[01:45:48][chimera14:5553] expert-agent 3 sending response: response_id=RES_7f5bed3b-1bac-41ec-93cc-7c0b656cadbe latency_ms=17.87
[01:45:48][chimera14:5556] expert 52 processing 1 token-expert pairs
[01:45:48][chimera14:5551] expert 13 processing 5 token-expert pairs
[01:45:48][chimera14:5550] expert-agent 0 sending response: response_id=RES_2ec0b0f4-0144-4a83-9b9f-2b6b201f3ae4 latency_ms=12.79
[01:45:48][chimera14:5557] expert-agent 7 sending response: response_id=RES_d68a3323-08ca-4d9c-836e-442dc85c4571 latency_ms=15.80
[01:45:48][chimera14:5552] expert 21 processing 3 token-expert pairs
[01:45:48][chimera14:5556] expert 53 processing 1 token-expert pairs
[01:45:48][chimera14:5554] expert 35 processing 1 token-expert pairs
[01:45:48][chimera14:5556] expert 55 processing 5 token-expert pairs
[01:45:48][chimera14:5554] expert 38 processing 2 token-expert pairs
[01:45:48][chimera14:5551] expert 14 processing 1 token-expert pairs
[01:45:48][chimera14:5552] expert 22 processing 2 token-expert pairs
[01:45:48][chimera14:5554] expert 39 processing 1 token-expert pairs
[01:45:48][chimera14:5551] expert-agent 1 sending response: response_id=RES_12876bd9-b979-4f1d-97db-99639d11c089 latency_ms=11.63
[01:45:48][chimera14:5552] expert-agent 2 sending response: response_id=RES_b2ae1a75-7032-4899-bd3a-0a13a3632c9d latency_ms=10.62
[01:45:48][chimera14:5556] expert-agent 6 sending response: response_id=RES_e8602515-e987-4536-a77e-287dcf54e2f8 latency_ms=17.39
[01:45:48][chimera14:5554] expert-agent 4 sending response: response_id=RES_8c92e3b8-e959-4613-afc2-70a775923c53 latency_ms=8.59
[01:45:48][chimera14:5556] expert-agent 6 received request_id=44ab1673-f9a1-43ea-9549-69022ff7a5e4 keys=['type', 'request_id', 'layer_idx', 'hidden_states', 'expert_ids', 'weights', 'token_idx']
[01:45:48][chimera14:5556] expert 48 processing 2 token-expert pairs
[01:45:48][chimera14:5552] expert-agent 2 received request_id=ed7adea8-ec9a-4ae5-83ce-cf561eec0185 keys=['type', 'request_id', 'layer_idx', 'hidden_states', 'expert_ids', 'weights', 'token_idx']
[01:45:48][chimera14:5556] expert 49 processing 5 token-expert pairs
[01:45:48][chimera14:5550] expert-agent 0 received request_id=933fb994-6839-4eca-a9aa-0d8c06f37ee9 keys=['type', 'request_id', 'layer_idx', 'hidden_states', 'expert_ids', 'weights', 'token_idx']
[01:45:48][chimera14:5556] expert 55 processing 1 token-expert pairs
[01:45:48][chimera14:5552] expert 17 processing 4 token-expert pairs
[01:45:48][chimera14:5555] expert-agent 5 received request_id=ea0ad29f-e849-4f54-90e9-54337eb73eb1 keys=['type', 'request_id', 'layer_idx', 'hidden_states', 'expert_ids', 'weights', 'token_idx']
[01:45:48][chimera14:5552] expert 18 processing 4 token-expert pairs
[01:45:48][chimera14:5550] expert 1 processing 2 token-expert pairs
[01:45:48][chimera14:5556] expert-agent 6 sending response: response_id=RES_44ab1673-f9a1-43ea-9549-69022ff7a5e4 latency_ms=12.71
[01:45:48][chimera14:5552] expert 22 processing 2 token-expert pairs
[01:45:48][chimera14:5551] expert-agent 1 received request_id=a93dbaaa-883a-4130-8f19-e631409b7da8 keys=['type', 'request_id', 'layer_idx', 'hidden_states', 'expert_ids', 'weights', 'token_idx']
[01:45:48][chimera14:5555] expert 40 processing 5 token-expert pairs
[01:45:48][chimera14:5552] expert 23 processing 7 token-expert pairs
[01:45:48][chimera14:5550] expert-agent 0 sending response: response_id=RES_933fb994-6839-4eca-a9aa-0d8c06f37ee9 latency_ms=4.18
[01:45:48][chimera14:5555] expert 43 processing 2 token-expert pairs
[01:45:48][chimera14:5551] expert 8 processing 1 token-expert pairs
[01:45:48][chimera14:5557] expert-agent 7 received request_id=4daef337-25c5-4197-bab8-ab6850d186fb keys=['type', 'request_id', 'layer_idx', 'hidden_states', 'expert_ids', 'weights', 'token_idx']
[01:45:48][chimera14:5551] expert 9 processing 1 token-expert pairs
[01:45:48][chimera14:5555] expert 44 processing 3 token-expert pairs
[01:45:48][chimera14:5552] expert-agent 2 sending response: response_id=RES_ed7adea8-ec9a-4ae5-83ce-cf561eec0185 latency_ms=19.80
[01:45:48][chimera14:5551] expert-agent 1 sending response: response_id=RES_a93dbaaa-883a-4130-8f19-e631409b7da8 latency_ms=4.43
[01:45:48][chimera14:5557] expert 58 processing 2 token-expert pairs
[01:45:48][chimera14:5554] expert-agent 4 received request_id=c5ffe930-1f0e-4e3e-ac1e-cdcbb6558169 keys=['type', 'request_id', 'layer_idx', 'hidden_states', 'expert_ids', 'weights', 'token_idx']
[01:45:48][chimera14:5555] expert-agent 5 sending response: response_id=RES_ea0ad29f-e849-4f54-90e9-54337eb73eb1 latency_ms=13.76
[01:45:48][chimera14:5557] expert 59 processing 4 token-expert pairs
[01:45:48][chimera14:5553] expert-agent 3 received request_id=18bfadd9-ac20-4f5b-af65-1aee54271568 keys=['type', 'request_id', 'layer_idx', 'hidden_states', 'expert_ids', 'weights', 'token_idx']
[01:45:48][chimera14:5554] expert 32 processing 2 token-expert pairs
[01:45:48][chimera14:5557] expert 62 processing 3 token-expert pairs
[01:45:48][chimera14:5553] expert 26 processing 1 token-expert pairs
[01:45:48][chimera14:5553] expert 29 processing 2 token-expert pairs
[01:45:48][chimera14:5554] expert 33 processing 5 token-expert pairs
[01:45:48][chimera14:5557] expert-agent 7 sending response: response_id=RES_4daef337-25c5-4197-bab8-ab6850d186fb latency_ms=13.04
[01:45:48][chimera14:5554] expert 36 processing 4 token-expert pairs
[01:45:48][chimera14:5553] expert-agent 3 sending response: response_id=RES_18bfadd9-ac20-4f5b-af65-1aee54271568 latency_ms=6.28
[01:45:48][chimera14:5554] expert 39 processing 2 token-expert pairs
[01:45:48][chimera14:5554] expert-agent 4 sending response: response_id=RES_c5ffe930-1f0e-4e3e-ac1e-cdcbb6558169 latency_ms=18.46
[01:45:48][chimera14:5552] expert-agent 2 received request_id=ab2bc985-4550-411b-b4ad-892904949223 keys=['type', 'request_id', 'layer_idx', 'hidden_states', 'expert_ids', 'weights', 'token_idx']
[01:45:48][chimera14:5552] expert 21 processing 2 token-expert pairs
[01:45:48][chimera14:5555] expert-agent 5 received request_id=e1484604-6572-4a89-b7be-0938dffe1c59 keys=['type', 'request_id', 'layer_idx', 'hidden_states', 'expert_ids', 'weights', 'token_idx']
[01:45:48][chimera14:5552] expert 23 processing 3 token-expert pairs
[01:45:48][chimera14:5550] expert-agent 0 received request_id=c6cab020-f9bb-4296-86a6-dc78e4844f49 keys=['type', 'request_id', 'layer_idx', 'hidden_states', 'expert_ids', 'weights', 'token_idx']
[01:45:48][chimera14:5555] expert 41 processing 1 token-expert pairs
[01:45:48][chimera14:5555] expert 42 processing 1 token-expert pairs
[01:45:48][chimera14:5551] expert-agent 1 received request_id=0ebc87db-8ff4-41a9-8a27-4acbfc72f9c6 keys=['type', 'request_id', 'layer_idx', 'hidden_states', 'expert_ids', 'weights', 'token_idx']
[01:45:48][chimera14:5550] expert 0 processing 1 token-expert pairs
[01:45:48][chimera14:5555] expert 45 processing 4 token-expert pairs
[01:45:48][chimera14:5550] expert 1 processing 7 token-expert pairs
[01:45:48][chimera14:5552] expert-agent 2 sending response: response_id=RES_ab2bc985-4550-411b-b4ad-892904949223 latency_ms=8.37
[01:45:48][chimera14:5554] expert-agent 4 received request_id=c78d165b-1a1d-4cbd-ba9f-c6f5ee22fd40 keys=['type', 'request_id', 'layer_idx', 'hidden_states', 'expert_ids', 'weights', 'token_idx']
[01:45:48][chimera14:5555] expert 46 processing 2 token-expert pairs
[01:45:48][chimera14:5557] expert-agent 7 received request_id=9d2ab057-8837-459e-9b9a-0dd66582362c keys=['type', 'request_id', 'layer_idx', 'hidden_states', 'expert_ids', 'weights', 'token_idx']
[01:45:48][chimera14:5554] expert 33 processing 4 token-expert pairs
[01:45:48][chimera14:5555] expert 47 processing 1 token-expert pairs
[01:45:48][chimera14:5550] expert 2 processing 1 token-expert pairs
[01:45:48][chimera14:5556] expert-agent 6 received request_id=2153555b-c68d-436d-9704-38beabbb283b keys=['type', 'request_id', 'layer_idx', 'hidden_states', 'expert_ids', 'weights', 'token_idx']
[01:45:48][chimera14:5551] expert 12 processing 1 token-expert pairs
[01:45:48][chimera14:5550] expert 4 processing 1 token-expert pairs
[01:45:48][chimera14:5557] expert 56 processing 2 token-expert pairs
[01:45:48][chimera14:5551] expert 13 processing 7 token-expert pairs
[01:45:48][chimera14:5554] expert 35 processing 2 token-expert pairs
[01:45:48][chimera14:5550] expert 5 processing 1 token-expert pairs
[01:45:48][chimera14:5553] expert-agent 3 received request_id=7698fd23-c4fc-42dd-b7a6-1a3f272e7d93 keys=['type', 'request_id', 'layer_idx', 'hidden_states', 'expert_ids', 'weights', 'token_idx']
[01:45:48][chimera14:5556] expert 48 processing 3 token-expert pairs
[01:45:48][chimera14:5555] expert-agent 5 sending response: response_id=RES_e1484604-6572-4a89-b7be-0938dffe1c59 latency_ms=15.45
[01:45:48][chimera14:5557] expert 58 processing 2 token-expert pairs
[01:45:48][chimera14:5554] expert 36 processing 1 token-expert pairs
[01:45:48][chimera14:5553] expert 25 processing 3 token-expert pairs
[01:45:48][chimera14:5550] expert-agent 0 sending response: response_id=RES_c6cab020-f9bb-4296-86a6-dc78e4844f49 latency_ms=15.84
[01:45:48][chimera14:5556] expert 49 processing 1 token-expert pairs
[01:45:48][chimera14:5554] expert 37 processing 1 token-expert pairs
[01:45:48][chimera14:5557] expert 59 processing 2 token-expert pairs
[01:45:48][chimera14:5556] expert 54 processing 2 token-expert pairs
[01:45:48][chimera14:5554] expert 39 processing 4 token-expert pairs
[01:45:48][chimera14:5553] expert 31 processing 3 token-expert pairs
[01:45:48][chimera14:5557] expert 62 processing 1 token-expert pairs
[01:45:48][chimera14:5551] expert-agent 1 sending response: response_id=RES_0ebc87db-8ff4-41a9-8a27-4acbfc72f9c6 latency_ms=9.04
[01:45:48][chimera14:5556] expert-agent 6 sending response: response_id=RES_2153555b-c68d-436d-9704-38beabbb283b latency_ms=11.28
[01:45:48][chimera14:5557] expert-agent 7 sending response: response_id=RES_9d2ab057-8837-459e-9b9a-0dd66582362c latency_ms=14.69
[01:45:48][chimera14:5554] expert-agent 4 sending response: response_id=RES_c78d165b-1a1d-4cbd-ba9f-c6f5ee22fd40 latency_ms=18.65
[01:45:48][chimera14:5553] expert-agent 3 sending response: response_id=RES_7698fd23-c4fc-42dd-b7a6-1a3f272e7d93 latency_ms=9.40
[01:45:48][chimera14:5552] expert-agent 2 received request_id=26cee13b-30cb-466f-aa88-fe53be816aff keys=['type', 'request_id', 'layer_idx', 'hidden_states', 'expert_ids', 'weights', 'token_idx']
[01:45:48][chimera14:5552] expert 18 processing 4 token-expert pairs
[01:45:48][chimera14:5550] expert-agent 0 received request_id=31e5d12a-afb2-475a-a68b-40afa926f3ea keys=['type', 'request_id', 'layer_idx', 'hidden_states', 'expert_ids', 'weights', 'token_idx']
[01:45:48][chimera14:5553] expert-agent 3 received request_id=d6afd113-3b26-4b8d-b653-400375d71f67 keys=['type', 'request_id', 'layer_idx', 'hidden_states', 'expert_ids', 'weights', 'token_idx']
[01:45:48][chimera14:5552] expert 22 processing 2 token-expert pairs
[01:45:48][chimera14:5550] expert 1 processing 4 token-expert pairs
[01:45:48][chimera14:5554] expert-agent 4 received request_id=d3371321-f0d6-4d49-9b6b-f282f5bd86b1 keys=['type', 'request_id', 'layer_idx', 'hidden_states', 'expert_ids', 'weights', 'token_idx']
[01:45:48][chimera14:5553] expert 25 processing 1 token-expert pairs
[01:45:48][chimera14:5550] expert 6 processing 3 token-expert pairs
[01:45:48][chimera14:5553] expert 26 processing 3 token-expert pairs
[01:45:48][chimera14:5552] expert-agent 2 sending response: response_id=RES_26cee13b-30cb-466f-aa88-fe53be816aff latency_ms=8.81
[01:45:48][chimera14:5557] expert-agent 7 received request_id=0e294722-a17f-4f79-9056-d1c465a2bbc8 keys=['type', 'request_id', 'layer_idx', 'hidden_states', 'expert_ids', 'weights', 'token_idx']
[01:45:48][chimera14:5554] expert 32 processing 6 token-expert pairs
[01:45:48][chimera14:5550] expert 7 processing 6 token-expert pairs
[01:45:48][chimera14:5556] expert-agent 6 received request_id=c96a9aa3-449b-4796-8554-52ade44bda10 keys=['type', 'request_id', 'layer_idx', 'hidden_states', 'expert_ids', 'weights', 'token_idx']
[01:45:48][chimera14:5553] expert 27 processing 1 token-expert pairs
[01:45:48][chimera14:5557] expert 59 processing 2 token-expert pairs
[01:45:48][chimera14:5553] expert 29 processing 4 token-expert pairs
[01:45:48][chimera14:5554] expert 33 processing 1 token-expert pairs
[01:45:48][chimera14:5551] expert-agent 1 received request_id=20e15397-ffc5-4788-9f04-583bac3a2783 keys=['type', 'request_id', 'layer_idx', 'hidden_states', 'expert_ids', 'weights', 'token_idx']
[01:45:48][chimera14:5556] expert 48 processing 1 token-expert pairs
[01:45:48][chimera14:5557] expert 60 processing 4 token-expert pairs
[01:45:48][chimera14:5554] expert 35 processing 3 token-expert pairs
[01:45:48][chimera14:5556] expert 49 processing 1 token-expert pairs
[01:45:48][chimera14:5553] expert 30 processing 2 token-expert pairs
[01:45:48][chimera14:5555] expert-agent 5 received request_id=bf0455ec-e5fc-4593-be69-37cca2451b59 keys=['type', 'request_id', 'layer_idx', 'hidden_states', 'expert_ids', 'weights', 'token_idx']
[01:45:48][chimera14:5551] expert 10 processing 2 token-expert pairs
[01:45:48][chimera14:5550] expert-agent 0 sending response: response_id=RES_31e5d12a-afb2-475a-a68b-40afa926f3ea latency_ms=15.25
[01:45:48][chimera14:5556] expert 51 processing 2 token-expert pairs
[01:45:48][chimera14:5557] expert 61 processing 1 token-expert pairs
[01:45:48][chimera14:5553] expert 31 processing 1 token-expert pairs
[01:45:48][chimera14:5555] expert 44 processing 1 token-expert pairs
[01:45:48][chimera14:5551] expert 12 processing 2 token-expert pairs
[01:45:48][chimera14:5557] expert 62 processing 2 token-expert pairs
[01:45:48][chimera14:5556] expert 52 processing 2 token-expert pairs
[01:45:48][chimera14:5554] expert-agent 4 sending response: response_id=RES_d3371321-f0d6-4d49-9b6b-f282f5bd86b1 latency_ms=12.76
[01:45:48][chimera14:5557] expert 63 processing 1 token-expert pairs
[01:45:48][chimera14:5556] expert 55 processing 2 token-expert pairs
[01:45:48][chimera14:5555] expert-agent 5 sending response: response_id=RES_bf0455ec-e5fc-4593-be69-37cca2451b59 latency_ms=2.59
[01:45:48][chimera14:5553] expert-agent 3 sending response: response_id=RES_d6afd113-3b26-4b8d-b653-400375d71f67 latency_ms=20.25
[01:45:48][chimera14:5551] expert-agent 1 sending response: response_id=RES_20e15397-ffc5-4788-9f04-583bac3a2783 latency_ms=8.20
[01:45:48][chimera14:5557] expert-agent 7 sending response: response_id=RES_0e294722-a17f-4f79-9056-d1c465a2bbc8 latency_ms=18.03
[01:45:48][chimera14:5556] expert-agent 6 sending response: response_id=RES_c96a9aa3-449b-4796-8554-52ade44bda10 latency_ms=16.78
[01:45:48][chimera14:5551] expert-agent 1 received request_id=e15a4e48-3e73-4389-bb37-ff41ee117db3 keys=['type', 'request_id', 'layer_idx', 'hidden_states', 'expert_ids', 'weights', 'token_idx']
[01:45:48][chimera14:5555] expert-agent 5 received request_id=7a09bdef-fc44-4312-8e20-ca215b592585 keys=['type', 'request_id', 'layer_idx', 'hidden_states', 'expert_ids', 'weights', 'token_idx']
[01:45:48][chimera14:5551] expert 8 processing 3 token-expert pairs
[01:45:48][chimera14:5555] expert 40 processing 1 token-expert pairs
[01:45:48][chimera14:5552] expert-agent 2 received request_id=ba4d8c4b-35df-428b-bfd8-1f8584befd87 keys=['type', 'request_id', 'layer_idx', 'hidden_states', 'expert_ids', 'weights', 'token_idx']
[01:45:48][chimera14:5551] expert 9 processing 3 token-expert pairs
[01:45:48][chimera14:5555] expert 42 processing 4 token-expert pairs
[01:45:48][chimera14:5557] expert-agent 7 received request_id=a000066c-ae29-4935-a446-b11b42654ec7 keys=['type', 'request_id', 'layer_idx', 'hidden_states', 'expert_ids', 'weights', 'token_idx']
[01:45:48][chimera14:5552] expert 16 processing 3 token-expert pairs
[01:45:48][chimera14:5551] expert 12 processing 4 token-expert pairs
[01:45:48][chimera14:5550] expert-agent 0 received request_id=2959f3de-fa0f-4b94-afba-c60778d6b58d keys=['type', 'request_id', 'layer_idx', 'hidden_states', 'expert_ids', 'weights', 'token_idx']
[01:45:48][chimera14:5557] expert 57 processing 1 token-expert pairs
[01:45:48][chimera14:5552] expert 18 processing 3 token-expert pairs
[01:45:48][chimera14:5555] expert-agent 5 sending response: response_id=RES_7a09bdef-fc44-4312-8e20-ca215b592585 latency_ms=6.66
[01:45:48][chimera14:5557] expert 61 processing 2 token-expert pairs
[01:45:48][chimera14:5551] expert 13 processing 4 token-expert pairs
[01:45:48][chimera14:5550] expert 4 processing 2 token-expert pairs
[01:45:48][chimera14:5554] expert-agent 4 received request_id=ee1ed7cb-246a-450d-8a8f-1bf8392467b6 keys=['type', 'request_id', 'layer_idx', 'hidden_states', 'expert_ids', 'weights', 'token_idx']
[01:45:48][chimera14:5552] expert 20 processing 2 token-expert pairs
[01:45:48][chimera14:5557] expert 63 processing 3 token-expert pairs
[01:45:48][chimera14:5550] expert 6 processing 1 token-expert pairs
[01:45:48][chimera14:5554] expert 34 processing 1 token-expert pairs
[01:45:48][chimera14:5553] expert-agent 3 received request_id=6201751b-6c79-4261-b125-4f691d6292ea keys=['type', 'request_id', 'layer_idx', 'hidden_states', 'expert_ids', 'weights', 'token_idx']
[01:45:48][chimera14:5552] expert 21 processing 3 token-expert pairs
[01:45:48][chimera14:5554] expert 35 processing 2 token-expert pairs
[01:45:48][chimera14:5551] expert-agent 1 sending response: response_id=RES_e15a4e48-3e73-4389-bb37-ff41ee117db3 latency_ms=17.80
[01:45:48][chimera14:5556] expert-agent 6 received request_id=3b4b87b4-99b7-4882-b4d3-4b97b96b768a keys=['type', 'request_id', 'layer_idx', 'hidden_states', 'expert_ids', 'weights', 'token_idx']
[01:45:48][chimera14:5553] expert 24 processing 4 token-expert pairs
[01:45:48][chimera14:5550] expert-agent 0 sending response: response_id=RES_2959f3de-fa0f-4b94-afba-c60778d6b58d latency_ms=6.53
[01:45:48][chimera14:5554] expert 37 processing 2 token-expert pairs
[01:45:48][chimera14:5556] expert 48 processing 3 token-expert pairs
[01:45:48][chimera14:5552] expert-agent 2 sending response: response_id=RES_ba4d8c4b-35df-428b-bfd8-1f8584befd87 latency_ms=17.30
[01:45:48][chimera14:5553] expert 26 processing 2 token-expert pairs
[01:45:48][chimera14:5554] expert 39 processing 2 token-expert pairs
[01:45:48][chimera14:5557] expert-agent 7 sending response: response_id=RES_a000066c-ae29-4935-a446-b11b42654ec7 latency_ms=10.90
[01:45:48][chimera14:5556] expert 49 processing 1 token-expert pairs
[01:45:48][chimera14:5553] expert 28 processing 2 token-expert pairs
[01:45:48][chimera14:5556] expert 52 processing 2 token-expert pairs
[01:45:48][chimera14:5556] expert 54 processing 4 token-expert pairs
[01:45:48][chimera14:5554] expert-agent 4 sending response: response_id=RES_ee1ed7cb-246a-450d-8a8f-1bf8392467b6 latency_ms=14.00
[01:45:48][chimera14:5553] expert-agent 3 sending response: response_id=RES_6201751b-6c79-4261-b125-4f691d6292ea latency_ms=13.12
[01:45:48][chimera14:5556] expert-agent 6 sending response: response_id=RES_3b4b87b4-99b7-4882-b4d3-4b97b96b768a latency_ms=15.41
[01:45:48][chimera14:5550] expert-agent 0 received request_id=d0b737de-8e27-4fb8-b325-eabfe3949e16 keys=['type', 'request_id', 'layer_idx', 'hidden_states', 'expert_ids', 'weights', 'token_idx']
[01:45:48][chimera14:5555] expert-agent 5 received request_id=315f67a2-3208-4e9a-ae1d-5ec2245c4ab6 keys=['type', 'request_id', 'layer_idx', 'hidden_states', 'expert_ids', 'weights', 'token_idx']
[01:45:48][chimera14:5550] expert 2 processing 3 token-expert pairs
[01:45:48][chimera14:5557] expert-agent 7 received request_id=7e505780-caa4-4256-bebf-673f07a0bab1 keys=['type', 'request_id', 'layer_idx', 'hidden_states', 'expert_ids', 'weights', 'token_idx']
[01:45:48][chimera14:5555] expert 43 processing 3 token-expert pairs
[01:45:48][chimera14:5550] expert 4 processing 5 token-expert pairs
[01:45:48][chimera14:5557] expert 57 processing 3 token-expert pairs
[01:45:48][chimera14:5553] expert-agent 3 received request_id=e159fd8c-27c3-4f33-b4f0-025ea62ce29c keys=['type', 'request_id', 'layer_idx', 'hidden_states', 'expert_ids', 'weights', 'token_idx']
[01:45:48][chimera14:5555] expert 44 processing 2 token-expert pairs
[01:45:48][chimera14:5550] expert 6 processing 4 token-expert pairs
[01:45:48][chimera14:5554] expert-agent 4 received request_id=4fe4f211-fb46-44a5-b6fc-a07343abdcc9 keys=['type', 'request_id', 'layer_idx', 'hidden_states', 'expert_ids', 'weights', 'token_idx']
[01:45:48][chimera14:5557] expert 59 processing 4 token-expert pairs
[01:45:48][chimera14:5553] expert 24 processing 2 token-expert pairs
[01:45:48][chimera14:5555] expert 46 processing 1 token-expert pairs
[01:45:48][chimera14:5552] expert-agent 2 received request_id=911e6b3c-92da-4023-ac5a-27321d9ee653 keys=['type', 'request_id', 'layer_idx', 'hidden_states', 'expert_ids', 'weights', 'token_idx']
[01:45:48][chimera14:5554] expert 34 processing 2 token-expert pairs
[01:45:48][chimera14:5553] expert 26 processing 1 token-expert pairs
[01:45:48][chimera14:5555] expert-agent 5 sending response: response_id=RES_315f67a2-3208-4e9a-ae1d-5ec2245c4ab6 latency_ms=10.66
[01:45:48][chimera14:5553] expert 28 processing 3 token-expert pairs
[01:45:48][chimera14:5550] expert-agent 0 sending response: response_id=RES_d0b737de-8e27-4fb8-b325-eabfe3949e16 latency_ms=14.69
[01:45:48][chimera14:5556] expert-agent 6 received request_id=3a834e31-8b7c-4800-ba4e-da21f03018d7 keys=['type', 'request_id', 'layer_idx', 'hidden_states', 'expert_ids', 'weights', 'token_idx']
[01:45:48][chimera14:5552] expert 17 processing 2 token-expert pairs
[01:45:48][chimera14:5554] expert 35 processing 1 token-expert pairs
[01:45:48][chimera14:5557] expert-agent 7 sending response: response_id=RES_7e505780-caa4-4256-bebf-673f07a0bab1 latency_ms=9.50
[01:45:48][chimera14:5554] expert 38 processing 3 token-expert pairs
[01:45:48][chimera14:5551] expert-agent 1 received request_id=bafb25bc-1528-4311-aa02-6f263950a6e4 keys=['type', 'request_id', 'layer_idx', 'hidden_states', 'expert_ids', 'weights', 'token_idx']
[01:45:48][chimera14:5553] expert 30 processing 4 token-expert pairs
[01:45:48][chimera14:5552] expert 18 processing 1 token-expert pairs
[01:45:48][chimera14:5556] expert 48 processing 6 token-expert pairs
[01:45:48][chimera14:5552] expert 20 processing 2 token-expert pairs
[01:45:48][chimera14:5551] expert 12 processing 1 token-expert pairs
[01:45:48][chimera14:5553] expert 31 processing 3 token-expert pairs
[01:45:48][chimera14:5551] expert 14 processing 1 token-expert pairs
[01:45:48][chimera14:5554] expert-agent 4 sending response: response_id=RES_4fe4f211-fb46-44a5-b6fc-a07343abdcc9 latency_ms=10.87
[01:45:48][chimera14:5552] expert 21 processing 1 token-expert pairs
[01:45:48][chimera14:5556] expert 49 processing 1 token-expert pairs
[01:45:48][chimera14:5551] expert 15 processing 2 token-expert pairs
[01:45:48][chimera14:5552] expert 23 processing 2 token-expert pairs
[01:45:48][chimera14:5556] expert 50 processing 1 token-expert pairs
[01:45:48][chimera14:5553] expert-agent 3 sending response: response_id=RES_e159fd8c-27c3-4f33-b4f0-025ea62ce29c latency_ms=20.67
[01:45:48][chimera14:5551] expert-agent 1 sending response: response_id=RES_bafb25bc-1528-4311-aa02-6f263950a6e4 latency_ms=8.59
[01:45:48][chimera14:5556] expert-agent 6 sending response: response_id=RES_3a834e31-8b7c-4800-ba4e-da21f03018d7 latency_ms=11.89
[01:45:48][chimera14:5552] expert-agent 2 sending response: response_id=RES_911e6b3c-92da-4023-ac5a-27321d9ee653 latency_ms=17.01
[01:45:49][chimera14:5557] expert-agent 7 received request_id=9f02f8aa-3a2a-4787-9d52-04e83662d672 keys=['type', 'request_id', 'layer_idx', 'hidden_states', 'expert_ids', 'weights', 'token_idx']
[01:45:49][chimera14:5557] expert 56 processing 4 token-expert pairs
[01:45:49][chimera14:5554] expert-agent 4 received request_id=68ece4b7-cf06-4b4c-afeb-f073b10489e1 keys=['type', 'request_id', 'layer_idx', 'hidden_states', 'expert_ids', 'weights', 'token_idx']
[01:45:49][chimera14:5556] expert-agent 6 received request_id=91d199de-80f7-4492-83ec-35e8f752dd0e keys=['type', 'request_id', 'layer_idx', 'hidden_states', 'expert_ids', 'weights', 'token_idx']
[01:45:49][chimera14:5557] expert 58 processing 2 token-expert pairs
[01:45:49][chimera14:5554] expert 33 processing 4 token-expert pairs
[01:45:49][chimera14:5551] expert-agent 1 received request_id=2053a026-7fec-4bb9-9e01-7f56223642f1 keys=['type', 'request_id', 'layer_idx', 'hidden_states', 'expert_ids', 'weights', 'token_idx']
[01:45:49][chimera14:5557] expert 59 processing 1 token-expert pairs
[01:45:49][chimera14:5556] expert 51 processing 3 token-expert pairs
[01:45:49][chimera14:5554] expert 36 processing 1 token-expert pairs
[01:45:49][chimera14:5557] expert 62 processing 1 token-expert pairs
[01:45:49][chimera14:5555] expert-agent 5 received request_id=1dd02474-642b-4c89-8646-a6455bc18445 keys=['type', 'request_id', 'layer_idx', 'hidden_states', 'expert_ids', 'weights', 'token_idx']
[01:45:49][chimera14:5554] expert 37 processing 4 token-expert pairs
[01:45:49][chimera14:5551] expert 8 processing 1 token-expert pairs
[01:45:49][chimera14:5556] expert 52 processing 3 token-expert pairs
[01:45:49][chimera14:5551] expert 10 processing 3 token-expert pairs
[01:45:49][chimera14:5552] expert-agent 2 received request_id=07f56204-fc9d-40b4-9cad-eaefda70a6b0 keys=['type', 'request_id', 'layer_idx', 'hidden_states', 'expert_ids', 'weights', 'token_idx']
[01:45:49][chimera14:5555] expert 40 processing 1 token-expert pairs
[01:45:49][chimera14:5557] expert-agent 7 sending response: response_id=RES_9f02f8aa-3a2a-4787-9d52-04e83662d672 latency_ms=12.76
[01:45:49][chimera14:5554] expert 38 processing 1 token-expert pairs
[01:45:49][chimera14:5555] expert 41 processing 1 token-expert pairs
[01:45:49][chimera14:5553] expert-agent 3 received request_id=3b745e34-e9cc-43f0-85e1-b7ab7acdeec0 keys=['type', 'request_id', 'layer_idx', 'hidden_states', 'expert_ids', 'weights', 'token_idx']
[01:45:49][chimera14:5551] expert 12 processing 1 token-expert pairs
[01:45:49][chimera14:5554] expert 39 processing 1 token-expert pairs
[01:45:49][chimera14:5552] expert 16 processing 1 token-expert pairs
[01:45:49][chimera14:5555] expert 44 processing 2 token-expert pairs
[01:45:49][chimera14:5551] expert 13 processing 2 token-expert pairs
[01:45:49][chimera14:5556] expert-agent 6 sending response: response_id=RES_91d199de-80f7-4492-83ec-35e8f752dd0e latency_ms=8.98
[01:45:49][chimera14:5552] expert 17 processing 3 token-expert pairs
[01:45:49][chimera14:5550] expert-agent 0 received request_id=cd38039c-5000-44ea-b4c9-6f3c8cfb058a keys=['type', 'request_id', 'layer_idx', 'hidden_states', 'expert_ids', 'weights', 'token_idx']
[01:45:49][chimera14:5553] expert 24 processing 1 token-expert pairs
[01:45:49][chimera14:5555] expert 46 processing 3 token-expert pairs
[01:45:49][chimera14:5554] expert-agent 4 sending response: response_id=RES_68ece4b7-cf06-4b4c-afeb-f073b10489e1 latency_ms=16.40
[01:45:49][chimera14:5551] expert 14 processing 6 token-expert pairs
[01:45:49][chimera14:5553] expert 26 processing 1 token-expert pairs
[01:45:49][chimera14:5552] expert 22 processing 3 token-expert pairs
[01:45:49][chimera14:5550] expert 2 processing 2 token-expert pairs
[01:45:49][chimera14:5553] expert 28 processing 3 token-expert pairs
[01:45:49][chimera14:5550] expert 7 processing 2 token-expert pairs
[01:45:49][chimera14:5553] expert 29 processing 1 token-expert pairs
[01:45:49][chimera14:5555] expert-agent 5 sending response: response_id=RES_1dd02474-642b-4c89-8646-a6455bc18445 latency_ms=13.21
[01:45:49][chimera14:5552] expert-agent 2 sending response: response_id=RES_07f56204-fc9d-40b4-9cad-eaefda70a6b0 latency_ms=11.43
[01:45:49][chimera14:5553] expert 30 processing 1 token-expert pairs
[01:45:49][chimera14:5551] expert-agent 1 sending response: response_id=RES_2053a026-7fec-4bb9-9e01-7f56223642f1 latency_ms=19.15
[01:45:49][chimera14:5553] expert 31 processing 1 token-expert pairs
[01:45:49][chimera14:5550] expert-agent 0 sending response: response_id=RES_cd38039c-5000-44ea-b4c9-6f3c8cfb058a latency_ms=8.29
[01:45:49][chimera14:5553] expert-agent 3 sending response: response_id=RES_3b745e34-e9cc-43f0-85e1-b7ab7acdeec0 latency_ms=15.69
[01:45:49][chimera14:5557] expert-agent 7 received request_id=009d0d2a-fd90-4f11-a02b-267abccb6d27 keys=['type', 'request_id', 'layer_idx', 'hidden_states', 'expert_ids', 'weights', 'token_idx']
[01:45:49][chimera14:5556] expert-agent 6 received request_id=203151bc-74e1-4e57-ab7a-b61fd57609e8 keys=['type', 'request_id', 'layer_idx', 'hidden_states', 'expert_ids', 'weights', 'token_idx']
[01:45:49][chimera14:5557] expert 56 processing 1 token-expert pairs
[01:45:49][chimera14:5557] expert 57 processing 1 token-expert pairs
[01:45:49][chimera14:5550] expert-agent 0 received request_id=87f33bda-f916-4d00-820a-ae4582d239af keys=['type', 'request_id', 'layer_idx', 'hidden_states', 'expert_ids', 'weights', 'token_idx']
[01:45:49][chimera14:5556] expert 48 processing 2 token-expert pairs
[01:45:49][chimera14:5557] expert 58 processing 4 token-expert pairs
[01:45:49][chimera14:5550] expert 1 processing 1 token-expert pairs
[01:45:49][chimera14:5552] expert-agent 2 received request_id=4f0ec2ed-a3cf-4551-b7f2-f7c10b201e5f keys=['type', 'request_id', 'layer_idx', 'hidden_states', 'expert_ids', 'weights', 'token_idx']
[01:45:49][chimera14:5556] expert 49 processing 2 token-expert pairs
[01:45:49][chimera14:5550] expert 3 processing 2 token-expert pairs
[01:45:49][chimera14:5557] expert 59 processing 3 token-expert pairs
[01:45:49][chimera14:5552] expert 17 processing 1 token-expert pairs
[01:45:49][chimera14:5551] expert-agent 1 received request_id=72ce7791-9812-47f4-8a02-a9df9ba6346d keys=['type', 'request_id', 'layer_idx', 'hidden_states', 'expert_ids', 'weights', 'token_idx']
[01:45:49][chimera14:5556] expert 51 processing 2 token-expert pairs
[01:45:49][chimera14:5552] expert 19 processing 1 token-expert pairs
[01:45:49][chimera14:5550] expert 4 processing 1 token-expert pairs
[01:45:49][chimera14:5557] expert 63 processing 1 token-expert pairs
[01:45:49][chimera14:5554] expert-agent 4 received request_id=ae730e65-ac8a-452d-8a80-b9838cf9b89d keys=['type', 'request_id', 'layer_idx', 'hidden_states', 'expert_ids', 'weights', 'token_idx']
[01:45:49][chimera14:5552] expert 22 processing 1 token-expert pairs
[01:45:49][chimera14:5550] expert 6 processing 4 token-expert pairs
[01:45:49][chimera14:5556] expert 54 processing 4 token-expert pairs
[01:45:49][chimera14:5551] expert 9 processing 3 token-expert pairs
[01:45:49][chimera14:5552] expert 23 processing 3 token-expert pairs
[01:45:49][chimera14:5555] expert-agent 5 received request_id=a9705066-1f4d-41ac-9a98-473c6c5bf1b0 keys=['type', 'request_id', 'layer_idx', 'hidden_states', 'expert_ids', 'weights', 'token_idx']
[01:45:49][chimera14:5554] expert 32 processing 3 token-expert pairs
[01:45:49][chimera14:5557] expert-agent 7 sending response: response_id=RES_009d0d2a-fd90-4f11-a02b-267abccb6d27 latency_ms=16.32
[01:45:49][chimera14:5551] expert 10 processing 2 token-expert pairs
[01:45:49][chimera14:5553] expert-agent 3 received request_id=2db952ae-e8f3-4f43-871d-6fc7ac80a3e2 keys=['type', 'request_id', 'layer_idx', 'hidden_states', 'expert_ids', 'weights', 'token_idx']
[01:45:49][chimera14:5555] expert 41 processing 1 token-expert pairs
[01:45:49][chimera14:5554] expert 34 processing 1 token-expert pairs
[01:45:49][chimera14:5550] expert-agent 0 sending response: response_id=RES_87f33bda-f916-4d00-820a-ae4582d239af latency_ms=13.81
[01:45:49][chimera14:5551] expert 12 processing 1 token-expert pairs
[01:45:49][chimera14:5555] expert 44 processing 1 token-expert pairs
[01:45:49][chimera14:5556] expert-agent 6 sending response: response_id=RES_203151bc-74e1-4e57-ab7a-b61fd57609e8 latency_ms=17.65
[01:45:49][chimera14:5552] expert-agent 2 sending response: response_id=RES_4f0ec2ed-a3cf-4551-b7f2-f7c10b201e5f latency_ms=11.37
[01:45:49][chimera14:5554] expert 36 processing 1 token-expert pairs
[01:45:49][chimera14:5553] expert 24 processing 1 token-expert pairs
[01:45:49][chimera14:5551] expert 13 processing 2 token-expert pairs
[01:45:49][chimera14:5555] expert 45 processing 2 token-expert pairs
[01:45:49][chimera14:5554] expert 39 processing 1 token-expert pairs
[01:45:49][chimera14:5553] expert 29 processing 4 token-expert pairs
[01:45:49][chimera14:5551] expert 15 processing 3 token-expert pairs
[01:45:49][chimera14:5553] expert 30 processing 1 token-expert pairs
[01:45:49][chimera14:5554] expert-agent 4 sending response: response_id=RES_ae730e65-ac8a-452d-8a80-b9838cf9b89d latency_ms=11.29
[01:45:49][chimera14:5555] expert-agent 5 sending response: response_id=RES_a9705066-1f4d-41ac-9a98-473c6c5bf1b0 latency_ms=8.81
[01:45:49][chimera14:5553] expert 31 processing 3 token-expert pairs
[01:45:49][chimera14:5551] expert-agent 1 sending response: response_id=RES_72ce7791-9812-47f4-8a02-a9df9ba6346d latency_ms=19.17
[01:45:49][chimera14:5553] expert-agent 3 sending response: response_id=RES_2db952ae-e8f3-4f43-871d-6fc7ac80a3e2 latency_ms=13.79
[01:45:49][chimera14:5550] expert-agent 0 received request_id=0bcb71fd-9577-4421-97b1-cf3f45b2ef5c keys=['type', 'request_id', 'layer_idx', 'hidden_states', 'expert_ids', 'weights', 'token_idx']
[01:45:49][chimera14:5551] expert-agent 1 received request_id=c6e01ec9-a4ca-4517-a721-713b8b2a3cc1 keys=['type', 'request_id', 'layer_idx', 'hidden_states', 'expert_ids', 'weights', 'token_idx']
[01:45:49][chimera14:5550] expert 0 processing 1 token-expert pairs
[01:45:49][chimera14:5550] expert 1 processing 1 token-expert pairs
[01:45:49][chimera14:5556] expert-agent 6 received request_id=436011c9-a1b3-422a-af8b-b12bec427488 keys=['type', 'request_id', 'layer_idx', 'hidden_states', 'expert_ids', 'weights', 'token_idx']
[01:45:49][chimera14:5550] expert 2 processing 1 token-expert pairs
[01:45:49][chimera14:5551] expert 9 processing 6 token-expert pairs
[01:45:49][chimera14:5550] expert 3 processing 1 token-expert pairs
[01:45:49][chimera14:5554] expert-agent 4 received request_id=5b2bce8b-e30a-4b17-962a-bbda00008996 keys=['type', 'request_id', 'layer_idx', 'hidden_states', 'expert_ids', 'weights', 'token_idx']
[01:45:49][chimera14:5550] expert 4 processing 1 token-expert pairs
[01:45:49][chimera14:5550] expert 5 processing 3 token-expert pairs
[01:45:49][chimera14:5556] expert 49 processing 1 token-expert pairs
[01:45:49][chimera14:5551] expert 10 processing 1 token-expert pairs
[01:45:49][chimera14:5556] expert 50 processing 2 token-expert pairs
[01:45:49][chimera14:5551] expert 11 processing 5 token-expert pairs
[01:45:49][chimera14:5550] expert 6 processing 1 token-expert pairs
[01:45:49][chimera14:5554] expert 34 processing 1 token-expert pairs
[01:45:49][chimera14:5555] expert-agent 5 received request_id=3677c54b-eb6d-48a9-9256-0df5298ae631 keys=['type', 'request_id', 'layer_idx', 'hidden_states', 'expert_ids', 'weights', 'token_idx']
[01:45:49][chimera14:5556] expert 54 processing 3 token-expert pairs
[01:45:49][chimera14:5554] expert 36 processing 1 token-expert pairs
[01:45:49][chimera14:5551] expert 15 processing 1 token-expert pairs
[01:45:49][chimera14:5554] expert 38 processing 1 token-expert pairs
[01:45:49][chimera14:5556] expert 55 processing 4 token-expert pairs
[01:45:49][chimera14:5554] expert 39 processing 1 token-expert pairs
[01:45:49][chimera14:5550] expert-agent 0 sending response: response_id=RES_0bcb71fd-9577-4421-97b1-cf3f45b2ef5c latency_ms=16.91
[01:45:49][chimera14:5555] expert 42 processing 1 token-expert pairs
[01:45:49][chimera14:5551] expert-agent 1 sending response: response_id=RES_c6e01ec9-a4ca-4517-a721-713b8b2a3cc1 latency_ms=15.78
[01:45:49][chimera14:5553] expert-agent 3 received request_id=4b6b8763-bd1d-4ddf-a7b1-02b205d60f22 keys=['type', 'request_id', 'layer_idx', 'hidden_states', 'expert_ids', 'weights', 'token_idx']
[01:45:49][chimera14:5555] expert 43 processing 1 token-expert pairs
[01:45:49][chimera14:5555] expert 45 processing 3 token-expert pairs
[01:45:49][chimera14:5555] expert 47 processing 2 token-expert pairs
[01:45:49][chimera14:5554] expert-agent 4 sending response: response_id=RES_5b2bce8b-e30a-4b17-962a-bbda00008996 latency_ms=8.76
[01:45:49][chimera14:5556] expert-agent 6 sending response: response_id=RES_436011c9-a1b3-422a-af8b-b12bec427488 latency_ms=15.73
[01:45:49][chimera14:5553] expert 26 processing 1 token-expert pairs
[01:45:49][chimera14:5552] expert-agent 2 received request_id=4c3cad9e-89e4-440c-b37c-507ab5b8f981 keys=['type', 'request_id', 'layer_idx', 'hidden_states', 'expert_ids', 'weights', 'token_idx']
[01:45:49][chimera14:5553] expert 28 processing 1 token-expert pairs
[01:45:49][chimera14:5553] expert 29 processing 1 token-expert pairs
[01:45:49][chimera14:5553] expert 30 processing 1 token-expert pairs
[01:45:49][chimera14:5553] expert 31 processing 3 token-expert pairs
[01:45:49][chimera14:5555] expert-agent 5 sending response: response_id=RES_3677c54b-eb6d-48a9-9256-0df5298ae631 latency_ms=12.45
[01:45:49][chimera14:5557] expert-agent 7 received request_id=50eff763-f717-409c-9ff4-6d7b1bf57ace keys=['type', 'request_id', 'layer_idx', 'hidden_states', 'expert_ids', 'weights', 'token_idx']
[01:45:49][chimera14:5552] expert 16 processing 4 token-expert pairs
[01:45:49][chimera14:5552] expert 18 processing 1 token-expert pairs
[01:45:49][chimera14:5553] expert-agent 3 sending response: response_id=RES_4b6b8763-bd1d-4ddf-a7b1-02b205d60f22 latency_ms=12.90
[01:45:49][chimera14:5557] expert 56 processing 3 token-expert pairs
[01:45:49][chimera14:5552] expert 21 processing 1 token-expert pairs
[01:45:49][chimera14:5557] expert 57 processing 3 token-expert pairs
[01:45:49][chimera14:5557] expert 58 processing 1 token-expert pairs
[01:45:49][chimera14:5557] expert 62 processing 1 token-expert pairs
[01:45:49][chimera14:5552] expert-agent 2 sending response: response_id=RES_4c3cad9e-89e4-440c-b37c-507ab5b8f981 latency_ms=9.65
[01:45:49][chimera14:5557] expert-agent 7 sending response: response_id=RES_50eff763-f717-409c-9ff4-6d7b1bf57ace latency_ms=12.79
[01:45:49][chimera14:5557] expert-agent 7 received request_id=d366b919-4855-47be-9a4c-aa5f9cce22ea keys=['type', 'request_id', 'layer_idx', 'hidden_states', 'expert_ids', 'weights', 'token_idx']
[01:45:49][chimera14:5557] expert 56 processing 2 token-expert pairs
[01:45:49][chimera14:5551] expert-agent 1 received request_id=f59fe55b-01fc-442f-9b3d-678e32787b47 keys=['type', 'request_id', 'layer_idx', 'hidden_states', 'expert_ids', 'weights', 'token_idx']
[01:45:49][chimera14:5555] expert-agent 5 received request_id=01dd4a98-b915-45cc-9e51-60d54d9f64b7 keys=['type', 'request_id', 'layer_idx', 'hidden_states', 'expert_ids', 'weights', 'token_idx']
[01:45:49][chimera14:5557] expert 57 processing 1 token-expert pairs
[01:45:49][chimera14:5551] expert 9 processing 3 token-expert pairs
[01:45:49][chimera14:5557] expert 58 processing 1 token-expert pairs
[01:45:49][chimera14:5552] expert-agent 2 received request_id=6f53c91a-4dbd-42ca-b88f-0b7e448d7162 keys=['type', 'request_id', 'layer_idx', 'hidden_states', 'expert_ids', 'weights', 'token_idx']
[01:45:49][chimera14:5555] expert 40 processing 1 token-expert pairs
[01:45:49][chimera14:5557] expert 60 processing 4 token-expert pairs
[01:45:49][chimera14:5551] expert 10 processing 1 token-expert pairs
[01:45:49][chimera14:5554] expert-agent 4 received request_id=f7eaabbe-21fb-46a6-a015-8e706465ad23 keys=['type', 'request_id', 'layer_idx', 'hidden_states', 'expert_ids', 'weights', 'token_idx']
[01:45:49][chimera14:5555] expert 42 processing 4 token-expert pairs
[01:45:49][chimera14:5551] expert 11 processing 4 token-expert pairs
[01:45:49][chimera14:5552] expert 17 processing 1 token-expert pairs
[01:45:49][chimera14:5556] expert-agent 6 received request_id=5c8b6983-0d9d-4127-9624-7e2645c3f594 keys=['type', 'request_id', 'layer_idx', 'hidden_states', 'expert_ids', 'weights', 'token_idx']
[01:45:49][chimera14:5557] expert 61 processing 1 token-expert pairs
[01:45:49][chimera14:5552] expert 19 processing 1 token-expert pairs
[01:45:49][chimera14:5554] expert 33 processing 1 token-expert pairs
[01:45:49][chimera14:5552] expert 22 processing 4 token-expert pairs
[01:45:49][chimera14:5557] expert 63 processing 2 token-expert pairs
[01:45:49][chimera14:5555] expert 43 processing 3 token-expert pairs
[01:45:49][chimera14:5551] expert 12 processing 4 token-expert pairs
[01:45:49][chimera14:5553] expert-agent 3 received request_id=4d78a249-5c75-4497-9f24-b7e80562d151 keys=['type', 'request_id', 'layer_idx', 'hidden_states', 'expert_ids', 'weights', 'token_idx']
[01:45:49][chimera14:5554] expert 34 processing 1 token-expert pairs
[01:45:49][chimera14:5556] expert 48 processing 3 token-expert pairs
[01:45:49][chimera14:5554] expert 37 processing 1 token-expert pairs
[01:45:49][chimera14:5550] expert-agent 0 received request_id=cd997857-c1f3-4432-92e6-c79b908ac485 keys=['type', 'request_id', 'layer_idx', 'hidden_states', 'expert_ids', 'weights', 'token_idx']
[01:45:49][chimera14:5555] expert 44 processing 1 token-expert pairs
[01:45:49][chimera14:5551] expert 15 processing 1 token-expert pairs
[01:45:49][chimera14:5553] expert 24 processing 2 token-expert pairs
[01:45:49][chimera14:5554] expert 39 processing 1 token-expert pairs
[01:45:49][chimera14:5555] expert 45 processing 3 token-expert pairs
[01:45:49][chimera14:5556] expert 49 processing 1 token-expert pairs
[01:45:49][chimera14:5557] expert-agent 7 sending response: response_id=RES_d366b919-4855-47be-9a4c-aa5f9cce22ea latency_ms=20.27
[01:45:49][chimera14:5550] expert 7 processing 1 token-expert pairs
[01:45:49][chimera14:5552] expert-agent 2 sending response: response_id=RES_6f53c91a-4dbd-42ca-b88f-0b7e448d7162 latency_ms=10.20
[01:45:49][chimera14:5556] expert 54 processing 1 token-expert pairs
[01:45:49][chimera14:5553] expert 28 processing 6 token-expert pairs
[01:45:49][chimera14:5551] expert-agent 1 sending response: response_id=RES_f59fe55b-01fc-442f-9b3d-678e32787b47 latency_ms=19.67
[01:45:49][chimera14:5555] expert 46 processing 2 token-expert pairs
[01:45:49][chimera14:5554] expert-agent 4 sending response: response_id=RES_f7eaabbe-21fb-46a6-a015-8e706465ad23 latency_ms=9.68
[01:45:49][chimera14:5550] expert-agent 0 sending response: response_id=RES_cd997857-c1f3-4432-92e6-c79b908ac485 latency_ms=2.50
[01:45:49][chimera14:5556] expert-agent 6 sending response: response_id=RES_5c8b6983-0d9d-4127-9624-7e2645c3f594 latency_ms=9.77
[01:45:49][chimera14:5555] expert 47 processing 1 token-expert pairs
[01:45:49][chimera14:5553] expert 30 processing 1 token-expert pairs
[01:45:49][chimera14:5555] expert-agent 5 sending response: response_id=RES_01dd4a98-b915-45cc-9e51-60d54d9f64b7 latency_ms=25.91
[01:45:49][chimera14:5553] expert-agent 3 sending response: response_id=RES_4d78a249-5c75-4497-9f24-b7e80562d151 latency_ms=13.96
[01:45:49][chimera14:5551] expert-agent 1 received request_id=d805414c-88c5-4d09-9e01-10272822fb80 keys=['type', 'request_id', 'layer_idx', 'hidden_states', 'expert_ids', 'weights', 'token_idx']
[01:45:49][chimera14:5551] expert 9 processing 2 token-expert pairs
[01:45:49][chimera14:5557] expert-agent 7 received request_id=7cf98c45-2b51-41fd-a9c6-e18fb7bbe9c2 keys=['type', 'request_id', 'layer_idx', 'hidden_states', 'expert_ids', 'weights', 'token_idx']
[01:45:49][chimera14:5551] expert 12 processing 2 token-expert pairs
[01:45:49][chimera14:5553] expert-agent 3 received request_id=e2b02d24-e8b5-4a2d-8a47-d2be0c253182 keys=['type', 'request_id', 'layer_idx', 'hidden_states', 'expert_ids', 'weights', 'token_idx']
[01:45:49][chimera14:5557] expert 58 processing 3 token-expert pairs
[01:45:49][chimera14:5551] expert 15 processing 2 token-expert pairs
[01:45:49][chimera14:5553] expert 24 processing 5 token-expert pairs
[01:45:49][chimera14:5556] expert-agent 6 received request_id=7172b80e-2927-49c7-a7a5-18296998dd36 keys=['type', 'request_id', 'layer_idx', 'hidden_states', 'expert_ids', 'weights', 'token_idx']
[01:45:49][chimera14:5557] expert 60 processing 3 token-expert pairs
[01:45:49][chimera14:5555] expert-agent 5 received request_id=c47393e9-ae21-424d-b18d-abc335e913a8 keys=['type', 'request_id', 'layer_idx', 'hidden_states', 'expert_ids', 'weights', 'token_idx']
[01:45:49][chimera14:5556] expert 50 processing 1 token-expert pairs
[01:45:49][chimera14:5557] expert 61 processing 1 token-expert pairs
[01:45:49][chimera14:5553] expert 25 processing 2 token-expert pairs
[01:45:49][chimera14:5551] expert-agent 1 sending response: response_id=RES_d805414c-88c5-4d09-9e01-10272822fb80 latency_ms=11.36
[01:45:49][chimera14:5556] expert 51 processing 5 token-expert pairs
[01:45:49][chimera14:5557] expert 62 processing 1 token-expert pairs
[01:45:49][chimera14:5555] expert 40 processing 3 token-expert pairs
[01:45:49][chimera14:5550] expert-agent 0 received request_id=efab4272-0f89-4f2e-8122-93dc19dd5a0a keys=['type', 'request_id', 'layer_idx', 'hidden_states', 'expert_ids', 'weights', 'token_idx']
[01:45:49][chimera14:5557] expert 63 processing 1 token-expert pairs
[01:45:49][chimera14:5553] expert 28 processing 2 token-expert pairs
[01:45:49][chimera14:5552] expert-agent 2 received request_id=53a073cd-7ef8-45e1-bb03-7f15901a47e4 keys=['type', 'request_id', 'layer_idx', 'hidden_states', 'expert_ids', 'weights', 'token_idx']
[01:45:49][chimera14:5550] expert 0 processing 1 token-expert pairs
[01:45:49][chimera14:5555] expert 41 processing 1 token-expert pairs
[01:45:49][chimera14:5556] expert 52 processing 6 token-expert pairs
[01:45:49][chimera14:5553] expert 29 processing 2 token-expert pairs
[01:45:49][chimera14:5555] expert 43 processing 1 token-expert pairs
[01:45:49][chimera14:5550] expert 1 processing 2 token-expert pairs
[01:45:49][chimera14:5554] expert-agent 4 received request_id=47d5cb48-f3d6-417a-b71f-fc4cfe099c6f keys=['type', 'request_id', 'layer_idx', 'hidden_states', 'expert_ids', 'weights', 'token_idx']
[01:45:49][chimera14:5557] expert-agent 7 sending response: response_id=RES_7cf98c45-2b51-41fd-a9c6-e18fb7bbe9c2 latency_ms=15.24
[01:45:49][chimera14:5552] expert 18 processing 1 token-expert pairs
[01:45:49][chimera14:5555] expert 47 processing 1 token-expert pairs
[01:45:49][chimera14:5552] expert 22 processing 2 token-expert pairs
[01:45:49][chimera14:5556] expert 54 processing 1 token-expert pairs
[01:45:49][chimera14:5553] expert 31 processing 1 token-expert pairs
[01:45:49][chimera14:5550] expert 2 processing 1 token-expert pairs
[01:45:49][chimera14:5554] expert 33 processing 1 token-expert pairs
[01:45:49][chimera14:5550] expert 3 processing 3 token-expert pairs
[01:45:49][chimera14:5554] expert 36 processing 1 token-expert pairs
[01:45:49][chimera14:5552] expert 23 processing 2 token-expert pairs
[01:45:49][chimera14:5555] expert-agent 5 sending response: response_id=RES_c47393e9-ae21-424d-b18d-abc335e913a8 latency_ms=11.14
[01:45:49][chimera14:5554] expert 38 processing 1 token-expert pairs
[01:45:49][chimera14:5553] expert-agent 3 sending response: response_id=RES_e2b02d24-e8b5-4a2d-8a47-d2be0c253182 latency_ms=20.36
[01:45:49][chimera14:5556] expert-agent 6 sending response: response_id=RES_7172b80e-2927-49c7-a7a5-18296998dd36 latency_ms=16.08
[01:45:49][chimera14:5550] expert 4 processing 1 token-expert pairs
[01:45:49][chimera14:5554] expert 39 processing 1 token-expert pairs
[01:45:49][chimera14:5550] expert 7 processing 1 token-expert pairs
[01:45:49][chimera14:5552] expert-agent 2 sending response: response_id=RES_53a073cd-7ef8-45e1-bb03-7f15901a47e4 latency_ms=10.56
[01:45:49][chimera14:5554] expert-agent 4 sending response: response_id=RES_47d5cb48-f3d6-417a-b71f-fc4cfe099c6f latency_ms=8.68
[01:45:49][chimera14:5550] expert-agent 0 sending response: response_id=RES_efab4272-0f89-4f2e-8122-93dc19dd5a0a latency_ms=17.31
[01:45:49][chimera14:5557] expert-agent 7 received request_id=5705dcca-db36-4db2-a8bd-b246adaaa66b keys=['type', 'request_id', 'layer_idx', 'hidden_states', 'expert_ids', 'weights', 'token_idx']
[01:45:49][chimera14:5557] expert 56 processing 3 token-expert pairs
[01:45:49][chimera14:5551] expert-agent 1 received request_id=70c094e9-99ff-4d8d-a2b4-9d9bfd770bf1 keys=['type', 'request_id', 'layer_idx', 'hidden_states', 'expert_ids', 'weights', 'token_idx']
[01:45:49][chimera14:5557] expert 57 processing 1 token-expert pairs
[01:45:49][chimera14:5550] expert-agent 0 received request_id=291c98ff-bbe3-470c-8db2-3a8730d5cb3b keys=['type', 'request_id', 'layer_idx', 'hidden_states', 'expert_ids', 'weights', 'token_idx']
[01:45:49][chimera14:5551] expert 8 processing 4 token-expert pairs
[01:45:49][chimera14:5557] expert 60 processing 3 token-expert pairs
[01:45:49][chimera14:5550] expert 4 processing 1 token-expert pairs
[01:45:49][chimera14:5555] expert-agent 5 received request_id=a2896a1c-3967-4722-8cc1-77485d58e9db keys=['type', 'request_id', 'layer_idx', 'hidden_states', 'expert_ids', 'weights', 'token_idx']
[01:45:49][chimera14:5551] expert 13 processing 2 token-expert pairs
[01:45:49][chimera14:5557] expert 61 processing 4 token-expert pairs
[01:45:49][chimera14:5550] expert 6 processing 7 token-expert pairs
[01:45:49][chimera14:5554] expert-agent 4 received request_id=b8306209-79a0-4b09-98fe-943bf06b0d05 keys=['type', 'request_id', 'layer_idx', 'hidden_states', 'expert_ids', 'weights', 'token_idx']
[01:45:49][chimera14:5555] expert 40 processing 1 token-expert pairs
[01:45:49][chimera14:5551] expert 14 processing 2 token-expert pairs
[01:45:49][chimera14:5555] expert 41 processing 1 token-expert pairs
[01:45:49][chimera14:5557] expert 62 processing 2 token-expert pairs
[01:45:49][chimera14:5553] expert-agent 3 received request_id=ba64693b-5565-4f8f-bcf1-7d8f166bbdab keys=['type', 'request_id', 'layer_idx', 'hidden_states', 'expert_ids', 'weights', 'token_idx']
[01:45:49][chimera14:5554] expert 33 processing 1 token-expert pairs
[01:45:49][chimera14:5550] expert 7 processing 1 token-expert pairs
[01:45:49][chimera14:5555] expert 42 processing 2 token-expert pairs
[01:45:49][chimera14:5551] expert 15 processing 1 token-expert pairs
[01:45:49][chimera14:5554] expert 39 processing 3 token-expert pairs
[01:45:49][chimera14:5557] expert 63 processing 5 token-expert pairs
[01:45:49][chimera14:5553] expert 24 processing 1 token-expert pairs
[01:45:49][chimera14:5556] expert-agent 6 received request_id=b1285fc8-4a03-47c0-8562-6cc7112c3dbd keys=['type', 'request_id', 'layer_idx', 'hidden_states', 'expert_ids', 'weights', 'token_idx']
[01:45:49][chimera14:5555] expert 43 processing 1 token-expert pairs
[01:45:49][chimera14:5550] expert-agent 0 sending response: response_id=RES_291c98ff-bbe3-470c-8db2-3a8730d5cb3b latency_ms=10.69
[01:45:49][chimera14:5553] expert 25 processing 1 token-expert pairs
[01:45:49][chimera14:5551] expert-agent 1 sending response: response_id=RES_70c094e9-99ff-4d8d-a2b4-9d9bfd770bf1 latency_ms=15.17
[01:45:49][chimera14:5552] expert-agent 2 received request_id=eca7140a-a4d9-4659-a93a-0d3041c42146 keys=['type', 'request_id', 'layer_idx', 'hidden_states', 'expert_ids', 'weights', 'token_idx']
[01:45:49][chimera14:5553] expert 30 processing 3 token-expert pairs
[01:45:49][chimera14:5556] expert 48 processing 1 token-expert pairs
[01:45:49][chimera14:5554] expert-agent 4 sending response: response_id=RES_b8306209-79a0-4b09-98fe-943bf06b0d05 latency_ms=6.66
[01:45:49][chimera14:5555] expert-agent 5 sending response: response_id=RES_a2896a1c-3967-4722-8cc1-77485d58e9db latency_ms=10.86
[01:45:49][chimera14:5557] expert-agent 7 sending response: response_id=RES_5705dcca-db36-4db2-a8bd-b246adaaa66b latency_ms=24.53
[01:45:49][chimera14:5556] expert 52 processing 6 token-expert pairs
[01:45:49][chimera14:5552] expert 17 processing 3 token-expert pairs
[01:45:49][chimera14:5553] expert 31 processing 3 token-expert pairs
[01:45:49][chimera14:5556] expert 53 processing 2 token-expert pairs
[01:45:49][chimera14:5552] expert 18 processing 1 token-expert pairs
[01:45:49][chimera14:5552] expert 20 processing 1 token-expert pairs
[01:45:49][chimera14:5553] expert-agent 3 sending response: response_id=RES_ba64693b-5565-4f8f-bcf1-7d8f166bbdab latency_ms=13.43
[01:45:49][chimera14:5556] expert 55 processing 1 token-expert pairs
[01:45:49][chimera14:5552] expert 22 processing 1 token-expert pairs
[01:45:49][chimera14:5552] expert 23 processing 3 token-expert pairs
[01:45:49][chimera14:5556] expert-agent 6 sending response: response_id=RES_b1285fc8-4a03-47c0-8562-6cc7112c3dbd latency_ms=14.73
[01:45:49][chimera14:5552] expert-agent 2 sending response: response_id=RES_eca7140a-a4d9-4659-a93a-0d3041c42146 latency_ms=15.29
[01:45:49][chimera14:5552] expert-agent 2 received request_id=55c34564-83ba-4bf8-bd6e-113c5942c6b6 keys=['type', 'request_id', 'layer_idx', 'hidden_states', 'expert_ids', 'weights', 'token_idx']
[01:45:49][chimera14:5551] expert-agent 1 received request_id=ad51cd7b-1c92-4097-8533-945ccd88ce79 keys=['type', 'request_id', 'layer_idx', 'hidden_states', 'expert_ids', 'weights', 'token_idx']
[01:45:49][chimera14:5552] expert 16 processing 1 token-expert pairs
[01:45:49][chimera14:5552] expert 18 processing 7 token-expert pairs
[01:45:49][chimera14:5555] expert-agent 5 received request_id=540db000-cf46-45af-8a88-0fea6db7a4e4 keys=['type', 'request_id', 'layer_idx', 'hidden_states', 'expert_ids', 'weights', 'token_idx']
[01:45:49][chimera14:5551] expert 11 processing 4 token-expert pairs
[01:45:49][chimera14:5554] expert-agent 4 received request_id=fd02d84b-2937-4d9d-8524-d06f18f9b7e7 keys=['type', 'request_id', 'layer_idx', 'hidden_states', 'expert_ids', 'weights', 'token_idx']
[01:45:49][chimera14:5555] expert 41 processing 2 token-expert pairs
[01:45:49][chimera14:5551] expert 13 processing 2 token-expert pairs
[01:45:49][chimera14:5552] expert 21 processing 2 token-expert pairs
[01:45:49][chimera14:5554] expert 35 processing 3 token-expert pairs
[01:45:49][chimera14:5550] expert-agent 0 received request_id=7fa8955d-005e-4e40-aece-6cb4a8cb2f83 keys=['type', 'request_id', 'layer_idx', 'hidden_states', 'expert_ids', 'weights', 'token_idx']
[01:45:49][chimera14:5555] expert 44 processing 1 token-expert pairs
[01:45:49][chimera14:5552] expert 22 processing 1 token-expert pairs
[01:45:49][chimera14:5555] expert 45 processing 2 token-expert pairs
[01:45:49][chimera14:5552] expert 23 processing 2 token-expert pairs
[01:45:49][chimera14:5556] expert-agent 6 received request_id=c8074eab-642c-4003-a914-a4992f7fe475 keys=['type', 'request_id', 'layer_idx', 'hidden_states', 'expert_ids', 'weights', 'token_idx']
[01:45:49][chimera14:5551] expert-agent 1 sending response: response_id=RES_ad51cd7b-1c92-4097-8533-945ccd88ce79 latency_ms=8.53
[01:45:49][chimera14:5554] expert 36 processing 1 token-expert pairs
[01:45:49][chimera14:5550] expert 0 processing 2 token-expert pairs
[01:45:49][chimera14:5554] expert 38 processing 1 token-expert pairs
[01:45:49][chimera14:5555] expert 46 processing 2 token-expert pairs
[01:45:49][chimera14:5556] expert 49 processing 1 token-expert pairs
[01:45:49][chimera14:5553] expert-agent 3 received request_id=38cc847b-2f99-4e3e-818b-297b4bf84f59 keys=['type', 'request_id', 'layer_idx', 'hidden_states', 'expert_ids', 'weights', 'token_idx']
[01:45:49][chimera14:5554] expert 39 processing 1 token-expert pairs
[01:45:49][chimera14:5550] expert 1 processing 4 token-expert pairs
[01:45:49][chimera14:5556] expert 52 processing 1 token-expert pairs
[01:45:49][chimera14:5555] expert 47 processing 1 token-expert pairs
[01:45:49][chimera14:5552] expert-agent 2 sending response: response_id=RES_55c34564-83ba-4bf8-bd6e-113c5942c6b6 latency_ms=18.58
[01:45:49][chimera14:5557] expert-agent 7 received request_id=eec460a7-3732-4eaa-b329-5b66e391f630 keys=['type', 'request_id', 'layer_idx', 'hidden_states', 'expert_ids', 'weights', 'token_idx']
[01:45:49][chimera14:5556] expert 53 processing 1 token-expert pairs
[01:45:49][chimera14:5553] expert 24 processing 4 token-expert pairs
[01:45:49][chimera14:5550] expert 3 processing 1 token-expert pairs
[01:45:49][chimera14:5554] expert-agent 4 sending response: response_id=RES_fd02d84b-2937-4d9d-8524-d06f18f9b7e7 latency_ms=11.24
[01:45:49][chimera14:5557] expert 57 processing 1 token-expert pairs
[01:45:49][chimera14:5550] expert 4 processing 2 token-expert pairs
[01:45:49][chimera14:5555] expert-agent 5 sending response: response_id=RES_540db000-cf46-45af-8a88-0fea6db7a4e4 latency_ms=16.93
[01:45:49][chimera14:5556] expert-agent 6 sending response: response_id=RES_c8074eab-642c-4003-a914-a4992f7fe475 latency_ms=6.81
[01:45:49][chimera14:5553] expert 25 processing 1 token-expert pairs
[01:45:49][chimera14:5557] expert 60 processing 4 token-expert pairs
[01:45:49][chimera14:5550] expert 7 processing 3 token-expert pairs
[01:45:49][chimera14:5553] expert 26 processing 1 token-expert pairs
[01:45:49][chimera14:5553] expert 27 processing 2 token-expert pairs
[01:45:49][chimera14:5557] expert 62 processing 3 token-expert pairs
[01:45:49][chimera14:5553] expert 28 processing 1 token-expert pairs
[01:45:49][chimera14:5557] expert 63 processing 2 token-expert pairs
[01:45:49][chimera14:5550] expert-agent 0 sending response: response_id=RES_7fa8955d-005e-4e40-aece-6cb4a8cb2f83 latency_ms=19.86
[01:45:49][chimera14:5553] expert 29 processing 4 token-expert pairs
[01:45:49][chimera14:5553] expert 30 processing 1 token-expert pairs
[01:45:49][chimera14:5557] expert-agent 7 sending response: response_id=RES_eec460a7-3732-4eaa-b329-5b66e391f630 latency_ms=15.14
[01:45:49][chimera14:5553] expert-agent 3 sending response: response_id=RES_38cc847b-2f99-4e3e-818b-297b4bf84f59 latency_ms=22.61
[01:45:49][chimera14:5553] expert-agent 3 received request_id=3790ee2c-3a24-42d6-9d27-09337e97c686 keys=['type', 'request_id', 'layer_idx', 'hidden_states', 'expert_ids', 'weights', 'token_idx']
[01:45:49][chimera14:5553] expert 24 processing 3 token-expert pairs
[01:45:49][chimera14:5554] expert-agent 4 received request_id=243dfb3c-c0a3-4199-b704-5203912ed56b keys=['type', 'request_id', 'layer_idx', 'hidden_states', 'expert_ids', 'weights', 'token_idx']
[01:45:49][chimera14:5557] expert-agent 7 received request_id=a584ac78-cade-4d67-81fb-f5eb0130748b keys=['type', 'request_id', 'layer_idx', 'hidden_states', 'expert_ids', 'weights', 'token_idx']
[01:45:49][chimera14:5553] expert 28 processing 3 token-expert pairs
[01:45:49][chimera14:5554] expert 32 processing 3 token-expert pairs
[01:45:49][chimera14:5555] expert-agent 5 received request_id=ae6fefe3-7d72-434a-bb73-e81f4bad8757 keys=['type', 'request_id', 'layer_idx', 'hidden_states', 'expert_ids', 'weights', 'token_idx']
[01:45:49][chimera14:5553] expert 30 processing 4 token-expert pairs
[01:45:49][chimera14:5557] expert 56 processing 1 token-expert pairs
[01:45:49][chimera14:5554] expert 33 processing 2 token-expert pairs
[01:45:49][chimera14:5557] expert 59 processing 2 token-expert pairs
[01:45:49][chimera14:5552] expert-agent 2 received request_id=ba3c9da5-e412-47f8-a534-e70576f88170 keys=['type', 'request_id', 'layer_idx', 'hidden_states', 'expert_ids', 'weights', 'token_idx']
[01:45:49][chimera14:5555] expert 40 processing 1 token-expert pairs
[01:45:49][chimera14:5554] expert 34 processing 1 token-expert pairs
[01:45:49][chimera14:5555] expert 43 processing 1 token-expert pairs
[01:45:49][chimera14:5550] expert-agent 0 received request_id=0e6ce893-825f-4c43-be27-409fa116549e keys=['type', 'request_id', 'layer_idx', 'hidden_states', 'expert_ids', 'weights', 'token_idx']
[01:45:49][chimera14:5557] expert 60 processing 3 token-expert pairs
[01:45:49][chimera14:5554] expert 35 processing 1 token-expert pairs
[01:45:49][chimera14:5552] expert 16 processing 1 token-expert pairs
[01:45:49][chimera14:5555] expert 45 processing 1 token-expert pairs
[01:45:49][chimera14:5553] expert-agent 3 sending response: response_id=RES_3790ee2c-3a24-42d6-9d27-09337e97c686 latency_ms=13.19
[01:45:49][chimera14:5554] expert 36 processing 2 token-expert pairs
[01:45:49][chimera14:5552] expert 19 processing 1 token-expert pairs
[01:45:49][chimera14:5550] expert 0 processing 1 token-expert pairs
[01:45:49][chimera14:5551] expert-agent 1 received request_id=efb9ae9d-c3b3-4dae-acf6-b62d9eddf39e keys=['type', 'request_id', 'layer_idx', 'hidden_states', 'expert_ids', 'weights', 'token_idx']
[01:45:49][chimera14:5557] expert 61 processing 1 token-expert pairs
[01:45:49][chimera14:5552] expert 20 processing 2 token-expert pairs
[01:45:49][chimera14:5550] expert 3 processing 3 token-expert pairs
[01:45:49][chimera14:5554] expert 39 processing 2 token-expert pairs
[01:45:49][chimera14:5557] expert 62 processing 4 token-expert pairs
[01:45:49][chimera14:5555] expert-agent 5 sending response: response_id=RES_ae6fefe3-7d72-434a-bb73-e81f4bad8757 latency_ms=6.76
[01:45:49][chimera14:5556] expert-agent 6 received request_id=927dd52e-2dbe-4bdb-a5de-2aa68d12bf6a keys=['type', 'request_id', 'layer_idx', 'hidden_states', 'expert_ids', 'weights', 'token_idx']
[01:45:49][chimera14:5552] expert 22 processing 3 token-expert pairs
[01:45:49][chimera14:5551] expert 8 processing 8 token-expert pairs
[01:45:49][chimera14:5557] expert 63 processing 4 token-expert pairs
[01:45:49][chimera14:5556] expert 49 processing 4 token-expert pairs
[01:45:49][chimera14:5550] expert-agent 0 sending response: response_id=RES_0e6ce893-825f-4c43-be27-409fa116549e latency_ms=6.91
[01:45:49][chimera14:5554] expert-agent 4 sending response: response_id=RES_243dfb3c-c0a3-4199-b704-5203912ed56b latency_ms=20.87
[01:45:49][chimera14:5551] expert 9 processing 1 token-expert pairs
[01:45:49][chimera14:5552] expert-agent 2 sending response: response_id=RES_ba3c9da5-e412-47f8-a534-e70576f88170 latency_ms=12.93
[01:45:49][chimera14:5556] expert 51 processing 4 token-expert pairs
[01:45:49][chimera14:5551] expert 12 processing 2 token-expert pairs
[01:45:49][chimera14:5557] expert-agent 7 sending response: response_id=RES_a584ac78-cade-4d67-81fb-f5eb0130748b latency_ms=22.76
[01:45:49][chimera14:5551] expert 14 processing 3 token-expert pairs
[01:45:49][chimera14:5556] expert-agent 6 sending response: response_id=RES_927dd52e-2dbe-4bdb-a5de-2aa68d12bf6a latency_ms=9.34
[01:45:49][chimera14:5551] expert-agent 1 sending response: response_id=RES_efb9ae9d-c3b3-4dae-acf6-b62d9eddf39e latency_ms=18.75
[01:45:49][chimera14:5554] expert-agent 4 received request_id=0aab8034-b120-4deb-bbd3-57a981093bf0 keys=['type', 'request_id', 'layer_idx', 'hidden_states', 'expert_ids', 'weights', 'token_idx']
[01:45:49][chimera14:5554] expert 32 processing 2 token-expert pairs
[01:45:49][chimera14:5557] expert-agent 7 received request_id=87ef8253-4d44-4337-b351-d0c8756b245b keys=['type', 'request_id', 'layer_idx', 'hidden_states', 'expert_ids', 'weights', 'token_idx']
[01:45:49][chimera14:5554] expert 33 processing 2 token-expert pairs
[01:45:49][chimera14:5551] expert-agent 1 received request_id=d4a21864-cce0-48e0-8dd1-70212384d237 keys=['type', 'request_id', 'layer_idx', 'hidden_states', 'expert_ids', 'weights', 'token_idx']
[01:45:49][chimera14:5557] expert 56 processing 4 token-expert pairs
[01:45:49][chimera14:5554] expert 39 processing 2 token-expert pairs
[01:45:49][chimera14:5555] expert-agent 5 received request_id=8df5989f-edaa-487a-baa5-81a8d847bb5a keys=['type', 'request_id', 'layer_idx', 'hidden_states', 'expert_ids', 'weights', 'token_idx']
[01:45:49][chimera14:5551] expert 11 processing 2 token-expert pairs
[01:45:49][chimera14:5557] expert 60 processing 1 token-expert pairs
[01:45:49][chimera14:5555] expert 41 processing 1 token-expert pairs
[01:45:49][chimera14:5556] expert-agent 6 received request_id=cec76206-f636-47d2-bd1e-f64ae653782d keys=['type', 'request_id', 'layer_idx', 'hidden_states', 'expert_ids', 'weights', 'token_idx']
[01:45:49][chimera14:5557] expert 61 processing 6 token-expert pairs
[01:45:49][chimera14:5551] expert 12 processing 1 token-expert pairs
[01:45:49][chimera14:5554] expert-agent 4 sending response: response_id=RES_0aab8034-b120-4deb-bbd3-57a981093bf0 latency_ms=11.53
[01:45:49][chimera14:5555] expert 43 processing 1 token-expert pairs
[01:45:49][chimera14:5551] expert 13 processing 1 token-expert pairs
[01:45:49][chimera14:5553] expert-agent 3 received request_id=1c802856-b364-4e36-937d-e8a5d1101573 keys=['type', 'request_id', 'layer_idx', 'hidden_states', 'expert_ids', 'weights', 'token_idx']
[01:45:49][chimera14:5555] expert 44 processing 3 token-expert pairs
[01:45:49][chimera14:5556] expert 48 processing 2 token-expert pairs
[01:45:49][chimera14:5551] expert 14 processing 7 token-expert pairs
[01:45:49][chimera14:5557] expert 62 processing 1 token-expert pairs
[01:45:49][chimera14:5552] expert-agent 2 received request_id=fb866dac-60e4-4fc3-98e4-78988cd2cd75 keys=['type', 'request_id', 'layer_idx', 'hidden_states', 'expert_ids', 'weights', 'token_idx']
[01:45:49][chimera14:5553] expert 29 processing 1 token-expert pairs
[01:45:49][chimera14:5555] expert 45 processing 1 token-expert pairs
[01:45:49][chimera14:5556] expert 51 processing 4 token-expert pairs
[01:45:49][chimera14:5557] expert 63 processing 3 token-expert pairs
[01:45:49][chimera14:5553] expert 30 processing 2 token-expert pairs
[01:45:49][chimera14:5550] expert-agent 0 received request_id=3edca63f-2359-468c-ae72-64d1c0f6e165 keys=['type', 'request_id', 'layer_idx', 'hidden_states', 'expert_ids', 'weights', 'token_idx']
[01:45:49][chimera14:5552] expert 19 processing 2 token-expert pairs
[01:45:49][chimera14:5551] expert 15 processing 6 token-expert pairs
[01:45:49][chimera14:5556] expert 54 processing 2 token-expert pairs
[01:45:49][chimera14:5550] expert 1 processing 2 token-expert pairs
[01:45:49][chimera14:5553] expert 31 processing 3 token-expert pairs
[01:45:49][chimera14:5552] expert 22 processing 2 token-expert pairs
[01:45:49][chimera14:5555] expert-agent 5 sending response: response_id=RES_8df5989f-edaa-487a-baa5-81a8d847bb5a latency_ms=11.23
[01:45:49][chimera14:5556] expert 55 processing 5 token-expert pairs
[01:45:49][chimera14:5550] expert 4 processing 1 token-expert pairs
[01:45:49][chimera14:5552] expert 23 processing 2 token-expert pairs
[01:45:49][chimera14:5557] expert-agent 7 sending response: response_id=RES_87ef8253-4d44-4337-b351-d0c8756b245b latency_ms=20.54
[01:45:49][chimera14:5551] expert-agent 1 sending response: response_id=RES_d4a21864-cce0-48e0-8dd1-70212384d237 latency_ms=20.00
[01:45:49][chimera14:5550] expert-agent 0 sending response: response_id=RES_3edca63f-2359-468c-ae72-64d1c0f6e165 latency_ms=6.42
[01:45:49][chimera14:5553] expert-agent 3 sending response: response_id=RES_1c802856-b364-4e36-937d-e8a5d1101573 latency_ms=10.99
[01:45:49][chimera14:5556] expert-agent 6 sending response: response_id=RES_cec76206-f636-47d2-bd1e-f64ae653782d latency_ms=18.31
[01:45:49][chimera14:5552] expert-agent 2 sending response: response_id=RES_fb866dac-60e4-4fc3-98e4-78988cd2cd75 latency_ms=12.27
[01:45:49][chimera14:5553] expert-agent 3 received request_id=54da1c54-fa2c-4507-91be-0272c51eb442 keys=['type', 'request_id', 'layer_idx', 'hidden_states', 'expert_ids', 'weights', 'token_idx']
[01:45:49][chimera14:5551] expert-agent 1 received request_id=a30c2297-bd37-4b9a-9611-b4ebfc3b154a keys=['type', 'request_id', 'layer_idx', 'hidden_states', 'expert_ids', 'weights', 'token_idx']
[01:45:49][chimera14:5553] expert 25 processing 1 token-expert pairs
[01:45:49][chimera14:5553] expert 26 processing 1 token-expert pairs
[01:45:49][chimera14:5550] expert-agent 0 received request_id=c2501465-5833-4891-a28f-284863d055d2 keys=['type', 'request_id', 'layer_idx', 'hidden_states', 'expert_ids', 'weights', 'token_idx']
[01:45:49][chimera14:5551] expert 10 processing 3 token-expert pairs
[01:45:49][chimera14:5553] expert 27 processing 6 token-expert pairs
[01:45:49][chimera14:5557] expert-agent 7 received request_id=81eac509-dac4-4dc8-b748-1df35aa11007 keys=['type', 'request_id', 'layer_idx', 'hidden_states', 'expert_ids', 'weights', 'token_idx']
[01:45:49][chimera14:5550] expert 2 processing 5 token-expert pairs
[01:45:49][chimera14:5551] expert 14 processing 1 token-expert pairs
[01:45:49][chimera14:5553] expert 28 processing 1 token-expert pairs
[01:45:49][chimera14:5554] expert-agent 4 received request_id=f3fdb576-1825-41f2-9a6b-445160d782fb keys=['type', 'request_id', 'layer_idx', 'hidden_states', 'expert_ids', 'weights', 'token_idx']
[01:45:49][chimera14:5557] expert 59 processing 4 token-expert pairs
[01:45:49][chimera14:5551] expert-agent 1 sending response: response_id=RES_a30c2297-bd37-4b9a-9611-b4ebfc3b154a latency_ms=6.76
[01:45:49][chimera14:5550] expert 4 processing 1 token-expert pairs
[01:45:49][chimera14:5552] expert-agent 2 received request_id=7b901471-e120-4d4a-8e8b-bd87945a81d9 keys=['type', 'request_id', 'layer_idx', 'hidden_states', 'expert_ids', 'weights', 'token_idx']
[01:45:49][chimera14:5554] expert 33 processing 7 token-expert pairs
[01:45:49][chimera14:5550] expert 5 processing 3 token-expert pairs
[01:45:49][chimera14:5553] expert-agent 3 sending response: response_id=RES_54da1c54-fa2c-4507-91be-0272c51eb442 latency_ms=12.89
[01:45:49][chimera14:5557] expert 62 processing 2 token-expert pairs
[01:45:49][chimera14:5556] expert-agent 6 received request_id=30c4a1e7-d976-4228-80b5-dfc0b42cfbd9 keys=['type', 'request_id', 'layer_idx', 'hidden_states', 'expert_ids', 'weights', 'token_idx']
[01:45:49][chimera14:5552] expert 16 processing 2 token-expert pairs
[01:45:49][chimera14:5550] expert 6 processing 1 token-expert pairs
[01:45:49][chimera14:5557] expert 63 processing 5 token-expert pairs
[01:45:49][chimera14:5555] expert-agent 5 received request_id=06c1eab7-54c4-4c59-b0ec-d0adee08376e keys=['type', 'request_id', 'layer_idx', 'hidden_states', 'expert_ids', 'weights', 'token_idx']
[01:45:49][chimera14:5552] expert 23 processing 3 token-expert pairs
[01:45:49][chimera14:5556] expert 48 processing 3 token-expert pairs
[01:45:49][chimera14:5554] expert 34 processing 3 token-expert pairs
[01:45:49][chimera14:5550] expert-agent 0 sending response: response_id=RES_c2501465-5833-4891-a28f-284863d055d2 latency_ms=14.82
[01:45:49][chimera14:5555] expert 41 processing 6 token-expert pairs
[01:45:49][chimera14:5554] expert 37 processing 1 token-expert pairs
[01:45:49][chimera14:5556] expert 54 processing 1 token-expert pairs
[01:45:49][chimera14:5554] expert 38 processing 3 token-expert pairs
[01:45:49][chimera14:5556] expert 55 processing 1 token-expert pairs
[01:45:49][chimera14:5557] expert-agent 7 sending response: response_id=RES_81eac509-dac4-4dc8-b748-1df35aa11007 latency_ms=14.83
[01:45:49][chimera14:5552] expert-agent 2 sending response: response_id=RES_7b901471-e120-4d4a-8e8b-bd87945a81d9 latency_ms=8.76
[01:45:49][chimera14:5555] expert 43 processing 1 token-expert pairs
[01:45:49][chimera14:5555] expert 47 processing 7 token-expert pairs
[01:45:49][chimera14:5556] expert-agent 6 sending response: response_id=RES_30c4a1e7-d976-4228-80b5-dfc0b42cfbd9 latency_ms=9.23
[01:45:49][chimera14:5554] expert-agent 4 sending response: response_id=RES_f3fdb576-1825-41f2-9a6b-445160d782fb latency_ms=18.31
[01:45:49][chimera14:5555] expert-agent 5 sending response: response_id=RES_06c1eab7-54c4-4c59-b0ec-d0adee08376e latency_ms=15.46
[01:45:49][chimera14:5553] expert-agent 3 received request_id=f8b64719-eeb9-40ac-9e75-f25c39bc0af5 keys=['type', 'request_id', 'layer_idx', 'hidden_states', 'expert_ids', 'weights', 'token_idx']
[01:45:49][chimera14:5557] expert-agent 7 received request_id=6c064d28-63aa-4c25-a96c-9b874165b83b keys=['type', 'request_id', 'layer_idx', 'hidden_states', 'expert_ids', 'weights', 'token_idx']
[01:45:49][chimera14:5553] expert 25 processing 3 token-expert pairs
[01:45:49][chimera14:5550] expert-agent 0 received request_id=e4cf78e0-7b85-4d30-86ef-0510f21ac91d keys=['type', 'request_id', 'layer_idx', 'hidden_states', 'expert_ids', 'weights', 'token_idx']
[01:45:49][chimera14:5557] expert 58 processing 1 token-expert pairs
[01:45:49][chimera14:5553] expert 26 processing 4 token-expert pairs
[01:45:49][chimera14:5555] expert-agent 5 received request_id=c90f57a5-f4d5-4573-80f8-8e3ce6343d5d keys=['type', 'request_id', 'layer_idx', 'hidden_states', 'expert_ids', 'weights', 'token_idx']
[01:45:49][chimera14:5557] expert 61 processing 6 token-expert pairs
[01:45:49][chimera14:5550] expert 1 processing 3 token-expert pairs
[01:45:49][chimera14:5553] expert 29 processing 4 token-expert pairs
[01:45:49][chimera14:5555] expert 43 processing 1 token-expert pairs
[01:45:49][chimera14:5556] expert-agent 6 received request_id=0da1c690-141c-4b1e-b50f-273ced93e619 keys=['type', 'request_id', 'layer_idx', 'hidden_states', 'expert_ids', 'weights', 'token_idx']
[01:45:49][chimera14:5550] expert 5 processing 3 token-expert pairs
[01:45:49][chimera14:5555] expert 47 processing 2 token-expert pairs
[01:45:49][chimera14:5557] expert 62 processing 3 token-expert pairs
[01:45:49][chimera14:5551] expert-agent 1 received request_id=153dd37b-19d9-4140-8495-16cf115844d4 keys=['type', 'request_id', 'layer_idx', 'hidden_states', 'expert_ids', 'weights', 'token_idx']
[01:45:49][chimera14:5553] expert 31 processing 3 token-expert pairs
[01:45:49][chimera14:5556] expert 49 processing 1 token-expert pairs
[01:45:49][chimera14:5550] expert 6 processing 1 token-expert pairs
[01:45:49][chimera14:5557] expert 63 processing 3 token-expert pairs
[01:45:49][chimera14:5556] expert 51 processing 4 token-expert pairs
[01:45:49][chimera14:5552] expert-agent 2 received request_id=92c116aa-9c4b-4e64-b87d-5585e273d731 keys=['type', 'request_id', 'layer_idx', 'hidden_states', 'expert_ids', 'weights', 'token_idx']
[01:45:49][chimera14:5550] expert 7 processing 1 token-expert pairs
[01:45:49][chimera14:5551] expert 8 processing 2 token-expert pairs
[01:45:49][chimera14:5555] expert-agent 5 sending response: response_id=RES_c90f57a5-f4d5-4573-80f8-8e3ce6343d5d latency_ms=6.38
[01:45:49][chimera14:5554] expert-agent 4 received request_id=34c6a530-2228-492c-b5ac-f9324f0a9ebf keys=['type', 'request_id', 'layer_idx', 'hidden_states', 'expert_ids', 'weights', 'token_idx']
[01:45:49][chimera14:5552] expert 17 processing 2 token-expert pairs
[01:45:49][chimera14:5556] expert 52 processing 2 token-expert pairs
[01:45:49][chimera14:5553] expert-agent 3 sending response: response_id=RES_f8b64719-eeb9-40ac-9e75-f25c39bc0af5 latency_ms=18.31
[01:45:49][chimera14:5551] expert 13 processing 6 token-expert pairs
[01:45:49][chimera14:5550] expert-agent 0 sending response: response_id=RES_e4cf78e0-7b85-4d30-86ef-0510f21ac91d latency_ms=13.43
[01:45:49][chimera14:5557] expert-agent 7 sending response: response_id=RES_6c064d28-63aa-4c25-a96c-9b874165b83b latency_ms=16.67
[01:45:49][chimera14:5554] expert 35 processing 1 token-expert pairs
[01:45:49][chimera14:5552] expert 21 processing 4 token-expert pairs
[01:45:49][chimera14:5556] expert 53 processing 1 token-expert pairs
[01:45:49][chimera14:5554] expert 38 processing 2 token-expert pairs
[01:45:49][chimera14:5551] expert 14 processing 1 token-expert pairs
[01:45:49][chimera14:5556] expert 55 processing 5 token-expert pairs
[01:45:49][chimera14:5552] expert 22 processing 2 token-expert pairs
[01:45:49][chimera14:5554] expert 39 processing 1 token-expert pairs
[01:45:49][chimera14:5551] expert-agent 1 sending response: response_id=RES_153dd37b-19d9-4140-8495-16cf115844d4 latency_ms=12.15
[01:45:49][chimera14:5554] expert-agent 4 sending response: response_id=RES_34c6a530-2228-492c-b5ac-f9324f0a9ebf latency_ms=8.50
[01:45:49][chimera14:5556] expert-agent 6 sending response: response_id=RES_0da1c690-141c-4b1e-b50f-273ced93e619 latency_ms=19.05
[01:45:49][chimera14:5552] expert-agent 2 sending response: response_id=RES_92c116aa-9c4b-4e64-b87d-5585e273d731 latency_ms=12.77
[01:45:49][chimera14:5556] expert-agent 6 received request_id=e018d41d-93e1-4547-95e9-3a8bf84b80e0 keys=['type', 'request_id', 'layer_idx', 'hidden_states', 'expert_ids', 'weights', 'token_idx']
[01:45:49][chimera14:5556] expert 48 processing 2 token-expert pairs
[01:45:49][chimera14:5552] expert-agent 2 received request_id=667b5234-5515-488d-a234-5aa842fa2060 keys=['type', 'request_id', 'layer_idx', 'hidden_states', 'expert_ids', 'weights', 'token_idx']
[01:45:49][chimera14:5550] expert-agent 0 received request_id=68b8377f-ed8e-4428-9d7c-201f0af763e7 keys=['type', 'request_id', 'layer_idx', 'hidden_states', 'expert_ids', 'weights', 'token_idx']
[01:45:49][chimera14:5556] expert 49 processing 5 token-expert pairs
[01:45:49][chimera14:5552] expert 17 processing 5 token-expert pairs
[01:45:49][chimera14:5550] expert 1 processing 2 token-expert pairs
[01:45:49][chimera14:5555] expert-agent 5 received request_id=93f5c7df-7ed2-435b-8704-e2e1ccb0d7f7 keys=['type', 'request_id', 'layer_idx', 'hidden_states', 'expert_ids', 'weights', 'token_idx']
[01:45:49][chimera14:5556] expert 55 processing 2 token-expert pairs
[01:45:49][chimera14:5552] expert 18 processing 4 token-expert pairs
[01:45:49][chimera14:5551] expert-agent 1 received request_id=93b864a2-dbbd-4d97-b86b-6ace14adbac5 keys=['type', 'request_id', 'layer_idx', 'hidden_states', 'expert_ids', 'weights', 'token_idx']
[01:45:49][chimera14:5555] expert 40 processing 5 token-expert pairs
[01:45:49][chimera14:5550] expert-agent 0 sending response: response_id=RES_68b8377f-ed8e-4428-9d7c-201f0af763e7 latency_ms=4.21
[01:45:49][chimera14:5551] expert 8 processing 1 token-expert pairs
[01:45:49][chimera14:5557] expert-agent 7 received request_id=627644a8-7e31-4def-992b-a4766d7c25b1 keys=['type', 'request_id', 'layer_idx', 'hidden_states', 'expert_ids', 'weights', 'token_idx']
[01:45:49][chimera14:5552] expert 22 processing 2 token-expert pairs
[01:45:49][chimera14:5556] expert-agent 6 sending response: response_id=RES_e018d41d-93e1-4547-95e9-3a8bf84b80e0 latency_ms=13.51
[01:45:49][chimera14:5551] expert 9 processing 1 token-expert pairs
[01:45:49][chimera14:5555] expert 43 processing 3 token-expert pairs
[01:45:49][chimera14:5557] expert 58 processing 2 token-expert pairs
[01:45:49][chimera14:5554] expert-agent 4 received request_id=7d1d428d-ff3c-4d87-b20f-ede718ac3479 keys=['type', 'request_id', 'layer_idx', 'hidden_states', 'expert_ids', 'weights', 'token_idx']
[01:45:49][chimera14:5552] expert 23 processing 8 token-expert pairs
[01:45:49][chimera14:5553] expert-agent 3 received request_id=7259b3b5-bc43-4c5e-b01c-8542dd2c98db keys=['type', 'request_id', 'layer_idx', 'hidden_states', 'expert_ids', 'weights', 'token_idx']
[01:45:49][chimera14:5555] expert 44 processing 3 token-expert pairs
[01:45:49][chimera14:5551] expert-agent 1 sending response: response_id=RES_93b864a2-dbbd-4d97-b86b-6ace14adbac5 latency_ms=4.32
[01:45:49][chimera14:5557] expert 59 processing 4 token-expert pairs
[01:45:49][chimera14:5554] expert 32 processing 2 token-expert pairs
[01:45:49][chimera14:5553] expert 26 processing 1 token-expert pairs
[01:45:49][chimera14:5555] expert 46 processing 1 token-expert pairs
[01:45:49][chimera14:5554] expert 33 processing 6 token-expert pairs
[01:45:49][chimera14:5553] expert 29 processing 2 token-expert pairs
[01:45:49][chimera14:5557] expert 62 processing 4 token-expert pairs
[01:45:49][chimera14:5552] expert-agent 2 sending response: response_id=RES_667b5234-5515-488d-a234-5aa842fa2060 latency_ms=22.29
[01:45:49][chimera14:5555] expert-agent 5 sending response: response_id=RES_93f5c7df-7ed2-435b-8704-e2e1ccb0d7f7 latency_ms=16.62
[01:45:49][chimera14:5554] expert 36 processing 5 token-expert pairs
[01:45:49][chimera14:5553] expert-agent 3 sending response: response_id=RES_7259b3b5-bc43-4c5e-b01c-8542dd2c98db latency_ms=6.43
[01:45:49][chimera14:5557] expert-agent 7 sending response: response_id=RES_627644a8-7e31-4def-992b-a4766d7c25b1 latency_ms=13.79
[01:45:49][chimera14:5554] expert 39 processing 2 token-expert pairs
[01:45:49][chimera14:5554] expert-agent 4 sending response: response_id=RES_7d1d428d-ff3c-4d87-b20f-ede718ac3479 latency_ms=19.02
[01:45:49][chimera14:5552] expert-agent 2 received request_id=3765f766-3815-43c1-9d1c-76b2fafecda7 keys=['type', 'request_id', 'layer_idx', 'hidden_states', 'expert_ids', 'weights', 'token_idx']
[01:45:49][chimera14:5552] expert 21 processing 2 token-expert pairs
[01:45:49][chimera14:5555] expert-agent 5 received request_id=74096a0a-c8f3-4d23-a390-74bc38df253a keys=['type', 'request_id', 'layer_idx', 'hidden_states', 'expert_ids', 'weights', 'token_idx']
[01:45:49][chimera14:5552] expert 23 processing 4 token-expert pairs
[01:45:49][chimera14:5555] expert 41 processing 2 token-expert pairs
[01:45:49][chimera14:5550] expert-agent 0 received request_id=65e1fb17-9db5-4abd-a7dd-d02865430b3c keys=['type', 'request_id', 'layer_idx', 'hidden_states', 'expert_ids', 'weights', 'token_idx']
[01:45:49][chimera14:5551] expert-agent 1 received request_id=f7bb64cb-57bb-4950-8ddf-774e054be455 keys=['type', 'request_id', 'layer_idx', 'hidden_states', 'expert_ids', 'weights', 'token_idx']
[01:45:49][chimera14:5555] expert 42 processing 1 token-expert pairs
[01:45:49][chimera14:5550] expert 0 processing 1 token-expert pairs
[01:45:49][chimera14:5555] expert 45 processing 4 token-expert pairs
[01:45:49][chimera14:5550] expert 1 processing 8 token-expert pairs
[01:45:49][chimera14:5554] expert-agent 4 received request_id=8c024cd2-19b2-4a11-a4fd-eff02c96989f keys=['type', 'request_id', 'layer_idx', 'hidden_states', 'expert_ids', 'weights', 'token_idx']
[01:45:49][chimera14:5552] expert-agent 2 sending response: response_id=RES_3765f766-3815-43c1-9d1c-76b2fafecda7 latency_ms=9.27
[01:45:49][chimera14:5551] expert 10 processing 1 token-expert pairs
[01:45:49][chimera14:5557] expert-agent 7 received request_id=f5c52096-1b94-4703-b901-e7a4ea97264f keys=['type', 'request_id', 'layer_idx', 'hidden_states', 'expert_ids', 'weights', 'token_idx']
[01:45:49][chimera14:5551] expert 12 processing 1 token-expert pairs
[01:45:49][chimera14:5555] expert 46 processing 2 token-expert pairs
[01:45:49][chimera14:5554] expert 33 processing 4 token-expert pairs
[01:45:49][chimera14:5551] expert 13 processing 8 token-expert pairs
[01:45:49][chimera14:5556] expert-agent 6 received request_id=ecb32d34-dc4b-4cba-aa79-fb8061ca1505 keys=['type', 'request_id', 'layer_idx', 'hidden_states', 'expert_ids', 'weights', 'token_idx']
[01:45:49][chimera14:5557] expert 56 processing 2 token-expert pairs
[01:45:49][chimera14:5550] expert 2 processing 1 token-expert pairs
[01:45:49][chimera14:5555] expert 47 processing 1 token-expert pairs
[01:45:49][chimera14:5550] expert 4 processing 1 token-expert pairs
[01:45:49][chimera14:5554] expert 35 processing 2 token-expert pairs
[01:45:49][chimera14:5553] expert-agent 3 received request_id=a4c4b47f-1cb0-4a96-ba6f-fe30532220c7 keys=['type', 'request_id', 'layer_idx', 'hidden_states', 'expert_ids', 'weights', 'token_idx']
[01:45:49][chimera14:5556] expert 48 processing 4 token-expert pairs
[01:45:49][chimera14:5557] expert 58 processing 2 token-expert pairs
[01:45:49][chimera14:5550] expert 5 processing 1 token-expert pairs
[01:45:49][chimera14:5555] expert-agent 5 sending response: response_id=RES_74096a0a-c8f3-4d23-a390-74bc38df253a latency_ms=17.09
[01:45:49][chimera14:5554] expert 36 processing 1 token-expert pairs
[01:45:49][chimera14:5553] expert 25 processing 4 token-expert pairs
[01:45:49][chimera14:5557] expert 59 processing 2 token-expert pairs
[01:45:49][chimera14:5554] expert 37 processing 1 token-expert pairs
[01:45:49][chimera14:5551] expert-agent 1 sending response: response_id=RES_f7bb64cb-57bb-4950-8ddf-774e054be455 latency_ms=11.68
[01:45:49][chimera14:5556] expert 49 processing 1 token-expert pairs
[01:45:49][chimera14:5550] expert-agent 0 sending response: response_id=RES_65e1fb17-9db5-4abd-a7dd-d02865430b3c latency_ms=16.62
[01:45:49][chimera14:5554] expert 38 processing 1 token-expert pairs
[01:45:49][chimera14:5556] expert 54 processing 2 token-expert pairs
[01:45:49][chimera14:5553] expert 31 processing 3 token-expert pairs
[01:45:49][chimera14:5557] expert 62 processing 1 token-expert pairs
[01:45:49][chimera14:5554] expert 39 processing 4 token-expert pairs
[01:45:49][chimera14:5557] expert-agent 7 sending response: response_id=RES_f5c52096-1b94-4703-b901-e7a4ea97264f latency_ms=14.94
[01:45:49][chimera14:5556] expert-agent 6 sending response: response_id=RES_ecb32d34-dc4b-4cba-aa79-fb8061ca1505 latency_ms=12.36
[01:45:49][chimera14:5553] expert-agent 3 sending response: response_id=RES_a4c4b47f-1cb0-4a96-ba6f-fe30532220c7 latency_ms=11.53
[01:45:49][chimera14:5554] expert-agent 4 sending response: response_id=RES_8c024cd2-19b2-4a11-a4fd-eff02c96989f latency_ms=22.59
[01:45:50][chimera14:5552] expert-agent 2 received request_id=b5276d55-1d5d-4e2a-8ffe-c3ceab4f1024 keys=['type', 'request_id', 'layer_idx', 'hidden_states', 'expert_ids', 'weights', 'token_idx']
[01:45:50][chimera14:5552] expert 18 processing 5 token-expert pairs
[01:45:50][chimera14:5550] expert-agent 0 received request_id=6777a1dd-e110-4130-a2fe-21fe21d12d99 keys=['type', 'request_id', 'layer_idx', 'hidden_states', 'expert_ids', 'weights', 'token_idx']
[01:45:50][chimera14:5553] expert-agent 3 received request_id=a0e2124d-58d1-4940-805c-f6f94eabe89b keys=['type', 'request_id', 'layer_idx', 'hidden_states', 'expert_ids', 'weights', 'token_idx']
[01:45:50][chimera14:5550] expert 1 processing 4 token-expert pairs
[01:45:50][chimera14:5552] expert 22 processing 3 token-expert pairs
[01:45:50][chimera14:5554] expert-agent 4 received request_id=82a3e6c1-3988-4f32-89ec-30ae0258a298 keys=['type', 'request_id', 'layer_idx', 'hidden_states', 'expert_ids', 'weights', 'token_idx']
[01:45:50][chimera14:5553] expert 25 processing 1 token-expert pairs
[01:45:50][chimera14:5550] expert 6 processing 3 token-expert pairs
[01:45:50][chimera14:5553] expert 26 processing 3 token-expert pairs
[01:45:50][chimera14:5557] expert-agent 7 received request_id=77d83faf-ac98-4e36-a0e3-93d958d1ec06 keys=['type', 'request_id', 'layer_idx', 'hidden_states', 'expert_ids', 'weights', 'token_idx']
[01:45:50][chimera14:5554] expert 32 processing 7 token-expert pairs
[01:45:50][chimera14:5552] expert-agent 2 sending response: response_id=RES_b5276d55-1d5d-4e2a-8ffe-c3ceab4f1024 latency_ms=10.40
[01:45:50][chimera14:5550] expert 7 processing 7 token-expert pairs
[01:45:50][chimera14:5553] expert 27 processing 1 token-expert pairs
[01:45:50][chimera14:5556] expert-agent 6 received request_id=3b6aa9b7-b708-43a6-83a7-e1eb09f85ee9 keys=['type', 'request_id', 'layer_idx', 'hidden_states', 'expert_ids', 'weights', 'token_idx']
[01:45:50][chimera14:5557] expert 59 processing 2 token-expert pairs
[01:45:50][chimera14:5553] expert 29 processing 4 token-expert pairs
[01:45:50][chimera14:5554] expert 33 processing 1 token-expert pairs
[01:45:50][chimera14:5551] expert-agent 1 received request_id=add6bb31-94bd-4746-90e6-8883a273acff keys=['type', 'request_id', 'layer_idx', 'hidden_states', 'expert_ids', 'weights', 'token_idx']
[01:45:50][chimera14:5556] expert 48 processing 1 token-expert pairs
[01:45:50][chimera14:5557] expert 60 processing 4 token-expert pairs
[01:45:50][chimera14:5554] expert 35 processing 3 token-expert pairs
[01:45:50][chimera14:5556] expert 49 processing 1 token-expert pairs
[01:45:50][chimera14:5555] expert-agent 5 received request_id=abe341c7-6f55-4a49-b855-30018c205e54 keys=['type', 'request_id', 'layer_idx', 'hidden_states', 'expert_ids', 'weights', 'token_idx']
[01:45:50][chimera14:5553] expert 30 processing 2 token-expert pairs
[01:45:50][chimera14:5551] expert 10 processing 3 token-expert pairs
[01:45:50][chimera14:5550] expert-agent 0 sending response: response_id=RES_6777a1dd-e110-4130-a2fe-21fe21d12d99 latency_ms=15.81
[01:45:50][chimera14:5556] expert 51 processing 2 token-expert pairs
[01:45:50][chimera14:5557] expert 61 processing 1 token-expert pairs
[01:45:50][chimera14:5555] expert 40 processing 1 token-expert pairs
[01:45:50][chimera14:5553] expert 31 processing 2 token-expert pairs
[01:45:50][chimera14:5557] expert 62 processing 2 token-expert pairs
[01:45:50][chimera14:5551] expert 12 processing 2 token-expert pairs
[01:45:50][chimera14:5556] expert 52 processing 2 token-expert pairs
[01:45:50][chimera14:5555] expert 44 processing 1 token-expert pairs
[01:45:50][chimera14:5554] expert-agent 4 sending response: response_id=RES_82a3e6c1-3988-4f32-89ec-30ae0258a298 latency_ms=13.12
[01:45:50][chimera14:5557] expert 63 processing 1 token-expert pairs
[01:45:50][chimera14:5551] expert 13 processing 1 token-expert pairs
[01:45:50][chimera14:5556] expert 55 processing 2 token-expert pairs
[01:45:50][chimera14:5553] expert-agent 3 sending response: response_id=RES_a0e2124d-58d1-4940-805c-f6f94eabe89b latency_ms=22.45
[01:45:50][chimera14:5555] expert-agent 5 sending response: response_id=RES_abe341c7-6f55-4a49-b855-30018c205e54 latency_ms=4.92
[01:45:50][chimera14:5556] expert-agent 6 sending response: response_id=RES_3b6aa9b7-b708-43a6-83a7-e1eb09f85ee9 latency_ms=17.07
[01:45:50][chimera14:5551] expert-agent 1 sending response: response_id=RES_add6bb31-94bd-4746-90e6-8883a273acff latency_ms=11.30
[01:45:50][chimera14:5557] expert-agent 7 sending response: response_id=RES_77d83faf-ac98-4e36-a0e3-93d958d1ec06 latency_ms=18.10
[01:45:50][chimera14:5551] expert-agent 1 received request_id=9720a394-ac9a-4295-b534-bba7ce933656 keys=['type', 'request_id', 'layer_idx', 'hidden_states', 'expert_ids', 'weights', 'token_idx']
[01:45:50][chimera14:5555] expert-agent 5 received request_id=ba205f9c-9bc5-4293-b6c9-2e8f82cb8a23 keys=['type', 'request_id', 'layer_idx', 'hidden_states', 'expert_ids', 'weights', 'token_idx']
[01:45:50][chimera14:5551] expert 8 processing 3 token-expert pairs
[01:45:50][chimera14:5555] expert 40 processing 1 token-expert pairs
[01:45:50][chimera14:5552] expert-agent 2 received request_id=836c6544-55de-49b0-a1bf-b9b6df3f6d89 keys=['type', 'request_id', 'layer_idx', 'hidden_states', 'expert_ids', 'weights', 'token_idx']
[01:45:50][chimera14:5551] expert 9 processing 3 token-expert pairs
[01:45:50][chimera14:5555] expert 42 processing 5 token-expert pairs
[01:45:50][chimera14:5557] expert-agent 7 received request_id=5da46d4b-b181-42b9-8ab8-ce85016963fd keys=['type', 'request_id', 'layer_idx', 'hidden_states', 'expert_ids', 'weights', 'token_idx']
[01:45:50][chimera14:5552] expert 16 processing 3 token-expert pairs
[01:45:50][chimera14:5551] expert 12 processing 5 token-expert pairs
[01:45:50][chimera14:5550] expert-agent 0 received request_id=7883aa6d-84ce-46d9-9f42-a6cfa9b1296d keys=['type', 'request_id', 'layer_idx', 'hidden_states', 'expert_ids', 'weights', 'token_idx']
[01:45:50][chimera14:5557] expert 57 processing 1 token-expert pairs
[01:45:50][chimera14:5552] expert 18 processing 4 token-expert pairs
[01:45:50][chimera14:5554] expert-agent 4 received request_id=57a7938d-ed74-4e5c-b9cc-ca34ae336ca4 keys=['type', 'request_id', 'layer_idx', 'hidden_states', 'expert_ids', 'weights', 'token_idx']
[01:45:50][chimera14:5557] expert 61 processing 2 token-expert pairs
[01:45:50][chimera14:5551] expert 13 processing 5 token-expert pairs
[01:45:50][chimera14:5550] expert 4 processing 2 token-expert pairs
[01:45:50][chimera14:5555] expert-agent 5 sending response: response_id=RES_ba205f9c-9bc5-4293-b6c9-2e8f82cb8a23 latency_ms=7.80
[01:45:50][chimera14:5553] expert-agent 3 received request_id=fd946cc6-0909-46c7-ad9c-24deae1a7399 keys=['type', 'request_id', 'layer_idx', 'hidden_states', 'expert_ids', 'weights', 'token_idx']
[01:45:50][chimera14:5552] expert 20 processing 2 token-expert pairs
[01:45:50][chimera14:5557] expert 63 processing 3 token-expert pairs
[01:45:50][chimera14:5554] expert 34 processing 1 token-expert pairs
[01:45:50][chimera14:5550] expert 6 processing 1 token-expert pairs
[01:45:50][chimera14:5554] expert 35 processing 2 token-expert pairs
[01:45:50][chimera14:5556] expert-agent 6 received request_id=00072f7d-4428-4c1a-ba7b-f5c1e4c3d89b keys=['type', 'request_id', 'layer_idx', 'hidden_states', 'expert_ids', 'weights', 'token_idx']
[01:45:50][chimera14:5552] expert 21 processing 4 token-expert pairs
[01:45:50][chimera14:5553] expert 24 processing 4 token-expert pairs
[01:45:50][chimera14:5551] expert-agent 1 sending response: response_id=RES_9720a394-ac9a-4295-b534-bba7ce933656 latency_ms=19.47
[01:45:50][chimera14:5550] expert-agent 0 sending response: response_id=RES_7883aa6d-84ce-46d9-9f42-a6cfa9b1296d latency_ms=6.46
[01:45:50][chimera14:5554] expert 37 processing 2 token-expert pairs
[01:45:50][chimera14:5556] expert 48 processing 3 token-expert pairs
[01:45:50][chimera14:5557] expert-agent 7 sending response: response_id=RES_5da46d4b-b181-42b9-8ab8-ce85016963fd latency_ms=11.04
[01:45:50][chimera14:5552] expert 22 processing 1 token-expert pairs
[01:45:50][chimera14:5553] expert 26 processing 2 token-expert pairs
[01:45:50][chimera14:5554] expert 39 processing 3 token-expert pairs
[01:45:50][chimera14:5556] expert 49 processing 1 token-expert pairs
[01:45:50][chimera14:5553] expert 28 processing 2 token-expert pairs
[01:45:50][chimera14:5556] expert 52 processing 2 token-expert pairs
[01:45:50][chimera14:5552] expert-agent 2 sending response: response_id=RES_836c6544-55de-49b0-a1bf-b9b6df3f6d89 latency_ms=20.68
[01:45:50][chimera14:5556] expert 54 processing 5 token-expert pairs
[01:45:50][chimera14:5554] expert-agent 4 sending response: response_id=RES_57a7938d-ed74-4e5c-b9cc-ca34ae336ca4 latency_ms=14.80
[01:45:50][chimera14:5553] expert-agent 3 sending response: response_id=RES_fd946cc6-0909-46c7-ad9c-24deae1a7399 latency_ms=13.25
[01:45:50][chimera14:5556] expert-agent 6 sending response: response_id=RES_00072f7d-4428-4c1a-ba7b-f5c1e4c3d89b latency_ms=16.12
[01:45:50][chimera14:5550] expert-agent 0 received request_id=4810adfc-5f17-4e02-b0fb-33f670e26bd9 keys=['type', 'request_id', 'layer_idx', 'hidden_states', 'expert_ids', 'weights', 'token_idx']
[01:45:50][chimera14:5555] expert-agent 5 received request_id=4b9bfd20-e640-4028-bd04-fb804c8704ae keys=['type', 'request_id', 'layer_idx', 'hidden_states', 'expert_ids', 'weights', 'token_idx']
[01:45:50][chimera14:5550] expert 2 processing 3 token-expert pairs
[01:45:50][chimera14:5557] expert-agent 7 received request_id=2a78dccf-98a5-44c6-bc47-602e3480fee7 keys=['type', 'request_id', 'layer_idx', 'hidden_states', 'expert_ids', 'weights', 'token_idx']
[01:45:50][chimera14:5555] expert 43 processing 3 token-expert pairs
[01:45:50][chimera14:5550] expert 4 processing 5 token-expert pairs
[01:45:50][chimera14:5557] expert 57 processing 3 token-expert pairs
[01:45:50][chimera14:5553] expert-agent 3 received request_id=4a3551a5-596e-48f1-9ccc-e9f81376c224 keys=['type', 'request_id', 'layer_idx', 'hidden_states', 'expert_ids', 'weights', 'token_idx']
[01:45:50][chimera14:5555] expert 44 processing 2 token-expert pairs
[01:45:50][chimera14:5550] expert 5 processing 1 token-expert pairs
[01:45:50][chimera14:5554] expert-agent 4 received request_id=33a62d02-ccff-4abb-b2e3-b1d02fa6b972 keys=['type', 'request_id', 'layer_idx', 'hidden_states', 'expert_ids', 'weights', 'token_idx']
[01:45:50][chimera14:5557] expert 59 processing 4 token-expert pairs
[01:45:50][chimera14:5555] expert 46 processing 1 token-expert pairs
[01:45:50][chimera14:5553] expert 24 processing 2 token-expert pairs
[01:45:50][chimera14:5550] expert 6 processing 4 token-expert pairs
[01:45:50][chimera14:5552] expert-agent 2 received request_id=30a831a5-8845-48f0-a45d-6618a9413eea keys=['type', 'request_id', 'layer_idx', 'hidden_states', 'expert_ids', 'weights', 'token_idx']
[01:45:50][chimera14:5554] expert 34 processing 2 token-expert pairs
[01:45:50][chimera14:5553] expert 26 processing 2 token-expert pairs
[01:45:50][chimera14:5557] expert 62 processing 1 token-expert pairs
[01:45:50][chimera14:5555] expert-agent 5 sending response: response_id=RES_4b9bfd20-e640-4028-bd04-fb804c8704ae latency_ms=10.49
[01:45:50][chimera14:5556] expert-agent 6 received request_id=dc246460-4538-4dec-b9de-b5cc5b4311d1 keys=['type', 'request_id', 'layer_idx', 'hidden_states', 'expert_ids', 'weights', 'token_idx']
[01:45:50][chimera14:5554] expert 35 processing 1 token-expert pairs
[01:45:50][chimera14:5552] expert 17 processing 2 token-expert pairs
[01:45:50][chimera14:5553] expert 27 processing 1 token-expert pairs
[01:45:50][chimera14:5550] expert-agent 0 sending response: response_id=RES_4810adfc-5f17-4e02-b0fb-33f670e26bd9 latency_ms=16.82
[01:45:50][chimera14:5554] expert 38 processing 3 token-expert pairs
[01:45:50][chimera14:5551] expert-agent 1 received request_id=fd23f468-616a-40b5-8c1a-f3d61cc92143 keys=['type', 'request_id', 'layer_idx', 'hidden_states', 'expert_ids', 'weights', 'token_idx']
[01:45:50][chimera14:5557] expert-agent 7 sending response: response_id=RES_2a78dccf-98a5-44c6-bc47-602e3480fee7 latency_ms=11.86
[01:45:50][chimera14:5553] expert 28 processing 2 token-expert pairs
[01:45:50][chimera14:5556] expert 48 processing 7 token-expert pairs
[01:45:50][chimera14:5552] expert 18 processing 1 token-expert pairs
[01:45:50][chimera14:5552] expert 20 processing 3 token-expert pairs
[01:45:50][chimera14:5551] expert 10 processing 1 token-expert pairs
[01:45:50][chimera14:5553] expert 30 processing 4 token-expert pairs
[01:45:50][chimera14:5551] expert 12 processing 1 token-expert pairs
[01:45:50][chimera14:5554] expert-agent 4 sending response: response_id=RES_33a62d02-ccff-4abb-b2e3-b1d02fa6b972 latency_ms=11.14
[01:45:50][chimera14:5556] expert 49 processing 1 token-expert pairs
[01:45:50][chimera14:5552] expert 21 processing 2 token-expert pairs
[01:45:50][chimera14:5551] expert 14 processing 1 token-expert pairs
[01:45:50][chimera14:5553] expert 31 processing 3 token-expert pairs
[01:45:50][chimera14:5556] expert 50 processing 1 token-expert pairs
[01:45:50][chimera14:5551] expert 15 processing 3 token-expert pairs
[01:45:50][chimera14:5552] expert 23 processing 2 token-expert pairs
[01:45:50][chimera14:5556] expert-agent 6 sending response: response_id=RES_dc246460-4538-4dec-b9de-b5cc5b4311d1 latency_ms=11.90
[01:45:50][chimera14:5553] expert-agent 3 sending response: response_id=RES_4a3551a5-596e-48f1-9ccc-e9f81376c224 latency_ms=24.22
[01:45:50][chimera14:5551] expert-agent 1 sending response: response_id=RES_fd23f468-616a-40b5-8c1a-f3d61cc92143 latency_ms=10.81
[01:45:50][chimera14:5552] expert-agent 2 sending response: response_id=RES_30a831a5-8845-48f0-a45d-6618a9413eea latency_ms=18.80
[01:45:50][chimera14:5557] expert-agent 7 received request_id=5c3787e6-61a8-4186-a519-1f42808855bc keys=['type', 'request_id', 'layer_idx', 'hidden_states', 'expert_ids', 'weights', 'token_idx']
[01:45:50][chimera14:5554] expert-agent 4 received request_id=5b04faa3-550e-44fd-b90f-2a7f2c13b1cb keys=['type', 'request_id', 'layer_idx', 'hidden_states', 'expert_ids', 'weights', 'token_idx']
[01:45:50][chimera14:5557] expert 56 processing 4 token-expert pairs
[01:45:50][chimera14:5556] expert-agent 6 received request_id=adfb9b4c-dd2e-406a-b9c3-becf4c7e4fa7 keys=['type', 'request_id', 'layer_idx', 'hidden_states', 'expert_ids', 'weights', 'token_idx']
[01:45:50][chimera14:5554] expert 33 processing 4 token-expert pairs
[01:45:50][chimera14:5557] expert 58 processing 2 token-expert pairs
[01:45:50][chimera14:5556] expert 50 processing 1 token-expert pairs
[01:45:50][chimera14:5551] expert-agent 1 received request_id=8be59e9c-eb69-436b-8bff-bb167a138836 keys=['type', 'request_id', 'layer_idx', 'hidden_states', 'expert_ids', 'weights', 'token_idx']
[01:45:50][chimera14:5554] expert 36 processing 2 token-expert pairs
[01:45:50][chimera14:5556] expert 51 processing 3 token-expert pairs
[01:45:50][chimera14:5557] expert 59 processing 1 token-expert pairs
[01:45:50][chimera14:5555] expert-agent 5 received request_id=403588c5-4588-4444-8d61-77f579e68cb8 keys=['type', 'request_id', 'layer_idx', 'hidden_states', 'expert_ids', 'weights', 'token_idx']
[01:45:50][chimera14:5551] expert 8 processing 1 token-expert pairs
[01:45:50][chimera14:5557] expert 63 processing 1 token-expert pairs
[01:45:50][chimera14:5554] expert 37 processing 4 token-expert pairs
[01:45:50][chimera14:5556] expert 52 processing 3 token-expert pairs
[01:45:50][chimera14:5551] expert 10 processing 3 token-expert pairs
[01:45:50][chimera14:5552] expert-agent 2 received request_id=ffd9ee07-aa71-4643-8d66-74db5b0feeef keys=['type', 'request_id', 'layer_idx', 'hidden_states', 'expert_ids', 'weights', 'token_idx']
[01:45:50][chimera14:5555] expert 40 processing 1 token-expert pairs
[01:45:50][chimera14:5557] expert-agent 7 sending response: response_id=RES_5c3787e6-61a8-4186-a519-1f42808855bc latency_ms=13.42
[01:45:50][chimera14:5555] expert 41 processing 1 token-expert pairs
[01:45:50][chimera14:5554] expert 38 processing 1 token-expert pairs
[01:45:50][chimera14:5553] expert-agent 3 received request_id=8ddf87d5-c1d2-4e97-9042-a5062169b176 keys=['type', 'request_id', 'layer_idx', 'hidden_states', 'expert_ids', 'weights', 'token_idx']
[01:45:50][chimera14:5551] expert 12 processing 1 token-expert pairs
[01:45:50][chimera14:5552] expert 16 processing 1 token-expert pairs
[01:45:50][chimera14:5555] expert 42 processing 1 token-expert pairs
[01:45:50][chimera14:5554] expert 39 processing 2 token-expert pairs
[01:45:50][chimera14:5551] expert 13 processing 3 token-expert pairs
[01:45:50][chimera14:5552] expert 17 processing 3 token-expert pairs
[01:45:50][chimera14:5550] expert-agent 0 received request_id=c890da00-eb04-4242-9d8b-4163f1ab61bf keys=['type', 'request_id', 'layer_idx', 'hidden_states', 'expert_ids', 'weights', 'token_idx']
[01:45:50][chimera14:5556] expert-agent 6 sending response: response_id=RES_adfb9b4c-dd2e-406a-b9c3-becf4c7e4fa7 latency_ms=10.77
[01:45:50][chimera14:5555] expert 44 processing 2 token-expert pairs
[01:45:50][chimera14:5553] expert 24 processing 1 token-expert pairs
[01:45:50][chimera14:5553] expert 26 processing 1 token-expert pairs
[01:45:50][chimera14:5552] expert 19 processing 1 token-expert pairs
[01:45:50][chimera14:5551] expert 14 processing 6 token-expert pairs
[01:45:50][chimera14:5550] expert 2 processing 2 token-expert pairs
[01:45:50][chimera14:5555] expert 46 processing 3 token-expert pairs
[01:45:50][chimera14:5553] expert 28 processing 3 token-expert pairs
[01:45:50][chimera14:5552] expert 20 processing 1 token-expert pairs
[01:45:50][chimera14:5554] expert-agent 4 sending response: response_id=RES_5b04faa3-550e-44fd-b90f-2a7f2c13b1cb latency_ms=20.19
[01:45:50][chimera14:5552] expert 22 processing 3 token-expert pairs
[01:45:50][chimera14:5550] expert 7 processing 2 token-expert pairs
[01:45:50][chimera14:5553] expert 29 processing 1 token-expert pairs
[01:45:50][chimera14:5555] expert-agent 5 sending response: response_id=RES_403588c5-4588-4444-8d61-77f579e68cb8 latency_ms=15.35
[01:45:50][chimera14:5553] expert 30 processing 2 token-expert pairs
[01:45:50][chimera14:5551] expert-agent 1 sending response: response_id=RES_8be59e9c-eb69-436b-8bff-bb167a138836 latency_ms=19.44
[01:45:50][chimera14:5550] expert-agent 0 sending response: response_id=RES_c890da00-eb04-4242-9d8b-4163f1ab61bf latency_ms=8.50
[01:45:50][chimera14:5552] expert-agent 2 sending response: response_id=RES_ffd9ee07-aa71-4643-8d66-74db5b0feeef latency_ms=15.71
[01:45:50][chimera14:5553] expert 31 processing 1 token-expert pairs
[01:45:50][chimera14:5553] expert-agent 3 sending response: response_id=RES_8ddf87d5-c1d2-4e97-9042-a5062169b176 latency_ms=17.52
[01:45:50][chimera14:5557] expert-agent 7 received request_id=6f3f8005-5d66-4f3d-aa08-f8461c535eb0 keys=['type', 'request_id', 'layer_idx', 'hidden_states', 'expert_ids', 'weights', 'token_idx']
[01:45:50][chimera14:5556] expert-agent 6 received request_id=262124e5-dd5f-4905-948e-9b617e58649f keys=['type', 'request_id', 'layer_idx', 'hidden_states', 'expert_ids', 'weights', 'token_idx']
[01:45:50][chimera14:5557] expert 56 processing 1 token-expert pairs
[01:45:50][chimera14:5557] expert 57 processing 1 token-expert pairs
[01:45:50][chimera14:5550] expert-agent 0 received request_id=f90e6224-c137-4dad-b757-f529c25f073a keys=['type', 'request_id', 'layer_idx', 'hidden_states', 'expert_ids', 'weights', 'token_idx']
[01:45:50][chimera14:5556] expert 48 processing 2 token-expert pairs
[01:45:50][chimera14:5557] expert 58 processing 4 token-expert pairs
[01:45:50][chimera14:5552] expert-agent 2 received request_id=5d76bc58-92c5-419f-b798-cca3bdcd6a13 keys=['type', 'request_id', 'layer_idx', 'hidden_states', 'expert_ids', 'weights', 'token_idx']
[01:45:50][chimera14:5550] expert 1 processing 1 token-expert pairs
[01:45:50][chimera14:5556] expert 49 processing 3 token-expert pairs
[01:45:50][chimera14:5550] expert 3 processing 2 token-expert pairs
[01:45:50][chimera14:5557] expert 59 processing 3 token-expert pairs
[01:45:50][chimera14:5551] expert-agent 1 received request_id=d5a9aecd-77fc-41a1-9275-c111c3d7898e keys=['type', 'request_id', 'layer_idx', 'hidden_states', 'expert_ids', 'weights', 'token_idx']
[01:45:50][chimera14:5552] expert 17 processing 1 token-expert pairs
[01:45:50][chimera14:5556] expert 51 processing 2 token-expert pairs
[01:45:50][chimera14:5552] expert 18 processing 1 token-expert pairs
[01:45:50][chimera14:5550] expert 4 processing 1 token-expert pairs
[01:45:50][chimera14:5554] expert-agent 4 received request_id=74023844-7499-4df1-a6b8-734563d9bb7f keys=['type', 'request_id', 'layer_idx', 'hidden_states', 'expert_ids', 'weights', 'token_idx']
[01:45:50][chimera14:5557] expert 63 processing 2 token-expert pairs
[01:45:50][chimera14:5552] expert 19 processing 2 token-expert pairs
[01:45:50][chimera14:5550] expert 6 processing 4 token-expert pairs
[01:45:50][chimera14:5556] expert 54 processing 4 token-expert pairs
[01:45:50][chimera14:5551] expert 9 processing 3 token-expert pairs
[01:45:50][chimera14:5555] expert-agent 5 received request_id=b20c32c2-0f86-4675-beb4-52dc5f16bed8 keys=['type', 'request_id', 'layer_idx', 'hidden_states', 'expert_ids', 'weights', 'token_idx']
[01:45:50][chimera14:5552] expert 22 processing 1 token-expert pairs
[01:45:50][chimera14:5554] expert 32 processing 3 token-expert pairs
[01:45:50][chimera14:5551] expert 10 processing 2 token-expert pairs
[01:45:50][chimera14:5552] expert 23 processing 3 token-expert pairs
[01:45:50][chimera14:5557] expert-agent 7 sending response: response_id=RES_6f3f8005-5d66-4f3d-aa08-f8461c535eb0 latency_ms=18.03
[01:45:50][chimera14:5551] expert 12 processing 1 token-expert pairs
[01:45:50][chimera14:5554] expert 34 processing 1 token-expert pairs
[01:45:50][chimera14:5553] expert-agent 3 received request_id=7f23dcfc-71cf-498f-abb5-92334242f272 keys=['type', 'request_id', 'layer_idx', 'hidden_states', 'expert_ids', 'weights', 'token_idx']
[01:45:50][chimera14:5551] expert 13 processing 3 token-expert pairs
[01:45:50][chimera14:5554] expert 36 processing 2 token-expert pairs
[01:45:50][chimera14:5555] expert 41 processing 1 token-expert pairs
[01:45:50][chimera14:5555] expert 43 processing 1 token-expert pairs
[01:45:50][chimera14:5550] expert-agent 0 sending response: response_id=RES_f90e6224-c137-4dad-b757-f529c25f073a latency_ms=13.51
[01:45:50][chimera14:5554] expert 39 processing 2 token-expert pairs
[01:45:50][chimera14:5551] expert 15 processing 3 token-expert pairs
[01:45:50][chimera14:5555] expert 44 processing 1 token-expert pairs
[01:45:50][chimera14:5556] expert-agent 6 sending response: response_id=RES_262124e5-dd5f-4905-948e-9b617e58649f latency_ms=17.16
[01:45:50][chimera14:5555] expert 45 processing 2 token-expert pairs
[01:45:50][chimera14:5552] expert-agent 2 sending response: response_id=RES_5d76bc58-92c5-419f-b798-cca3bdcd6a13 latency_ms=15.72
[01:45:50][chimera14:5553] expert 24 processing 1 token-expert pairs
[01:45:50][chimera14:5553] expert 29 processing 4 token-expert pairs
[01:45:50][chimera14:5555] expert-agent 5 sending response: response_id=RES_b20c32c2-0f86-4675-beb4-52dc5f16bed8 latency_ms=10.35
[01:45:50][chimera14:5554] expert-agent 4 sending response: response_id=RES_74023844-7499-4df1-a6b8-734563d9bb7f latency_ms=14.89
[01:45:50][chimera14:5551] expert-agent 1 sending response: response_id=RES_d5a9aecd-77fc-41a1-9275-c111c3d7898e latency_ms=19.11
[01:45:50][chimera14:5553] expert 30 processing 1 token-expert pairs
[01:45:50][chimera14:5553] expert 31 processing 3 token-expert pairs
[01:45:50][chimera14:5553] expert-agent 3 sending response: response_id=RES_7f23dcfc-71cf-498f-abb5-92334242f272 latency_ms=13.45
[01:45:50][chimera14:5550] expert-agent 0 received request_id=786fdbde-0832-4e84-a757-4e1560bb8a5d keys=['type', 'request_id', 'layer_idx', 'hidden_states', 'expert_ids', 'weights', 'token_idx']
[01:45:50][chimera14:5550] expert 0 processing 1 token-expert pairs
[01:45:50][chimera14:5551] expert-agent 1 received request_id=f0a1ce0e-31b7-472d-8858-8994f30e28a0 keys=['type', 'request_id', 'layer_idx', 'hidden_states', 'expert_ids', 'weights', 'token_idx']
[01:45:50][chimera14:5550] expert 1 processing 2 token-expert pairs
[01:45:50][chimera14:5556] expert-agent 6 received request_id=04443086-1f04-4987-bf90-299e33e710d5 keys=['type', 'request_id', 'layer_idx', 'hidden_states', 'expert_ids', 'weights', 'token_idx']
[01:45:50][chimera14:5551] expert 9 processing 6 token-expert pairs
[01:45:50][chimera14:5550] expert 2 processing 1 token-expert pairs
[01:45:50][chimera14:5554] expert-agent 4 received request_id=57b7b45e-4580-4fd3-a718-3d8164e54549 keys=['type', 'request_id', 'layer_idx', 'hidden_states', 'expert_ids', 'weights', 'token_idx']
[01:45:50][chimera14:5550] expert 3 processing 1 token-expert pairs
[01:45:50][chimera14:5556] expert 49 processing 2 token-expert pairs
[01:45:50][chimera14:5550] expert 4 processing 1 token-expert pairs
[01:45:50][chimera14:5551] expert 10 processing 1 token-expert pairs
[01:45:50][chimera14:5554] expert 34 processing 1 token-expert pairs
[01:45:50][chimera14:5555] expert-agent 5 received request_id=02c6040c-ada3-40ea-ab72-d844b5d08e80 keys=['type', 'request_id', 'layer_idx', 'hidden_states', 'expert_ids', 'weights', 'token_idx']
[01:45:50][chimera14:5550] expert 5 processing 3 token-expert pairs
[01:45:50][chimera14:5551] expert 11 processing 6 token-expert pairs
[01:45:50][chimera14:5556] expert 50 processing 3 token-expert pairs
[01:45:50][chimera14:5554] expert 36 processing 1 token-expert pairs
[01:45:50][chimera14:5554] expert 38 processing 1 token-expert pairs
[01:45:50][chimera14:5553] expert-agent 3 received request_id=e234c301-b386-44f8-95b2-513956046117 keys=['type', 'request_id', 'layer_idx', 'hidden_states', 'expert_ids', 'weights', 'token_idx']
[01:45:50][chimera14:5555] expert 40 processing 1 token-expert pairs
[01:45:50][chimera14:5550] expert 6 processing 1 token-expert pairs
[01:45:50][chimera14:5556] expert 54 processing 3 token-expert pairs
[01:45:50][chimera14:5554] expert 39 processing 1 token-expert pairs
[01:45:50][chimera14:5555] expert 42 processing 1 token-expert pairs
[01:45:50][chimera14:5551] expert 15 processing 1 token-expert pairs
[01:45:50][chimera14:5552] expert-agent 2 received request_id=d3819435-c646-4cc0-a41d-db842389c4b5 keys=['type', 'request_id', 'layer_idx', 'hidden_states', 'expert_ids', 'weights', 'token_idx']
[01:45:50][chimera14:5555] expert 43 processing 1 token-expert pairs
[01:45:50][chimera14:5553] expert 24 processing 1 token-expert pairs
[01:45:50][chimera14:5556] expert 55 processing 4 token-expert pairs
[01:45:50][chimera14:5555] expert 45 processing 3 token-expert pairs
[01:45:50][chimera14:5553] expert 26 processing 2 token-expert pairs
[01:45:50][chimera14:5557] expert-agent 7 received request_id=6141af9b-521b-4996-92c0-5851698636a9 keys=['type', 'request_id', 'layer_idx', 'hidden_states', 'expert_ids', 'weights', 'token_idx']
[01:45:50][chimera14:5550] expert-agent 0 sending response: response_id=RES_786fdbde-0832-4e84-a757-4e1560bb8a5d latency_ms=19.61
[01:45:50][chimera14:5554] expert-agent 4 sending response: response_id=RES_57b7b45e-4580-4fd3-a718-3d8164e54549 latency_ms=9.16
[01:45:50][chimera14:5552] expert 16 processing 4 token-expert pairs
[01:45:50][chimera14:5551] expert-agent 1 sending response: response_id=RES_f0a1ce0e-31b7-472d-8858-8994f30e28a0 latency_ms=16.18
[01:45:50][chimera14:5553] expert 28 processing 1 token-expert pairs
[01:45:50][chimera14:5555] expert 47 processing 2 token-expert pairs
[01:45:50][chimera14:5557] expert 56 processing 3 token-expert pairs
[01:45:50][chimera14:5552] expert 18 processing 1 token-expert pairs
[01:45:50][chimera14:5553] expert 29 processing 1 token-expert pairs
[01:45:50][chimera14:5556] expert-agent 6 sending response: response_id=RES_04443086-1f04-4987-bf90-299e33e710d5 latency_ms=18.40
[01:45:50][chimera14:5553] expert 30 processing 1 token-expert pairs
[01:45:50][chimera14:5552] expert 20 processing 1 token-expert pairs
[01:45:50][chimera14:5557] expert 57 processing 3 token-expert pairs
[01:45:50][chimera14:5553] expert 31 processing 3 token-expert pairs
[01:45:50][chimera14:5552] expert 21 processing 1 token-expert pairs
[01:45:50][chimera14:5555] expert-agent 5 sending response: response_id=RES_02c6040c-ada3-40ea-ab72-d844b5d08e80 latency_ms=15.79
[01:45:50][chimera14:5557] expert 58 processing 1 token-expert pairs
[01:45:50][chimera14:5557] expert 62 processing 1 token-expert pairs
[01:45:50][chimera14:5552] expert-agent 2 sending response: response_id=RES_d3819435-c646-4cc0-a41d-db842389c4b5 latency_ms=11.99
[01:45:50][chimera14:5553] expert-agent 3 sending response: response_id=RES_e234c301-b386-44f8-95b2-513956046117 latency_ms=17.74
[01:45:50][chimera14:5557] expert-agent 7 sending response: response_id=RES_6141af9b-521b-4996-92c0-5851698636a9 latency_ms=13.56
[01:45:50][chimera14:5557] expert-agent 7 received request_id=fd402bb8-1794-48fd-8b09-ec396a3ff4bd keys=['type', 'request_id', 'layer_idx', 'hidden_states', 'expert_ids', 'weights', 'token_idx']
[01:45:50][chimera14:5557] expert 56 processing 3 token-expert pairs
[01:45:50][chimera14:5551] expert-agent 1 received request_id=e8b84d77-09ba-42fc-a274-41988045aa35 keys=['type', 'request_id', 'layer_idx', 'hidden_states', 'expert_ids', 'weights', 'token_idx']
[01:45:50][chimera14:5557] expert 57 processing 1 token-expert pairs
[01:45:50][chimera14:5551] expert 9 processing 3 token-expert pairs
[01:45:50][chimera14:5555] expert-agent 5 received request_id=3a4c3d5d-ac65-49e0-a1dc-d8a4189b1cf0 keys=['type', 'request_id', 'layer_idx', 'hidden_states', 'expert_ids', 'weights', 'token_idx']
[01:45:50][chimera14:5557] expert 58 processing 1 token-expert pairs
[01:45:50][chimera14:5552] expert-agent 2 received request_id=2ab577ff-6264-4b8a-963b-7209e061f29c keys=['type', 'request_id', 'layer_idx', 'hidden_states', 'expert_ids', 'weights', 'token_idx']
[01:45:50][chimera14:5557] expert 60 processing 4 token-expert pairs
[01:45:50][chimera14:5551] expert 10 processing 1 token-expert pairs
[01:45:50][chimera14:5555] expert 40 processing 1 token-expert pairs
[01:45:50][chimera14:5551] expert 11 processing 4 token-expert pairs
[01:45:50][chimera14:5554] expert-agent 4 received request_id=72ee91af-db26-4437-a9e3-7440aadcfcf4 keys=['type', 'request_id', 'layer_idx', 'hidden_states', 'expert_ids', 'weights', 'token_idx']
[01:45:50][chimera14:5555] expert 42 processing 4 token-expert pairs
[01:45:50][chimera14:5552] expert 17 processing 1 token-expert pairs
[01:45:50][chimera14:5557] expert 61 processing 1 token-expert pairs
[01:45:50][chimera14:5552] expert 19 processing 1 token-expert pairs
[01:45:50][chimera14:5556] expert-agent 6 received request_id=3edf86ff-b178-4cca-b9a4-3c70a9ff5d77 keys=['type', 'request_id', 'layer_idx', 'hidden_states', 'expert_ids', 'weights', 'token_idx']
[01:45:50][chimera14:5554] expert 32 processing 1 token-expert pairs
[01:45:50][chimera14:5551] expert 12 processing 4 token-expert pairs
[01:45:50][chimera14:5557] expert 63 processing 2 token-expert pairs
[01:45:50][chimera14:5552] expert 22 processing 4 token-expert pairs
[01:45:50][chimera14:5555] expert 43 processing 4 token-expert pairs
[01:45:50][chimera14:5554] expert 33 processing 1 token-expert pairs
[01:45:50][chimera14:5553] expert-agent 3 received request_id=061cdf48-be64-4de7-9602-67dd5fd24533 keys=['type', 'request_id', 'layer_idx', 'hidden_states', 'expert_ids', 'weights', 'token_idx']
[01:45:50][chimera14:5556] expert 48 processing 4 token-expert pairs
[01:45:50][chimera14:5554] expert 34 processing 1 token-expert pairs
[01:45:50][chimera14:5551] expert 15 processing 1 token-expert pairs
[01:45:50][chimera14:5555] expert 44 processing 1 token-expert pairs
[01:45:50][chimera14:5554] expert 36 processing 1 token-expert pairs
[01:45:50][chimera14:5550] expert-agent 0 received request_id=504d91b0-b405-408c-8ae2-f3cb776a1080 keys=['type', 'request_id', 'layer_idx', 'hidden_states', 'expert_ids', 'weights', 'token_idx']
[01:45:50][chimera14:5555] expert 45 processing 3 token-expert pairs
[01:45:50][chimera14:5557] expert-agent 7 sending response: response_id=RES_fd402bb8-1794-48fd-8b09-ec396a3ff4bd latency_ms=20.06
[01:45:50][chimera14:5553] expert 24 processing 2 token-expert pairs
[01:45:50][chimera14:5554] expert 37 processing 1 token-expert pairs
[01:45:50][chimera14:5556] expert 49 processing 1 token-expert pairs
[01:45:50][chimera14:5552] expert-agent 2 sending response: response_id=RES_2ab577ff-6264-4b8a-963b-7209e061f29c latency_ms=9.41
[01:45:50][chimera14:5554] expert 39 processing 1 token-expert pairs
[01:45:50][chimera14:5556] expert 54 processing 1 token-expert pairs
[01:45:50][chimera14:5551] expert-agent 1 sending response: response_id=RES_e8b84d77-09ba-42fc-a274-41988045aa35 latency_ms=18.31
[01:45:50][chimera14:5550] expert 6 processing 1 token-expert pairs
[01:45:50][chimera14:5555] expert 46 processing 2 token-expert pairs
[01:45:50][chimera14:5553] expert 28 processing 7 token-expert pairs
[01:45:50][chimera14:5550] expert 7 processing 1 token-expert pairs
[01:45:50][chimera14:5555] expert 47 processing 1 token-expert pairs
[01:45:50][chimera14:5554] expert-agent 4 sending response: response_id=RES_72ee91af-db26-4437-a9e3-7440aadcfcf4 latency_ms=13.37
[01:45:50][chimera14:5556] expert-agent 6 sending response: response_id=RES_3edf86ff-b178-4cca-b9a4-3c70a9ff5d77 latency_ms=9.85
[01:45:50][chimera14:5550] expert-agent 0 sending response: response_id=RES_504d91b0-b405-408c-8ae2-f3cb776a1080 latency_ms=4.64
[01:45:50][chimera14:5553] expert 30 processing 1 token-expert pairs
[01:45:50][chimera14:5553] expert 31 processing 1 token-expert pairs
[01:45:50][chimera14:5555] expert-agent 5 sending response: response_id=RES_3a4c3d5d-ac65-49e0-a1dc-d8a4189b1cf0 latency_ms=25.10
[01:45:50][chimera14:5553] expert-agent 3 sending response: response_id=RES_061cdf48-be64-4de7-9602-67dd5fd24533 latency_ms=15.98
[01:45:50][chimera14:5551] expert-agent 1 received request_id=0544a7ca-fbb3-411d-b6a1-51728422a75a keys=['type', 'request_id', 'layer_idx', 'hidden_states', 'expert_ids', 'weights', 'token_idx']
[01:45:50][chimera14:5557] expert-agent 7 received request_id=3b745d79-4b85-48fc-9322-dd11ec62eb66 keys=['type', 'request_id', 'layer_idx', 'hidden_states', 'expert_ids', 'weights', 'token_idx']
[01:45:50][chimera14:5551] expert 9 processing 2 token-expert pairs
[01:45:50][chimera14:5553] expert-agent 3 received request_id=afa6e946-023d-4a31-9f0e-4e147aac41ec keys=['type', 'request_id', 'layer_idx', 'hidden_states', 'expert_ids', 'weights', 'token_idx']
[01:45:50][chimera14:5557] expert 58 processing 3 token-expert pairs
[01:45:50][chimera14:5551] expert 10 processing 1 token-expert pairs
[01:45:50][chimera14:5551] expert 12 processing 2 token-expert pairs
[01:45:50][chimera14:5553] expert 24 processing 5 token-expert pairs
[01:45:50][chimera14:5556] expert-agent 6 received request_id=47a766e7-e55c-4340-9fb2-265164492c70 keys=['type', 'request_id', 'layer_idx', 'hidden_states', 'expert_ids', 'weights', 'token_idx']
[01:45:50][chimera14:5557] expert 60 processing 3 token-expert pairs
[01:45:50][chimera14:5551] expert 13 processing 1 token-expert pairs
[01:45:50][chimera14:5555] expert-agent 5 received request_id=cede409f-577c-4814-85ed-d63d85a67bbe keys=['type', 'request_id', 'layer_idx', 'hidden_states', 'expert_ids', 'weights', 'token_idx']
[01:45:50][chimera14:5556] expert 50 processing 1 token-expert pairs
[01:45:50][chimera14:5557] expert 61 processing 1 token-expert pairs
[01:45:50][chimera14:5551] expert 15 processing 3 token-expert pairs
[01:45:50][chimera14:5553] expert 25 processing 3 token-expert pairs
[01:45:50][chimera14:5550] expert-agent 0 received request_id=d2fddc53-b0ef-468d-ac4f-871517c6964a keys=['type', 'request_id', 'layer_idx', 'hidden_states', 'expert_ids', 'weights', 'token_idx']
[01:45:50][chimera14:5557] expert 62 processing 2 token-expert pairs
[01:45:50][chimera14:5556] expert 51 processing 6 token-expert pairs
[01:45:50][chimera14:5555] expert 40 processing 3 token-expert pairs
[01:45:50][chimera14:5552] expert-agent 2 received request_id=d21780d1-f460-47e0-8e2d-901a2892bae0 keys=['type', 'request_id', 'layer_idx', 'hidden_states', 'expert_ids', 'weights', 'token_idx']
[01:45:50][chimera14:5553] expert 28 processing 2 token-expert pairs
[01:45:50][chimera14:5557] expert 63 processing 1 token-expert pairs
[01:45:50][chimera14:5550] expert 0 processing 1 token-expert pairs
[01:45:50][chimera14:5555] expert 41 processing 1 token-expert pairs
[01:45:50][chimera14:5551] expert-agent 1 sending response: response_id=RES_0544a7ca-fbb3-411d-b6a1-51728422a75a latency_ms=17.13
[01:45:50][chimera14:5556] expert 52 processing 6 token-expert pairs
[01:45:50][chimera14:5554] expert-agent 4 received request_id=f456b28f-6a9a-43a9-8635-9516e7cec9d2 keys=['type', 'request_id', 'layer_idx', 'hidden_states', 'expert_ids', 'weights', 'token_idx']
[01:45:50][chimera14:5550] expert 1 processing 2 token-expert pairs
[01:45:50][chimera14:5555] expert 43 processing 1 token-expert pairs
[01:45:50][chimera14:5552] expert 18 processing 1 token-expert pairs
[01:45:50][chimera14:5553] expert 29 processing 2 token-expert pairs
[01:45:50][chimera14:5557] expert-agent 7 sending response: response_id=RES_3b745d79-4b85-48fc-9322-dd11ec62eb66 latency_ms=17.28
[01:45:50][chimera14:5555] expert 46 processing 1 token-expert pairs
[01:45:50][chimera14:5552] expert 22 processing 2 token-expert pairs
[01:45:50][chimera14:5550] expert 2 processing 1 token-expert pairs
[01:45:50][chimera14:5554] expert 33 processing 1 token-expert pairs
[01:45:50][chimera14:5553] expert 31 processing 1 token-expert pairs
[01:45:50][chimera14:5555] expert 47 processing 1 token-expert pairs
[01:45:50][chimera14:5556] expert 54 processing 1 token-expert pairs
[01:45:50][chimera14:5550] expert 3 processing 3 token-expert pairs
[01:45:50][chimera14:5554] expert 36 processing 1 token-expert pairs
[01:45:50][chimera14:5552] expert 23 processing 2 token-expert pairs
[01:45:50][chimera14:5554] expert 37 processing 1 token-expert pairs
[01:45:50][chimera14:5550] expert 4 processing 1 token-expert pairs
[01:45:50][chimera14:5554] expert 38 processing 1 token-expert pairs
[01:45:50][chimera14:5555] expert-agent 5 sending response: response_id=RES_cede409f-577c-4814-85ed-d63d85a67bbe latency_ms=14.21
[01:45:50][chimera14:5553] expert-agent 3 sending response: response_id=RES_afa6e946-023d-4a31-9f0e-4e147aac41ec latency_ms=21.72
[01:45:50][chimera14:5556] expert-agent 6 sending response: response_id=RES_47a766e7-e55c-4340-9fb2-265164492c70 latency_ms=17.47
[01:45:50][chimera14:5554] expert 39 processing 1 token-expert pairs
[01:45:50][chimera14:5550] expert 7 processing 1 token-expert pairs
[01:45:50][chimera14:5552] expert-agent 2 sending response: response_id=RES_d21780d1-f460-47e0-8e2d-901a2892bae0 latency_ms=11.11
[01:45:50][chimera14:5554] expert-agent 4 sending response: response_id=RES_f456b28f-6a9a-43a9-8635-9516e7cec9d2 latency_ms=11.46
[01:45:50][chimera14:5550] expert-agent 0 sending response: response_id=RES_d2fddc53-b0ef-468d-ac4f-871517c6964a latency_ms=18.57
[01:45:50][chimera14:5557] expert-agent 7 received request_id=82967528-50cd-4917-80c9-1fb680773d30 keys=['type', 'request_id', 'layer_idx', 'hidden_states', 'expert_ids', 'weights', 'token_idx']
[01:45:50][chimera14:5551] expert-agent 1 received request_id=aeaf01a1-893e-4429-9ff8-a7d7ebbc36a0 keys=['type', 'request_id', 'layer_idx', 'hidden_states', 'expert_ids', 'weights', 'token_idx']
[01:45:50][chimera14:5557] expert 56 processing 4 token-expert pairs
[01:45:50][chimera14:5551] expert 8 processing 4 token-expert pairs
[01:45:50][chimera14:5557] expert 57 processing 1 token-expert pairs
[01:45:50][chimera14:5550] expert-agent 0 received request_id=af04f7b0-5ce7-4cc6-82d6-aada4c11c081 keys=['type', 'request_id', 'layer_idx', 'hidden_states', 'expert_ids', 'weights', 'token_idx']
[01:45:50][chimera14:5557] expert 60 processing 3 token-expert pairs
[01:45:50][chimera14:5551] expert 13 processing 2 token-expert pairs
[01:45:50][chimera14:5557] expert 61 processing 4 token-expert pairs
[01:45:50][chimera14:5551] expert 14 processing 2 token-expert pairs
[01:45:50][chimera14:5555] expert-agent 5 received request_id=ac9a9c35-1697-4e52-a020-d2394dce0586 keys=['type', 'request_id', 'layer_idx', 'hidden_states', 'expert_ids', 'weights', 'token_idx']
[01:45:50][chimera14:5550] expert 4 processing 1 token-expert pairs
[01:45:50][chimera14:5551] expert 15 processing 1 token-expert pairs
[01:45:50][chimera14:5557] expert 62 processing 2 token-expert pairs
[01:45:50][chimera14:5550] expert 6 processing 8 token-expert pairs
[01:45:50][chimera14:5557] expert 63 processing 6 token-expert pairs
[01:45:50][chimera14:5554] expert-agent 4 received request_id=1ac9338b-4feb-4467-aaa4-4ebace2f53c1 keys=['type', 'request_id', 'layer_idx', 'hidden_states', 'expert_ids', 'weights', 'token_idx']
[01:45:50][chimera14:5555] expert 40 processing 1 token-expert pairs
[01:45:50][chimera14:5551] expert-agent 1 sending response: response_id=RES_aeaf01a1-893e-4429-9ff8-a7d7ebbc36a0 latency_ms=14.72
[01:45:50][chimera14:5550] expert 7 processing 1 token-expert pairs
[01:45:50][chimera14:5555] expert 41 processing 1 token-expert pairs
[01:45:50][chimera14:5554] expert 33 processing 1 token-expert pairs
[01:45:50][chimera14:5555] expert 42 processing 2 token-expert pairs
[01:45:50][chimera14:5553] expert-agent 3 received request_id=5c873dbe-5de6-427a-89b4-d3cdbe1d4600 keys=['type', 'request_id', 'layer_idx', 'hidden_states', 'expert_ids', 'weights', 'token_idx']
[01:45:50][chimera14:5554] expert 38 processing 1 token-expert pairs
[01:45:50][chimera14:5557] expert-agent 7 sending response: response_id=RES_82967528-50cd-4917-80c9-1fb680773d30 latency_ms=25.67
[01:45:50][chimera14:5550] expert-agent 0 sending response: response_id=RES_af04f7b0-5ce7-4cc6-82d6-aada4c11c081 latency_ms=12.63
[01:45:50][chimera14:5554] expert 39 processing 3 token-expert pairs
[01:45:50][chimera14:5555] expert 43 processing 1 token-expert pairs
[01:45:50][chimera14:5556] expert-agent 6 received request_id=61450d7d-0816-4637-9141-94a925671d6a keys=['type', 'request_id', 'layer_idx', 'hidden_states', 'expert_ids', 'weights', 'token_idx']
[01:45:50][chimera14:5553] expert 24 processing 1 token-expert pairs
[01:45:50][chimera14:5552] expert-agent 2 received request_id=fce96605-17e8-4184-ad0d-00b86156274b keys=['type', 'request_id', 'layer_idx', 'hidden_states', 'expert_ids', 'weights', 'token_idx']
[01:45:50][chimera14:5553] expert 25 processing 1 token-expert pairs
[01:45:50][chimera14:5556] expert 48 processing 2 token-expert pairs
[01:45:50][chimera14:5555] expert-agent 5 sending response: response_id=RES_ac9a9c35-1697-4e52-a020-d2394dce0586 latency_ms=10.52
[01:45:50][chimera14:5554] expert-agent 4 sending response: response_id=RES_1ac9338b-4feb-4467-aaa4-4ebace2f53c1 latency_ms=8.43
[01:45:50][chimera14:5553] expert 30 processing 3 token-expert pairs
[01:45:50][chimera14:5552] expert 17 processing 3 token-expert pairs
[01:45:50][chimera14:5556] expert 52 processing 6 token-expert pairs
[01:45:50][chimera14:5553] expert 31 processing 4 token-expert pairs
[01:45:50][chimera14:5552] expert 18 processing 1 token-expert pairs
[01:45:50][chimera14:5556] expert 53 processing 2 token-expert pairs
[01:45:50][chimera14:5552] expert 20 processing 1 token-expert pairs
[01:45:50][chimera14:5552] expert 21 processing 1 token-expert pairs
[01:45:50][chimera14:5556] expert 55 processing 1 token-expert pairs
[01:45:50][chimera14:5553] expert-agent 3 sending response: response_id=RES_5c873dbe-5de6-427a-89b4-d3cdbe1d4600 latency_ms=13.42
[01:45:50][chimera14:5552] expert 22 processing 1 token-expert pairs
[01:45:50][chimera14:5552] expert 23 processing 4 token-expert pairs
[01:45:50][chimera14:5556] expert-agent 6 sending response: response_id=RES_61450d7d-0816-4637-9141-94a925671d6a latency_ms=15.99
[01:45:50][chimera14:5552] expert-agent 2 sending response: response_id=RES_fce96605-17e8-4184-ad0d-00b86156274b latency_ms=17.84
[01:45:50][chimera14:5552] expert-agent 2 received request_id=16391801-845c-4139-9d1d-7afea3e79bf6 keys=['type', 'request_id', 'layer_idx', 'hidden_states', 'expert_ids', 'weights', 'token_idx']
[01:45:50][chimera14:5551] expert-agent 1 received request_id=b8bdbf52-bbe7-4ec8-89eb-7239f5db0c7a keys=['type', 'request_id', 'layer_idx', 'hidden_states', 'expert_ids', 'weights', 'token_idx']
[01:45:50][chimera14:5552] expert 16 processing 1 token-expert pairs
[01:45:50][chimera14:5552] expert 17 processing 1 token-expert pairs
[01:45:50][chimera14:5555] expert-agent 5 received request_id=71afc11b-a425-4de2-8127-c15e28a28d2a keys=['type', 'request_id', 'layer_idx', 'hidden_states', 'expert_ids', 'weights', 'token_idx']
[01:45:50][chimera14:5552] expert 18 processing 8 token-expert pairs
[01:45:50][chimera14:5551] expert 9 processing 1 token-expert pairs
[01:45:50][chimera14:5551] expert 11 processing 5 token-expert pairs
[01:45:50][chimera14:5554] expert-agent 4 received request_id=6fdb45d2-8f90-4782-bbf4-599e2499d1c4 keys=['type', 'request_id', 'layer_idx', 'hidden_states', 'expert_ids', 'weights', 'token_idx']
[01:45:50][chimera14:5555] expert 40 processing 1 token-expert pairs
[01:45:50][chimera14:5555] expert 41 processing 2 token-expert pairs
[01:45:50][chimera14:5550] expert-agent 0 received request_id=34e92985-397b-4967-9268-1c46fe7cc3a3 keys=['type', 'request_id', 'layer_idx', 'hidden_states', 'expert_ids', 'weights', 'token_idx']
[01:45:50][chimera14:5552] expert 21 processing 2 token-expert pairs
[01:45:50][chimera14:5554] expert 32 processing 1 token-expert pairs
[01:45:50][chimera14:5551] expert 13 processing 2 token-expert pairs
[01:45:50][chimera14:5554] expert 35 processing 3 token-expert pairs
[01:45:50][chimera14:5555] expert 44 processing 1 token-expert pairs
[01:45:50][chimera14:5556] expert-agent 6 received request_id=f038e8aa-c749-4db5-a7b6-474b90ef3e2c keys=['type', 'request_id', 'layer_idx', 'hidden_states', 'expert_ids', 'weights', 'token_idx']
[01:45:50][chimera14:5550] expert 0 processing 2 token-expert pairs
[01:45:50][chimera14:5552] expert 22 processing 1 token-expert pairs
[01:45:50][chimera14:5555] expert 45 processing 2 token-expert pairs
[01:45:50][chimera14:5552] expert 23 processing 2 token-expert pairs
[01:45:50][chimera14:5554] expert 36 processing 1 token-expert pairs
[01:45:50][chimera14:5556] expert 49 processing 2 token-expert pairs
[01:45:50][chimera14:5553] expert-agent 3 received request_id=21271ed8-f9fd-41f6-a0a7-5b0c9459020d keys=['type', 'request_id', 'layer_idx', 'hidden_states', 'expert_ids', 'weights', 'token_idx']
[01:45:50][chimera14:5550] expert 1 processing 4 token-expert pairs
[01:45:50][chimera14:5551] expert-agent 1 sending response: response_id=RES_b8bdbf52-bbe7-4ec8-89eb-7239f5db0c7a latency_ms=11.94
[01:45:50][chimera14:5555] expert 46 processing 2 token-expert pairs
[01:45:50][chimera14:5554] expert 38 processing 1 token-expert pairs
[01:45:50][chimera14:5554] expert 39 processing 1 token-expert pairs
[01:45:50][chimera14:5556] expert 52 processing 1 token-expert pairs
[01:45:50][chimera14:5557] expert-agent 7 received request_id=8de1929a-dbda-4744-80a9-5a1ca4f404d2 keys=['type', 'request_id', 'layer_idx', 'hidden_states', 'expert_ids', 'weights', 'token_idx']
[01:45:50][chimera14:5553] expert 24 processing 4 token-expert pairs
[01:45:50][chimera14:5555] expert 47 processing 1 token-expert pairs
[01:45:50][chimera14:5550] expert 3 processing 1 token-expert pairs
[01:45:50][chimera14:5556] expert 53 processing 2 token-expert pairs
[01:45:50][chimera14:5552] expert-agent 2 sending response: response_id=RES_16391801-845c-4139-9d1d-7afea3e79bf6 latency_ms=21.62
[01:45:50][chimera14:5550] expert 4 processing 2 token-expert pairs
[01:45:50][chimera14:5557] expert 57 processing 1 token-expert pairs
[01:45:50][chimera14:5554] expert-agent 4 sending response: response_id=RES_6fdb45d2-8f90-4782-bbf4-599e2499d1c4 latency_ms=13.42
[01:45:50][chimera14:5553] expert 25 processing 1 token-expert pairs
[01:45:50][chimera14:5557] expert 60 processing 4 token-expert pairs
[01:45:50][chimera14:5555] expert-agent 5 sending response: response_id=RES_71afc11b-a425-4de2-8127-c15e28a28d2a latency_ms=19.02
[01:45:50][chimera14:5550] expert 7 processing 3 token-expert pairs
[01:45:50][chimera14:5553] expert 26 processing 1 token-expert pairs
[01:45:50][chimera14:5556] expert-agent 6 sending response: response_id=RES_f038e8aa-c749-4db5-a7b6-474b90ef3e2c latency_ms=10.52
[01:45:50][chimera14:5553] expert 27 processing 2 token-expert pairs
[01:45:50][chimera14:5557] expert 62 processing 3 token-expert pairs
[01:45:50][chimera14:5553] expert 28 processing 1 token-expert pairs
[01:45:50][chimera14:5550] expert-agent 0 sending response: response_id=RES_34e92985-397b-4967-9268-1c46fe7cc3a3 latency_ms=20.06
[01:45:50][chimera14:5557] expert 63 processing 2 token-expert pairs
[01:45:50][chimera14:5553] expert 29 processing 4 token-expert pairs
[01:45:50][chimera14:5553] expert 30 processing 1 token-expert pairs
[01:45:50][chimera14:5557] expert-agent 7 sending response: response_id=RES_8de1929a-dbda-4744-80a9-5a1ca4f404d2 latency_ms=15.59
[01:45:50][chimera14:5553] expert-agent 3 sending response: response_id=RES_21271ed8-f9fd-41f6-a0a7-5b0c9459020d latency_ms=22.94
[01:45:50][chimera14:5553] expert-agent 3 received request_id=eadf46fc-2046-4196-bc17-92c922abd741 keys=['type', 'request_id', 'layer_idx', 'hidden_states', 'expert_ids', 'weights', 'token_idx']
[01:45:50][chimera14:5554] expert-agent 4 received request_id=fc8cfc62-a68d-437a-8b6b-a09938b25c78 keys=['type', 'request_id', 'layer_idx', 'hidden_states', 'expert_ids', 'weights', 'token_idx']
[01:45:50][chimera14:5553] expert 24 processing 4 token-expert pairs
[01:45:50][chimera14:5557] expert-agent 7 received request_id=c34c4090-8f1f-410c-a2f0-966490741417 keys=['type', 'request_id', 'layer_idx', 'hidden_states', 'expert_ids', 'weights', 'token_idx']
[01:45:50][chimera14:5554] expert 32 processing 3 token-expert pairs
[01:45:50][chimera14:5553] expert 26 processing 1 token-expert pairs
[01:45:50][chimera14:5553] expert 27 processing 1 token-expert pairs
[01:45:50][chimera14:5555] expert-agent 5 received request_id=0ed1dd35-e39d-469a-8334-52b7a2d85d2c keys=['type', 'request_id', 'layer_idx', 'hidden_states', 'expert_ids', 'weights', 'token_idx']
[01:45:50][chimera14:5554] expert 33 processing 2 token-expert pairs
[01:45:50][chimera14:5557] expert 56 processing 1 token-expert pairs
[01:45:50][chimera14:5553] expert 28 processing 3 token-expert pairs
[01:45:50][chimera14:5557] expert 59 processing 2 token-expert pairs
[01:45:50][chimera14:5555] expert 40 processing 1 token-expert pairs
[01:45:50][chimera14:5554] expert 34 processing 2 token-expert pairs
[01:45:50][chimera14:5552] expert-agent 2 received request_id=1beecde0-7d9e-4428-a8f1-3692ce6e85d9 keys=['type', 'request_id', 'layer_idx', 'hidden_states', 'expert_ids', 'weights', 'token_idx']
[01:45:50][chimera14:5553] expert 30 processing 5 token-expert pairs
[01:45:50][chimera14:5555] expert 43 processing 1 token-expert pairs
[01:45:50][chimera14:5557] expert 60 processing 3 token-expert pairs
[01:45:50][chimera14:5550] expert-agent 0 received request_id=8415a83f-d6ee-42ca-8f40-912c7b85d79a keys=['type', 'request_id', 'layer_idx', 'hidden_states', 'expert_ids', 'weights', 'token_idx']
[01:45:50][chimera14:5554] expert 35 processing 1 token-expert pairs
[01:45:50][chimera14:5555] expert 45 processing 2 token-expert pairs
[01:45:50][chimera14:5552] expert 16 processing 1 token-expert pairs
[01:45:50][chimera14:5554] expert 36 processing 2 token-expert pairs
[01:45:50][chimera14:5557] expert 61 processing 1 token-expert pairs
[01:45:50][chimera14:5552] expert 19 processing 1 token-expert pairs
[01:45:50][chimera14:5551] expert-agent 1 received request_id=8f38bf28-0044-4d8a-83d2-9935338397f2 keys=['type', 'request_id', 'layer_idx', 'hidden_states', 'expert_ids', 'weights', 'token_idx']
[01:45:50][chimera14:5550] expert 0 processing 1 token-expert pairs
[01:45:50][chimera14:5557] expert 62 processing 4 token-expert pairs
[01:45:50][chimera14:5553] expert-agent 3 sending response: response_id=RES_eadf46fc-2046-4196-bc17-92c922abd741 latency_ms=19.13
[01:45:50][chimera14:5552] expert 20 processing 2 token-expert pairs
[01:45:50][chimera14:5554] expert 39 processing 2 token-expert pairs
[01:45:50][chimera14:5550] expert 3 processing 3 token-expert pairs
[01:45:50][chimera14:5556] expert-agent 6 received request_id=02119e80-9cc3-4d05-9b91-7ac0537b7248 keys=['type', 'request_id', 'layer_idx', 'hidden_states', 'expert_ids', 'weights', 'token_idx']
[01:45:50][chimera14:5555] expert-agent 5 sending response: response_id=RES_0ed1dd35-e39d-469a-8334-52b7a2d85d2c latency_ms=8.70
[01:45:50][chimera14:5551] expert 8 processing 8 token-expert pairs
[01:45:50][chimera14:5552] expert 22 processing 3 token-expert pairs
[01:45:50][chimera14:5557] expert 63 processing 4 token-expert pairs
[01:45:50][chimera14:5556] expert 49 processing 5 token-expert pairs
[01:45:50][chimera14:5550] expert-agent 0 sending response: response_id=RES_8415a83f-d6ee-42ca-8f40-912c7b85d79a latency_ms=6.89
[01:45:50][chimera14:5554] expert-agent 4 sending response: response_id=RES_fc8cfc62-a68d-437a-8b6b-a09938b25c78 latency_ms=22.96
[01:45:50][chimera14:5551] expert 9 processing 1 token-expert pairs
[01:45:50][chimera14:5552] expert-agent 2 sending response: response_id=RES_1beecde0-7d9e-4428-a8f1-3692ce6e85d9 latency_ms=13.10
[01:45:50][chimera14:5556] expert 51 processing 4 token-expert pairs
[01:45:50][chimera14:5551] expert 12 processing 2 token-expert pairs
[01:45:50][chimera14:5557] expert-agent 7 sending response: response_id=RES_c34c4090-8f1f-410c-a2f0-966490741417 latency_ms=23.16
[01:45:50][chimera14:5551] expert 14 processing 3 token-expert pairs
[01:45:50][chimera14:5556] expert 54 processing 1 token-expert pairs
[01:45:50][chimera14:5556] expert-agent 6 sending response: response_id=RES_02119e80-9cc3-4d05-9b91-7ac0537b7248 latency_ms=12.98
[01:45:50][chimera14:5551] expert-agent 1 sending response: response_id=RES_8f38bf28-0044-4d8a-83d2-9935338397f2 latency_ms=17.44
[01:45:50][chimera14:5554] expert-agent 4 received request_id=6d5ce337-e6e4-4f88-bbc6-eb4692be0c1f keys=['type', 'request_id', 'layer_idx', 'hidden_states', 'expert_ids', 'weights', 'token_idx']
[01:45:50][chimera14:5554] expert 32 processing 2 token-expert pairs
[01:45:50][chimera14:5557] expert-agent 7 received request_id=9d06eba5-3f89-4701-bcaa-c08029fa422d keys=['type', 'request_id', 'layer_idx', 'hidden_states', 'expert_ids', 'weights', 'token_idx']
[01:45:50][chimera14:5554] expert 33 processing 2 token-expert pairs
[01:45:50][chimera14:5557] expert 56 processing 4 token-expert pairs
[01:45:50][chimera14:5551] expert-agent 1 received request_id=f879cb13-74e9-4024-9c71-0b159e9f99b6 keys=['type', 'request_id', 'layer_idx', 'hidden_states', 'expert_ids', 'weights', 'token_idx']
[01:45:50][chimera14:5554] expert 39 processing 3 token-expert pairs
[01:45:50][chimera14:5555] expert-agent 5 received request_id=d6846e82-5f8d-4aab-b4eb-5f0531eb7984 keys=['type', 'request_id', 'layer_idx', 'hidden_states', 'expert_ids', 'weights', 'token_idx']
[01:45:50][chimera14:5557] expert 60 processing 1 token-expert pairs
[01:45:50][chimera14:5551] expert 10 processing 1 token-expert pairs
[01:45:50][chimera14:5557] expert 61 processing 7 token-expert pairs
[01:45:50][chimera14:5551] expert 11 processing 2 token-expert pairs
[01:45:50][chimera14:5556] expert-agent 6 received request_id=d386792a-2b50-4813-81be-a36def1f0c2c keys=['type', 'request_id', 'layer_idx', 'hidden_states', 'expert_ids', 'weights', 'token_idx']
[01:45:50][chimera14:5555] expert 40 processing 1 token-expert pairs
[01:45:50][chimera14:5554] expert-agent 4 sending response: response_id=RES_6d5ce337-e6e4-4f88-bbc6-eb4692be0c1f latency_ms=11.77
[01:45:50][chimera14:5555] expert 41 processing 1 token-expert pairs
[01:45:50][chimera14:5551] expert 12 processing 1 token-expert pairs
[01:45:50][chimera14:5553] expert-agent 3 received request_id=e7860835-5daf-47aa-b19a-2de76f744787 keys=['type', 'request_id', 'layer_idx', 'hidden_states', 'expert_ids', 'weights', 'token_idx']
[01:45:50][chimera14:5555] expert 43 processing 1 token-expert pairs
[01:45:50][chimera14:5556] expert 48 processing 2 token-expert pairs
[01:45:50][chimera14:5551] expert 13 processing 1 token-expert pairs
[01:45:50][chimera14:5557] expert 62 processing 1 token-expert pairs
[01:45:50][chimera14:5555] expert 44 processing 3 token-expert pairs
[01:45:50][chimera14:5552] expert-agent 2 received request_id=a706da47-a963-4ce4-9a0f-ab99228b7258 keys=['type', 'request_id', 'layer_idx', 'hidden_states', 'expert_ids', 'weights', 'token_idx']
[01:45:50][chimera14:5551] expert 14 processing 7 token-expert pairs
[01:45:50][chimera14:5557] expert 63 processing 4 token-expert pairs
[01:45:50][chimera14:5553] expert 29 processing 1 token-expert pairs
[01:45:50][chimera14:5556] expert 51 processing 4 token-expert pairs
[01:45:50][chimera14:5553] expert 30 processing 2 token-expert pairs
[01:45:50][chimera14:5555] expert 45 processing 1 token-expert pairs
[01:45:50][chimera14:5550] expert-agent 0 received request_id=1c7c1328-ec8f-4712-a5cd-c113ca58e9b6 keys=['type', 'request_id', 'layer_idx', 'hidden_states', 'expert_ids', 'weights', 'token_idx']
[01:45:50][chimera14:5552] expert 18 processing 1 token-expert pairs
[01:45:50][chimera14:5556] expert 54 processing 2 token-expert pairs
[01:45:50][chimera14:5552] expert 19 processing 2 token-expert pairs
[01:45:50][chimera14:5551] expert 15 processing 7 token-expert pairs
[01:45:50][chimera14:5553] expert 31 processing 3 token-expert pairs
[01:45:50][chimera14:5550] expert 0 processing 1 token-expert pairs
[01:45:50][chimera14:5557] expert-agent 7 sending response: response_id=RES_9d06eba5-3f89-4701-bcaa-c08029fa422d latency_ms=21.74
[01:45:50][chimera14:5555] expert-agent 5 sending response: response_id=RES_d6846e82-5f8d-4aab-b4eb-5f0531eb7984 latency_ms=13.23
[01:45:50][chimera14:5550] expert 1 processing 2 token-expert pairs
[01:45:50][chimera14:5556] expert 55 processing 5 token-expert pairs
[01:45:50][chimera14:5552] expert 22 processing 2 token-expert pairs
[01:45:50][chimera14:5550] expert 4 processing 1 token-expert pairs
[01:45:50][chimera14:5552] expert 23 processing 2 token-expert pairs
[01:45:50][chimera14:5553] expert-agent 3 sending response: response_id=RES_e7860835-5daf-47aa-b19a-2de76f744787 latency_ms=11.06
[01:45:50][chimera14:5551] expert-agent 1 sending response: response_id=RES_f879cb13-74e9-4024-9c71-0b159e9f99b6 latency_ms=23.37
[01:45:50][chimera14:5556] expert-agent 6 sending response: response_id=RES_d386792a-2b50-4813-81be-a36def1f0c2c latency_ms=18.36
[01:45:50][chimera14:5550] expert-agent 0 sending response: response_id=RES_1c7c1328-ec8f-4712-a5cd-c113ca58e9b6 latency_ms=8.59
[01:45:50][chimera14:5552] expert-agent 2 sending response: response_id=RES_a706da47-a963-4ce4-9a0f-ab99228b7258 latency_ms=14.49
[01:45:50][chimera14:5553] expert-agent 3 received request_id=744e4d9a-3203-45df-a150-498673704d9a keys=['type', 'request_id', 'layer_idx', 'hidden_states', 'expert_ids', 'weights', 'token_idx']
[01:45:50][chimera14:5553] expert 25 processing 2 token-expert pairs
[01:45:50][chimera14:5551] expert-agent 1 received request_id=011cf72d-c1d6-4f8b-9535-d5a1ad283619 keys=['type', 'request_id', 'layer_idx', 'hidden_states', 'expert_ids', 'weights', 'token_idx']
[01:45:50][chimera14:5553] expert 26 processing 1 token-expert pairs
[01:45:50][chimera14:5553] expert 27 processing 7 token-expert pairs
[01:45:50][chimera14:5551] expert 10 processing 3 token-expert pairs
[01:45:50][chimera14:5550] expert-agent 0 received request_id=0e730212-2bf1-4fed-b22f-6cae84268c37 keys=['type', 'request_id', 'layer_idx', 'hidden_states', 'expert_ids', 'weights', 'token_idx']
[01:45:50][chimera14:5551] expert 14 processing 2 token-expert pairs
[01:45:50][chimera14:5553] expert 28 processing 1 token-expert pairs
[01:45:50][chimera14:5550] expert 2 processing 5 token-expert pairs
[01:45:50][chimera14:5557] expert-agent 7 received request_id=fcd9b1d0-dd62-4220-810c-b819a490d88a keys=['type', 'request_id', 'layer_idx', 'hidden_states', 'expert_ids', 'weights', 'token_idx']
[01:45:50][chimera14:5554] expert-agent 4 received request_id=3700f13c-2192-42f5-9e31-44afe72eb870 keys=['type', 'request_id', 'layer_idx', 'hidden_states', 'expert_ids', 'weights', 'token_idx']
[01:45:50][chimera14:5557] expert 56 processing 1 token-expert pairs
[01:45:50][chimera14:5553] expert-agent 3 sending response: response_id=RES_744e4d9a-3203-45df-a150-498673704d9a latency_ms=15.48
[01:45:50][chimera14:5550] expert 4 processing 1 token-expert pairs
[01:45:50][chimera14:5551] expert-agent 1 sending response: response_id=RES_011cf72d-c1d6-4f8b-9535-d5a1ad283619 latency_ms=9.43
[01:45:50][chimera14:5557] expert 59 processing 4 token-expert pairs
[01:45:50][chimera14:5552] expert-agent 2 received request_id=4f4abb29-66e1-46e5-9e82-c5e8a2276f4e keys=['type', 'request_id', 'layer_idx', 'hidden_states', 'expert_ids', 'weights', 'token_idx']
[01:45:50][chimera14:5550] expert 5 processing 3 token-expert pairs
[01:45:50][chimera14:5554] expert 33 processing 7 token-expert pairs
[01:45:50][chimera14:5556] expert-agent 6 received request_id=9213cd4b-b14e-4637-b582-8ef1fb7ed417 keys=['type', 'request_id', 'layer_idx', 'hidden_states', 'expert_ids', 'weights', 'token_idx']
[01:45:50][chimera14:5552] expert 16 processing 2 token-expert pairs
[01:45:50][chimera14:5557] expert 62 processing 2 token-expert pairs
[01:45:50][chimera14:5550] expert 6 processing 2 token-expert pairs
[01:45:50][chimera14:5556] expert 48 processing 3 token-expert pairs
[01:45:50][chimera14:5554] expert 34 processing 3 token-expert pairs
[01:45:50][chimera14:5552] expert 23 processing 3 token-expert pairs
[01:45:50][chimera14:5555] expert-agent 5 received request_id=0c53725a-dcec-4da7-aaec-248ea1afd804 keys=['type', 'request_id', 'layer_idx', 'hidden_states', 'expert_ids', 'weights', 'token_idx']
[01:45:50][chimera14:5557] expert 63 processing 6 token-expert pairs
[01:45:50][chimera14:5550] expert 7 processing 1 token-expert pairs
[01:45:50][chimera14:5554] expert 37 processing 1 token-expert pairs
[01:45:50][chimera14:5556] expert 54 processing 1 token-expert pairs
[01:45:50][chimera14:5555] expert 41 processing 6 token-expert pairs
[01:45:50][chimera14:5554] expert 38 processing 3 token-expert pairs
[01:45:50][chimera14:5556] expert 55 processing 1 token-expert pairs
[01:45:50][chimera14:5550] expert-agent 0 sending response: response_id=RES_0e730212-2bf1-4fed-b22f-6cae84268c37 latency_ms=18.53
[01:45:50][chimera14:5552] expert-agent 2 sending response: response_id=RES_4f4abb29-66e1-46e5-9e82-c5e8a2276f4e latency_ms=8.57
[01:45:50][chimera14:5557] expert-agent 7 sending response: response_id=RES_fcd9b1d0-dd62-4220-810c-b819a490d88a latency_ms=17.58
[01:45:50][chimera14:5555] expert 43 processing 1 token-expert pairs
[01:45:50][chimera14:5556] expert-agent 6 sending response: response_id=RES_9213cd4b-b14e-4637-b582-8ef1fb7ed417 latency_ms=9.00
[01:45:50][chimera14:5555] expert 47 processing 8 token-expert pairs
[01:45:50][chimera14:5554] expert-agent 4 sending response: response_id=RES_3700f13c-2192-42f5-9e31-44afe72eb870 latency_ms=17.09
[01:45:50][chimera14:5555] expert-agent 5 sending response: response_id=RES_0c53725a-dcec-4da7-aaec-248ea1afd804 latency_ms=15.88
[01:45:51][chimera14:5553] expert-agent 3 received request_id=b4fa7485-d3f1-4209-86e1-4ae83d553e49 keys=['type', 'request_id', 'layer_idx', 'hidden_states', 'expert_ids', 'weights', 'token_idx']
[01:45:51][chimera14:5557] expert-agent 7 received request_id=8aceff44-931c-454a-b84a-770785882324 keys=['type', 'request_id', 'layer_idx', 'hidden_states', 'expert_ids', 'weights', 'token_idx']
[01:45:51][chimera14:5553] expert 25 processing 3 token-expert pairs
[01:45:51][chimera14:5550] expert-agent 0 received request_id=cb4c4d93-87f0-4db0-9986-00ee715eeba2 keys=['type', 'request_id', 'layer_idx', 'hidden_states', 'expert_ids', 'weights', 'token_idx']
[01:45:51][chimera14:5553] expert 26 processing 4 token-expert pairs
[01:45:51][chimera14:5557] expert 57 processing 1 token-expert pairs
[01:45:51][chimera14:5555] expert-agent 5 received request_id=514bdc07-fca2-48e3-893c-a3b3fab83c92 keys=['type', 'request_id', 'layer_idx', 'hidden_states', 'expert_ids', 'weights', 'token_idx']
[01:45:51][chimera14:5557] expert 58 processing 1 token-expert pairs
[01:45:51][chimera14:5550] expert 1 processing 4 token-expert pairs
[01:45:51][chimera14:5557] expert 61 processing 6 token-expert pairs
[01:45:51][chimera14:5553] expert 29 processing 4 token-expert pairs
[01:45:51][chimera14:5555] expert 40 processing 1 token-expert pairs
[01:45:51][chimera14:5556] expert-agent 6 received request_id=110ea15a-0996-4e7f-88ad-421ae12e6775 keys=['type', 'request_id', 'layer_idx', 'hidden_states', 'expert_ids', 'weights', 'token_idx']
[01:45:51][chimera14:5555] expert 43 processing 1 token-expert pairs
[01:45:51][chimera14:5550] expert 5 processing 2 token-expert pairs
[01:45:51][chimera14:5551] expert-agent 1 received request_id=6534cf11-ad1f-4466-b236-7c4adc518c78 keys=['type', 'request_id', 'layer_idx', 'hidden_states', 'expert_ids', 'weights', 'token_idx']
[01:45:51][chimera14:5555] expert 47 processing 2 token-expert pairs
[01:45:51][chimera14:5553] expert 31 processing 3 token-expert pairs
[01:45:51][chimera14:5556] expert 49 processing 1 token-expert pairs
[01:45:51][chimera14:5557] expert 62 processing 3 token-expert pairs
[01:45:51][chimera14:5550] expert 6 processing 1 token-expert pairs
[01:45:51][chimera14:5556] expert 51 processing 4 token-expert pairs
[01:45:51][chimera14:5551] expert 8 processing 2 token-expert pairs
[01:45:51][chimera14:5552] expert-agent 2 received request_id=d2b88953-7b6a-4ba3-b2ab-4597a081e526 keys=['type', 'request_id', 'layer_idx', 'hidden_states', 'expert_ids', 'weights', 'token_idx']
[01:45:51][chimera14:5550] expert 7 processing 1 token-expert pairs
[01:45:51][chimera14:5557] expert 63 processing 3 token-expert pairs
[01:45:51][chimera14:5554] expert-agent 4 received request_id=80ec559c-dfd6-46cd-ac65-70826bf55795 keys=['type', 'request_id', 'layer_idx', 'hidden_states', 'expert_ids', 'weights', 'token_idx']
[01:45:51][chimera14:5556] expert 52 processing 2 token-expert pairs
[01:45:51][chimera14:5551] expert 13 processing 6 token-expert pairs
[01:45:51][chimera14:5555] expert-agent 5 sending response: response_id=RES_514bdc07-fca2-48e3-893c-a3b3fab83c92 latency_ms=8.55
[01:45:51][chimera14:5553] expert-agent 3 sending response: response_id=RES_b4fa7485-d3f1-4209-86e1-4ae83d553e49 latency_ms=18.50
[01:45:51][chimera14:5552] expert 17 processing 2 token-expert pairs
[01:45:51][chimera14:5550] expert-agent 0 sending response: response_id=RES_cb4c4d93-87f0-4db0-9986-00ee715eeba2 latency_ms=13.45
[01:45:51][chimera14:5556] expert 53 processing 2 token-expert pairs
[01:45:51][chimera14:5557] expert-agent 7 sending response: response_id=RES_8aceff44-931c-454a-b84a-770785882324 latency_ms=18.86
[01:45:51][chimera14:5552] expert 20 processing 1 token-expert pairs
[01:45:51][chimera14:5551] expert 14 processing 2 token-expert pairs
[01:45:51][chimera14:5554] expert 34 processing 1 token-expert pairs
[01:45:51][chimera14:5552] expert 21 processing 4 token-expert pairs
[01:45:51][chimera14:5556] expert 54 processing 1 token-expert pairs
[01:45:51][chimera14:5554] expert 35 processing 1 token-expert pairs
[01:45:51][chimera14:5556] expert 55 processing 5 token-expert pairs
[01:45:51][chimera14:5554] expert 38 processing 3 token-expert pairs
[01:45:51][chimera14:5552] expert 22 processing 2 token-expert pairs
[01:45:51][chimera14:5551] expert-agent 1 sending response: response_id=RES_6534cf11-ad1f-4466-b236-7c4adc518c78 latency_ms=14.31
[01:45:51][chimera14:5554] expert 39 processing 1 token-expert pairs
[01:45:51][chimera14:5556] expert-agent 6 sending response: response_id=RES_110ea15a-0996-4e7f-88ad-421ae12e6775 latency_ms=23.14
[01:45:51][chimera14:5552] expert-agent 2 sending response: response_id=RES_d2b88953-7b6a-4ba3-b2ab-4597a081e526 latency_ms=15.20
[01:45:51][chimera14:5554] expert-agent 4 sending response: response_id=RES_80ec559c-dfd6-46cd-ac65-70826bf55795 latency_ms=10.88
[01:45:51][chimera14:5556] expert-agent 6 received request_id=02591d5e-0cb4-44b5-9980-a4ff10dd5fda keys=['type', 'request_id', 'layer_idx', 'hidden_states', 'expert_ids', 'weights', 'token_idx']
[01:45:51][chimera14:5556] expert 48 processing 2 token-expert pairs
[01:45:51][chimera14:5552] expert-agent 2 received request_id=36d5d954-57af-4f14-998e-c03424a40181 keys=['type', 'request_id', 'layer_idx', 'hidden_states', 'expert_ids', 'weights', 'token_idx']
[01:45:51][chimera14:5550] expert-agent 0 received request_id=8e83768d-6fb8-46ce-bdec-1f9b5cbe7f0d keys=['type', 'request_id', 'layer_idx', 'hidden_states', 'expert_ids', 'weights', 'token_idx']
[01:45:51][chimera14:5556] expert 49 processing 5 token-expert pairs
[01:45:51][chimera14:5552] expert 17 processing 5 token-expert pairs
[01:45:51][chimera14:5550] expert 1 processing 2 token-expert pairs
[01:45:51][chimera14:5555] expert-agent 5 received request_id=7b5f7c16-b506-4f71-b62f-732833f0a4ba keys=['type', 'request_id', 'layer_idx', 'hidden_states', 'expert_ids', 'weights', 'token_idx']
[01:45:51][chimera14:5556] expert 55 processing 2 token-expert pairs
[01:45:51][chimera14:5550] expert 4 processing 1 token-expert pairs
[01:45:51][chimera14:5551] expert-agent 1 received request_id=888344a3-e6c9-4e3c-9ef7-b2150cec2c5d keys=['type', 'request_id', 'layer_idx', 'hidden_states', 'expert_ids', 'weights', 'token_idx']
[01:45:51][chimera14:5552] expert 18 processing 4 token-expert pairs
[01:45:51][chimera14:5555] expert 40 processing 5 token-expert pairs
[01:45:51][chimera14:5551] expert 8 processing 1 token-expert pairs
[01:45:51][chimera14:5557] expert-agent 7 received request_id=94229266-c793-43e9-9090-d60cb369a95a keys=['type', 'request_id', 'layer_idx', 'hidden_states', 'expert_ids', 'weights', 'token_idx']
[01:45:51][chimera14:5552] expert 22 processing 2 token-expert pairs
[01:45:51][chimera14:5556] expert-agent 6 sending response: response_id=RES_02591d5e-0cb4-44b5-9980-a4ff10dd5fda latency_ms=13.50
[01:45:51][chimera14:5550] expert-agent 0 sending response: response_id=RES_8e83768d-6fb8-46ce-bdec-1f9b5cbe7f0d latency_ms=6.43
[01:45:51][chimera14:5551] expert 9 processing 1 token-expert pairs
[01:45:51][chimera14:5555] expert 43 processing 4 token-expert pairs
[01:45:51][chimera14:5557] expert 58 processing 3 token-expert pairs
[01:45:51][chimera14:5554] expert-agent 4 received request_id=e45fe779-b919-42c1-ae7b-4194f9059217 keys=['type', 'request_id', 'layer_idx', 'hidden_states', 'expert_ids', 'weights', 'token_idx']
[01:45:51][chimera14:5552] expert 23 processing 9 token-expert pairs
[01:45:51][chimera14:5551] expert-agent 1 sending response: response_id=RES_888344a3-e6c9-4e3c-9ef7-b2150cec2c5d latency_ms=4.38
[01:45:51][chimera14:5555] expert 44 processing 3 token-expert pairs
[01:45:51][chimera14:5553] expert-agent 3 received request_id=be52f85e-a0c0-4b97-b975-d5eaf701c641 keys=['type', 'request_id', 'layer_idx', 'hidden_states', 'expert_ids', 'weights', 'token_idx']
[01:45:51][chimera14:5557] expert 59 processing 4 token-expert pairs
[01:45:51][chimera14:5554] expert 32 processing 2 token-expert pairs
[01:45:51][chimera14:5555] expert 46 processing 2 token-expert pairs
[01:45:51][chimera14:5553] expert 26 processing 2 token-expert pairs
[01:45:51][chimera14:5557] expert 62 processing 4 token-expert pairs
[01:45:51][chimera14:5554] expert 33 processing 7 token-expert pairs
[01:45:51][chimera14:5552] expert-agent 2 sending response: response_id=RES_36d5d954-57af-4f14-998e-c03424a40181 latency_ms=22.19
[01:45:51][chimera14:5553] expert 29 processing 3 token-expert pairs
[01:45:51][chimera14:5555] expert-agent 5 sending response: response_id=RES_7b5f7c16-b506-4f71-b62f-732833f0a4ba latency_ms=18.39
[01:45:51][chimera14:5554] expert 36 processing 5 token-expert pairs
[01:45:51][chimera14:5557] expert-agent 7 sending response: response_id=RES_94229266-c793-43e9-9090-d60cb369a95a latency_ms=13.89
[01:45:51][chimera14:5553] expert-agent 3 sending response: response_id=RES_be52f85e-a0c0-4b97-b975-d5eaf701c641 latency_ms=8.61
[01:45:51][chimera14:5554] expert 39 processing 2 token-expert pairs
[01:45:51][chimera14:5554] expert-agent 4 sending response: response_id=RES_e45fe779-b919-42c1-ae7b-4194f9059217 latency_ms=19.25
[01:45:51][chimera14:5552] expert-agent 2 received request_id=51659a78-acec-4956-968d-877843361bd8 keys=['type', 'request_id', 'layer_idx', 'hidden_states', 'expert_ids', 'weights', 'token_idx']
[01:45:51][chimera14:5555] expert-agent 5 received request_id=2b6980b1-4e1d-4913-971a-898a84782af4 keys=['type', 'request_id', 'layer_idx', 'hidden_states', 'expert_ids', 'weights', 'token_idx']
[01:45:51][chimera14:5552] expert 21 processing 2 token-expert pairs
[01:45:51][chimera14:5555] expert 41 processing 2 token-expert pairs
[01:45:51][chimera14:5552] expert 23 processing 4 token-expert pairs
[01:45:51][chimera14:5550] expert-agent 0 received request_id=9ea1b9e0-3809-4f1a-800b-2893d3630d95 keys=['type', 'request_id', 'layer_idx', 'hidden_states', 'expert_ids', 'weights', 'token_idx']
[01:45:51][chimera14:5555] expert 42 processing 1 token-expert pairs
[01:45:51][chimera14:5551] expert-agent 1 received request_id=42ab4ff8-f55f-4149-bee0-a2175e133ee6 keys=['type', 'request_id', 'layer_idx', 'hidden_states', 'expert_ids', 'weights', 'token_idx']
[01:45:51][chimera14:5550] expert 0 processing 1 token-expert pairs
[01:45:51][chimera14:5555] expert 45 processing 4 token-expert pairs
[01:45:51][chimera14:5550] expert 1 processing 9 token-expert pairs
[01:45:51][chimera14:5554] expert-agent 4 received request_id=344ad4ee-b33f-48d6-9f8e-102e0f69939a keys=['type', 'request_id', 'layer_idx', 'hidden_states', 'expert_ids', 'weights', 'token_idx']
[01:45:51][chimera14:5552] expert-agent 2 sending response: response_id=RES_51659a78-acec-4956-968d-877843361bd8 latency_ms=8.98
[01:45:51][chimera14:5551] expert 10 processing 2 token-expert pairs
[01:45:51][chimera14:5555] expert 46 processing 2 token-expert pairs
[01:45:51][chimera14:5551] expert 12 processing 1 token-expert pairs
[01:45:51][chimera14:5557] expert-agent 7 received request_id=65a4fbe5-68cc-463f-b46f-83c1c64f7c05 keys=['type', 'request_id', 'layer_idx', 'hidden_states', 'expert_ids', 'weights', 'token_idx']
[01:45:51][chimera14:5554] expert 33 processing 4 token-expert pairs
[01:45:51][chimera14:5555] expert 47 processing 1 token-expert pairs
[01:45:51][chimera14:5550] expert 2 processing 1 token-expert pairs
[01:45:51][chimera14:5551] expert 13 processing 8 token-expert pairs
[01:45:51][chimera14:5557] expert 56 processing 2 token-expert pairs
[01:45:51][chimera14:5550] expert 4 processing 1 token-expert pairs
[01:45:51][chimera14:5556] expert-agent 6 received request_id=95844e21-9bcb-4ca4-a01e-930526decfc1 keys=['type', 'request_id', 'layer_idx', 'hidden_states', 'expert_ids', 'weights', 'token_idx']
[01:45:51][chimera14:5554] expert 34 processing 1 token-expert pairs
[01:45:51][chimera14:5550] expert 5 processing 1 token-expert pairs
[01:45:51][chimera14:5554] expert 35 processing 2 token-expert pairs
[01:45:51][chimera14:5555] expert-agent 5 sending response: response_id=RES_2b6980b1-4e1d-4913-971a-898a84782af4 latency_ms=17.11
[01:45:51][chimera14:5557] expert 58 processing 2 token-expert pairs
[01:45:51][chimera14:5553] expert-agent 3 received request_id=4eb85b18-443a-44b1-85a2-c85ad4785283 keys=['type', 'request_id', 'layer_idx', 'hidden_states', 'expert_ids', 'weights', 'token_idx']
[01:45:51][chimera14:5554] expert 36 processing 1 token-expert pairs
[01:45:51][chimera14:5556] expert 48 processing 4 token-expert pairs
[01:45:51][chimera14:5557] expert 59 processing 2 token-expert pairs
[01:45:51][chimera14:5554] expert 37 processing 1 token-expert pairs
[01:45:51][chimera14:5550] expert-agent 0 sending response: response_id=RES_9ea1b9e0-3809-4f1a-800b-2893d3630d95 latency_ms=16.96
[01:45:51][chimera14:5551] expert-agent 1 sending response: response_id=RES_42ab4ff8-f55f-4149-bee0-a2175e133ee6 latency_ms=13.38
[01:45:51][chimera14:5553] expert 24 processing 1 token-expert pairs
[01:45:51][chimera14:5554] expert 38 processing 2 token-expert pairs
[01:45:51][chimera14:5557] expert 61 processing 1 token-expert pairs
[01:45:51][chimera14:5556] expert 49 processing 1 token-expert pairs
[01:45:51][chimera14:5553] expert 25 processing 5 token-expert pairs
[01:45:51][chimera14:5557] expert 62 processing 1 token-expert pairs
[01:45:51][chimera14:5556] expert 54 processing 2 token-expert pairs
[01:45:51][chimera14:5554] expert 39 processing 4 token-expert pairs
[01:45:51][chimera14:5553] expert 26 processing 1 token-expert pairs
[01:45:51][chimera14:5553] expert 31 processing 3 token-expert pairs
[01:45:51][chimera14:5557] expert-agent 7 sending response: response_id=RES_65a4fbe5-68cc-463f-b46f-83c1c64f7c05 latency_ms=16.95
[01:45:51][chimera14:5556] expert-agent 6 sending response: response_id=RES_95844e21-9bcb-4ca4-a01e-930526decfc1 latency_ms=11.61
[01:45:51][chimera14:5554] expert-agent 4 sending response: response_id=RES_344ad4ee-b33f-48d6-9f8e-102e0f69939a latency_ms=24.68
[01:45:51][chimera14:5553] expert-agent 3 sending response: response_id=RES_4eb85b18-443a-44b1-85a2-c85ad4785283 latency_ms=14.36
[01:45:51][chimera14:5552] expert-agent 2 received request_id=30f7dbcc-8eca-40d0-9294-936cad1c1413 keys=['type', 'request_id', 'layer_idx', 'hidden_states', 'expert_ids', 'weights', 'token_idx']
[01:45:51][chimera14:5552] expert 18 processing 6 token-expert pairs
[01:45:51][chimera14:5550] expert-agent 0 received request_id=cea16eec-6988-401f-bb41-af6b0d8f6d76 keys=['type', 'request_id', 'layer_idx', 'hidden_states', 'expert_ids', 'weights', 'token_idx']
[01:45:51][chimera14:5550] expert 1 processing 4 token-expert pairs
[01:45:51][chimera14:5553] expert-agent 3 received request_id=5a13d39d-e1ba-4151-8f9c-2ac3418be27a keys=['type', 'request_id', 'layer_idx', 'hidden_states', 'expert_ids', 'weights', 'token_idx']
[01:45:51][chimera14:5552] expert 22 processing 5 token-expert pairs
[01:45:51][chimera14:5554] expert-agent 4 received request_id=8d55c9a7-e39e-4527-9316-4a2a6cbeb9a8 keys=['type', 'request_id', 'layer_idx', 'hidden_states', 'expert_ids', 'weights', 'token_idx']
[01:45:51][chimera14:5553] expert 25 processing 1 token-expert pairs
[01:45:51][chimera14:5550] expert 6 processing 3 token-expert pairs
[01:45:51][chimera14:5552] expert 23 processing 1 token-expert pairs
[01:45:51][chimera14:5553] expert 26 processing 3 token-expert pairs
[01:45:51][chimera14:5557] expert-agent 7 received request_id=3e76e72e-f16d-4b2a-b063-3b54db063d9e keys=['type', 'request_id', 'layer_idx', 'hidden_states', 'expert_ids', 'weights', 'token_idx']
[01:45:51][chimera14:5554] expert 32 processing 7 token-expert pairs
[01:45:51][chimera14:5550] expert 7 processing 8 token-expert pairs
[01:45:51][chimera14:5553] expert 27 processing 1 token-expert pairs
[01:45:51][chimera14:5552] expert-agent 2 sending response: response_id=RES_30f7dbcc-8eca-40d0-9294-936cad1c1413 latency_ms=13.87
[01:45:51][chimera14:5557] expert 59 processing 2 token-expert pairs
[01:45:51][chimera14:5556] expert-agent 6 received request_id=f10ecdf1-1821-4538-8619-f73d7a3b7834 keys=['type', 'request_id', 'layer_idx', 'hidden_states', 'expert_ids', 'weights', 'token_idx']
[01:45:51][chimera14:5553] expert 29 processing 4 token-expert pairs
[01:45:51][chimera14:5554] expert 33 processing 1 token-expert pairs
[01:45:51][chimera14:5551] expert-agent 1 received request_id=a20e10aa-ce6a-4c99-afee-44cf97ca41ea keys=['type', 'request_id', 'layer_idx', 'hidden_states', 'expert_ids', 'weights', 'token_idx']
[01:45:51][chimera14:5556] expert 48 processing 1 token-expert pairs
[01:45:51][chimera14:5557] expert 60 processing 4 token-expert pairs
[01:45:51][chimera14:5554] expert 35 processing 4 token-expert pairs
[01:45:51][chimera14:5556] expert 49 processing 1 token-expert pairs
[01:45:51][chimera14:5553] expert 30 processing 2 token-expert pairs
[01:45:51][chimera14:5555] expert-agent 5 received request_id=9b7c6354-6b5e-4aff-b1d9-551aeef8449a keys=['type', 'request_id', 'layer_idx', 'hidden_states', 'expert_ids', 'weights', 'token_idx']
[01:45:51][chimera14:5556] expert 51 processing 2 token-expert pairs
[01:45:51][chimera14:5550] expert-agent 0 sending response: response_id=RES_cea16eec-6988-401f-bb41-af6b0d8f6d76 latency_ms=16.52
[01:45:51][chimera14:5551] expert 10 processing 3 token-expert pairs
[01:45:51][chimera14:5557] expert 61 processing 1 token-expert pairs
[01:45:51][chimera14:5553] expert 31 processing 3 token-expert pairs
[01:45:51][chimera14:5557] expert 62 processing 2 token-expert pairs
[01:45:51][chimera14:5555] expert 40 processing 2 token-expert pairs
[01:45:51][chimera14:5556] expert 52 processing 2 token-expert pairs
[01:45:51][chimera14:5551] expert 12 processing 2 token-expert pairs
[01:45:51][chimera14:5554] expert-agent 4 sending response: response_id=RES_8d55c9a7-e39e-4527-9316-4a2a6cbeb9a8 latency_ms=13.69
[01:45:51][chimera14:5555] expert 44 processing 1 token-expert pairs
[01:45:51][chimera14:5556] expert 53 processing 1 token-expert pairs
[01:45:51][chimera14:5551] expert 15 processing 1 token-expert pairs
[01:45:51][chimera14:5556] expert 55 processing 2 token-expert pairs
[01:45:51][chimera14:5553] expert-agent 3 sending response: response_id=RES_5a13d39d-e1ba-4151-8f9c-2ac3418be27a latency_ms=22.78
[01:45:51][chimera14:5557] expert-agent 7 sending response: response_id=RES_3e76e72e-f16d-4b2a-b063-3b54db063d9e latency_ms=15.63
[01:45:51][chimera14:5555] expert-agent 5 sending response: response_id=RES_9b7c6354-6b5e-4aff-b1d9-551aeef8449a latency_ms=6.23
[01:45:51][chimera14:5551] expert-agent 1 sending response: response_id=RES_a20e10aa-ce6a-4c99-afee-44cf97ca41ea latency_ms=10.92
[01:45:51][chimera14:5556] expert-agent 6 sending response: response_id=RES_f10ecdf1-1821-4538-8619-f73d7a3b7834 latency_ms=19.07
[01:45:51][chimera14:5551] expert-agent 1 received request_id=c2caa3fe-52e7-4d83-ab8b-387c1d31b35f keys=['type', 'request_id', 'layer_idx', 'hidden_states', 'expert_ids', 'weights', 'token_idx']
[01:45:51][chimera14:5555] expert-agent 5 received request_id=6ef6aa95-b559-4e34-95b5-aa3210494acd keys=['type', 'request_id', 'layer_idx', 'hidden_states', 'expert_ids', 'weights', 'token_idx']
[01:45:51][chimera14:5551] expert 8 processing 3 token-expert pairs
[01:45:51][chimera14:5552] expert-agent 2 received request_id=1c538436-d425-4aa5-bcc6-3a2e5d88c679 keys=['type', 'request_id', 'layer_idx', 'hidden_states', 'expert_ids', 'weights', 'token_idx']
[01:45:51][chimera14:5555] expert 40 processing 1 token-expert pairs
[01:45:51][chimera14:5551] expert 9 processing 3 token-expert pairs
[01:45:51][chimera14:5555] expert 42 processing 5 token-expert pairs
[01:45:51][chimera14:5557] expert-agent 7 received request_id=10872e5e-20f1-4d77-8f7c-df36d0598e27 keys=['type', 'request_id', 'layer_idx', 'hidden_states', 'expert_ids', 'weights', 'token_idx']
[01:45:51][chimera14:5552] expert 16 processing 3 token-expert pairs
[01:45:51][chimera14:5551] expert 12 processing 5 token-expert pairs
[01:45:51][chimera14:5550] expert-agent 0 received request_id=e70386fa-9532-4482-b567-4de85573676f keys=['type', 'request_id', 'layer_idx', 'hidden_states', 'expert_ids', 'weights', 'token_idx']
[01:45:51][chimera14:5557] expert 57 processing 1 token-expert pairs
[01:45:51][chimera14:5552] expert 18 processing 5 token-expert pairs
[01:45:51][chimera14:5551] expert 13 processing 5 token-expert pairs
[01:45:51][chimera14:5557] expert 60 processing 1 token-expert pairs
[01:45:51][chimera14:5555] expert-agent 5 sending response: response_id=RES_6ef6aa95-b559-4e34-95b5-aa3210494acd latency_ms=7.73
[01:45:51][chimera14:5550] expert 1 processing 1 token-expert pairs
[01:45:51][chimera14:5554] expert-agent 4 received request_id=99cbfa8b-dc5b-4c88-ad2b-879292b05ea5 keys=['type', 'request_id', 'layer_idx', 'hidden_states', 'expert_ids', 'weights', 'token_idx']
[01:45:51][chimera14:5557] expert 61 processing 3 token-expert pairs
[01:45:51][chimera14:5550] expert 4 processing 2 token-expert pairs
[01:45:51][chimera14:5552] expert 20 processing 2 token-expert pairs
[01:45:51][chimera14:5553] expert-agent 3 received request_id=5b3a59e1-b072-4123-8da7-268516ee6b55 keys=['type', 'request_id', 'layer_idx', 'hidden_states', 'expert_ids', 'weights', 'token_idx']
[01:45:51][chimera14:5554] expert 34 processing 1 token-expert pairs
[01:45:51][chimera14:5557] expert 63 processing 2 token-expert pairs
[01:45:51][chimera14:5552] expert 21 processing 4 token-expert pairs
[01:45:51][chimera14:5550] expert 6 processing 1 token-expert pairs
[01:45:51][chimera14:5551] expert-agent 1 sending response: response_id=RES_c2caa3fe-52e7-4d83-ab8b-387c1d31b35f latency_ms=19.31
[01:45:51][chimera14:5554] expert 35 processing 2 token-expert pairs
[01:45:51][chimera14:5553] expert 24 processing 4 token-expert pairs
[01:45:51][chimera14:5556] expert-agent 6 received request_id=46bf5913-ff41-4bae-af46-410a9516b37c keys=['type', 'request_id', 'layer_idx', 'hidden_states', 'expert_ids', 'weights', 'token_idx']
[01:45:51][chimera14:5552] expert 22 processing 2 token-expert pairs
[01:45:51][chimera14:5554] expert 36 processing 1 token-expert pairs
[01:45:51][chimera14:5550] expert-agent 0 sending response: response_id=RES_e70386fa-9532-4482-b567-4de85573676f latency_ms=8.77
[01:45:51][chimera14:5557] expert-agent 7 sending response: response_id=RES_10872e5e-20f1-4d77-8f7c-df36d0598e27 latency_ms=13.01
[01:45:51][chimera14:5553] expert 26 processing 2 token-expert pairs
[01:45:51][chimera14:5556] expert 48 processing 3 token-expert pairs
[01:45:51][chimera14:5554] expert 37 processing 2 token-expert pairs
[01:45:51][chimera14:5554] expert 38 processing 1 token-expert pairs
[01:45:51][chimera14:5553] expert 28 processing 2 token-expert pairs
[01:45:51][chimera14:5556] expert 49 processing 1 token-expert pairs
[01:45:51][chimera14:5552] expert-agent 2 sending response: response_id=RES_1c538436-d425-4aa5-bcc6-3a2e5d88c679 latency_ms=22.55
[01:45:51][chimera14:5554] expert 39 processing 4 token-expert pairs
[01:45:51][chimera14:5556] expert 52 processing 2 token-expert pairs
[01:45:51][chimera14:5556] expert 54 processing 6 token-expert pairs
[01:45:51][chimera14:5553] expert-agent 3 sending response: response_id=RES_5b3a59e1-b072-4123-8da7-268516ee6b55 latency_ms=13.35
[01:45:51][chimera14:5554] expert-agent 4 sending response: response_id=RES_99cbfa8b-dc5b-4c88-ad2b-879292b05ea5 latency_ms=19.39
[01:45:51][chimera14:5556] expert-agent 6 sending response: response_id=RES_46bf5913-ff41-4bae-af46-410a9516b37c latency_ms=16.69
[01:45:51][chimera14:5550] expert-agent 0 received request_id=88324431-e5d1-4c51-a08d-f9e8c57197f1 keys=['type', 'request_id', 'layer_idx', 'hidden_states', 'expert_ids', 'weights', 'token_idx']
[01:45:51][chimera14:5555] expert-agent 5 received request_id=b99bbd22-83a8-4c63-88d8-c4c143d7baf8 keys=['type', 'request_id', 'layer_idx', 'hidden_states', 'expert_ids', 'weights', 'token_idx']
[01:45:51][chimera14:5550] expert 0 processing 1 token-expert pairs
[01:45:51][chimera14:5550] expert 2 processing 3 token-expert pairs
[01:45:51][chimera14:5557] expert-agent 7 received request_id=677f2f09-53d2-412b-8cb5-231a70f2b303 keys=['type', 'request_id', 'layer_idx', 'hidden_states', 'expert_ids', 'weights', 'token_idx']
[01:45:51][chimera14:5555] expert 43 processing 3 token-expert pairs
[01:45:51][chimera14:5550] expert 4 processing 5 token-expert pairs
[01:45:51][chimera14:5557] expert 57 processing 3 token-expert pairs
[01:45:51][chimera14:5553] expert-agent 3 received request_id=aae917ae-4e7d-4eb2-9099-7d3485430bf1 keys=['type', 'request_id', 'layer_idx', 'hidden_states', 'expert_ids', 'weights', 'token_idx']
[01:45:51][chimera14:5555] expert 44 processing 2 token-expert pairs
[01:45:51][chimera14:5554] expert-agent 4 received request_id=dcbcbae2-4f09-454a-98c9-53f3473af1f6 keys=['type', 'request_id', 'layer_idx', 'hidden_states', 'expert_ids', 'weights', 'token_idx']
[01:45:51][chimera14:5557] expert 59 processing 4 token-expert pairs
[01:45:51][chimera14:5553] expert 24 processing 2 token-expert pairs
[01:45:51][chimera14:5550] expert 5 processing 1 token-expert pairs
[01:45:51][chimera14:5555] expert 46 processing 1 token-expert pairs
[01:45:51][chimera14:5550] expert 6 processing 4 token-expert pairs
[01:45:51][chimera14:5555] expert 47 processing 1 token-expert pairs
[01:45:51][chimera14:5554] expert 33 processing 1 token-expert pairs
[01:45:51][chimera14:5552] expert-agent 2 received request_id=e5686019-21e5-4c75-8e10-4276a07e4790 keys=['type', 'request_id', 'layer_idx', 'hidden_states', 'expert_ids', 'weights', 'token_idx']
[01:45:51][chimera14:5553] expert 26 processing 3 token-expert pairs
[01:45:51][chimera14:5557] expert 60 processing 1 token-expert pairs
[01:45:51][chimera14:5554] expert 34 processing 2 token-expert pairs
[01:45:51][chimera14:5552] expert 17 processing 2 token-expert pairs
[01:45:51][chimera14:5556] expert-agent 6 received request_id=cc971ee8-f0f0-4e99-9793-c0b2364481e0 keys=['type', 'request_id', 'layer_idx', 'hidden_states', 'expert_ids', 'weights', 'token_idx']
[01:45:51][chimera14:5553] expert 27 processing 1 token-expert pairs
[01:45:51][chimera14:5555] expert-agent 5 sending response: response_id=RES_b99bbd22-83a8-4c63-88d8-c4c143d7baf8 latency_ms=12.99
[01:45:51][chimera14:5554] expert 35 processing 1 token-expert pairs
[01:45:51][chimera14:5557] expert-agent 7 sending response: response_id=RES_677f2f09-53d2-412b-8cb5-231a70f2b303 latency_ms=11.79
[01:45:51][chimera14:5550] expert-agent 0 sending response: response_id=RES_88324431-e5d1-4c51-a08d-f9e8c57197f1 latency_ms=19.18
[01:45:51][chimera14:5553] expert 28 processing 2 token-expert pairs
[01:45:51][chimera14:5554] expert 38 processing 3 token-expert pairs
[01:45:51][chimera14:5551] expert-agent 1 received request_id=de7c6522-3b2f-4949-90b1-2675264b17bd keys=['type', 'request_id', 'layer_idx', 'hidden_states', 'expert_ids', 'weights', 'token_idx']
[01:45:51][chimera14:5552] expert 18 processing 1 token-expert pairs
[01:45:51][chimera14:5556] expert 48 processing 9 token-expert pairs
[01:45:51][chimera14:5552] expert 20 processing 4 token-expert pairs
[01:45:51][chimera14:5553] expert 30 processing 4 token-expert pairs
[01:45:51][chimera14:5551] expert 10 processing 1 token-expert pairs
[01:45:51][chimera14:5554] expert 39 processing 1 token-expert pairs
[01:45:51][chimera14:5551] expert 12 processing 1 token-expert pairs
[01:45:51][chimera14:5552] expert 21 processing 2 token-expert pairs
[01:45:51][chimera14:5553] expert 31 processing 3 token-expert pairs
[01:45:51][chimera14:5551] expert 14 processing 1 token-expert pairs
[01:45:51][chimera14:5556] expert 49 processing 1 token-expert pairs
[01:45:51][chimera14:5554] expert-agent 4 sending response: response_id=RES_dcbcbae2-4f09-454a-98c9-53f3473af1f6 latency_ms=15.32
[01:45:51][chimera14:5551] expert 15 processing 3 token-expert pairs
[01:45:51][chimera14:5552] expert 23 processing 1 token-expert pairs
[01:45:51][chimera14:5556] expert 50 processing 1 token-expert pairs
[01:45:51][chimera14:5556] expert 53 processing 1 token-expert pairs
[01:45:51][chimera14:5553] expert-agent 3 sending response: response_id=RES_aae917ae-4e7d-4eb2-9099-7d3485430bf1 latency_ms=24.53
[01:45:51][chimera14:5552] expert-agent 2 sending response: response_id=RES_e5686019-21e5-4c75-8e10-4276a07e4790 latency_ms=18.02
[01:45:51][chimera14:5551] expert-agent 1 sending response: response_id=RES_de7c6522-3b2f-4949-90b1-2675264b17bd latency_ms=11.20
[01:45:51][chimera14:5556] expert-agent 6 sending response: response_id=RES_cc971ee8-f0f0-4e99-9793-c0b2364481e0 latency_ms=15.38
[01:45:51][chimera14:5557] expert-agent 7 received request_id=0a95d764-404b-408a-9fb5-d08d63d834f6 keys=['type', 'request_id', 'layer_idx', 'hidden_states', 'expert_ids', 'weights', 'token_idx']
[01:45:51][chimera14:5554] expert-agent 4 received request_id=c654f506-b743-4a78-8bb1-de9dba5b333a keys=['type', 'request_id', 'layer_idx', 'hidden_states', 'expert_ids', 'weights', 'token_idx']
[01:45:51][chimera14:5557] expert 56 processing 4 token-expert pairs
[01:45:51][chimera14:5556] expert-agent 6 received request_id=0c1896a7-8565-4352-a983-6514dfeee2cc keys=['type', 'request_id', 'layer_idx', 'hidden_states', 'expert_ids', 'weights', 'token_idx']
[01:45:51][chimera14:5557] expert 58 processing 2 token-expert pairs
[01:45:51][chimera14:5554] expert 33 processing 4 token-expert pairs
[01:45:51][chimera14:5556] expert 49 processing 1 token-expert pairs
[01:45:51][chimera14:5551] expert-agent 1 received request_id=66016890-cd1c-4d8f-903f-ea6bdab5b860 keys=['type', 'request_id', 'layer_idx', 'hidden_states', 'expert_ids', 'weights', 'token_idx']
[01:45:51][chimera14:5557] expert 59 processing 1 token-expert pairs
[01:45:51][chimera14:5554] expert 36 processing 2 token-expert pairs
[01:45:51][chimera14:5556] expert 50 processing 2 token-expert pairs
[01:45:51][chimera14:5557] expert 61 processing 1 token-expert pairs
[01:45:51][chimera14:5557] expert 63 processing 1 token-expert pairs
[01:45:51][chimera14:5554] expert 37 processing 4 token-expert pairs
[01:45:51][chimera14:5555] expert-agent 5 received request_id=d429f351-691a-4a64-be89-bebb8e060c3e keys=['type', 'request_id', 'layer_idx', 'hidden_states', 'expert_ids', 'weights', 'token_idx']
[01:45:51][chimera14:5556] expert 51 processing 3 token-expert pairs
[01:45:51][chimera14:5551] expert 8 processing 1 token-expert pairs
[01:45:51][chimera14:5551] expert 10 processing 3 token-expert pairs
[01:45:51][chimera14:5554] expert 38 processing 1 token-expert pairs
[01:45:51][chimera14:5556] expert 52 processing 3 token-expert pairs
[01:45:51][chimera14:5554] expert 39 processing 2 token-expert pairs
[01:45:51][chimera14:5551] expert 11 processing 1 token-expert pairs
[01:45:51][chimera14:5557] expert-agent 7 sending response: response_id=RES_0a95d764-404b-408a-9fb5-d08d63d834f6 latency_ms=15.65
[01:45:51][chimera14:5552] expert-agent 2 received request_id=07ca2892-94aa-4f51-8737-9886bd510cf8 keys=['type', 'request_id', 'layer_idx', 'hidden_states', 'expert_ids', 'weights', 'token_idx']
[01:45:51][chimera14:5551] expert 12 processing 1 token-expert pairs
[01:45:51][chimera14:5555] expert 40 processing 1 token-expert pairs
[01:45:51][chimera14:5551] expert 13 processing 4 token-expert pairs
[01:45:51][chimera14:5555] expert 41 processing 1 token-expert pairs
[01:45:51][chimera14:5555] expert 42 processing 1 token-expert pairs
[01:45:51][chimera14:5555] expert 44 processing 2 token-expert pairs
[01:45:51][chimera14:5556] expert-agent 6 sending response: response_id=RES_0c1896a7-8565-4352-a983-6514dfeee2cc latency_ms=14.87
[01:45:51][chimera14:5551] expert 14 processing 6 token-expert pairs
[01:45:51][chimera14:5554] expert-agent 4 sending response: response_id=RES_c654f506-b743-4a78-8bb1-de9dba5b333a latency_ms=19.51
[01:45:51][chimera14:5552] expert 16 processing 1 token-expert pairs
[01:45:51][chimera14:5555] expert 46 processing 3 token-expert pairs
[01:45:51][chimera14:5553] expert-agent 3 received request_id=38223878-4e6b-4d1d-b5ef-2658120c1f3d keys=['type', 'request_id', 'layer_idx', 'hidden_states', 'expert_ids', 'weights', 'token_idx']
[01:45:51][chimera14:5552] expert 17 processing 3 token-expert pairs
[01:45:51][chimera14:5552] expert 19 processing 1 token-expert pairs
[01:45:51][chimera14:5550] expert-agent 0 received request_id=561dd53e-0d8e-49cb-bd88-685cf7154ae8 keys=['type', 'request_id', 'layer_idx', 'hidden_states', 'expert_ids', 'weights', 'token_idx']
[01:45:51][chimera14:5552] expert 20 processing 1 token-expert pairs
[01:45:51][chimera14:5551] expert-agent 1 sending response: response_id=RES_66016890-cd1c-4d8f-903f-ea6bdab5b860 latency_ms=21.68
[01:45:51][chimera14:5555] expert-agent 5 sending response: response_id=RES_d429f351-691a-4a64-be89-bebb8e060c3e latency_ms=15.04
[01:45:51][chimera14:5553] expert 24 processing 2 token-expert pairs
[01:45:51][chimera14:5552] expert 22 processing 3 token-expert pairs
[01:45:51][chimera14:5553] expert 26 processing 2 token-expert pairs
[01:45:51][chimera14:5550] expert 0 processing 1 token-expert pairs
[01:45:51][chimera14:5550] expert 2 processing 2 token-expert pairs
[01:45:51][chimera14:5552] expert-agent 2 sending response: response_id=RES_07ca2892-94aa-4f51-8737-9886bd510cf8 latency_ms=15.42
[01:45:51][chimera14:5553] expert 28 processing 3 token-expert pairs
[01:45:51][chimera14:5550] expert 7 processing 2 token-expert pairs
[01:45:51][chimera14:5553] expert 29 processing 1 token-expert pairs
[01:45:51][chimera14:5553] expert 30 processing 2 token-expert pairs
[01:45:51][chimera14:5550] expert-agent 0 sending response: response_id=RES_561dd53e-0d8e-49cb-bd88-685cf7154ae8 latency_ms=9.76
[01:45:51][chimera14:5553] expert 31 processing 1 token-expert pairs
[01:45:51][chimera14:5553] expert-agent 3 sending response: response_id=RES_38223878-4e6b-4d1d-b5ef-2658120c1f3d latency_ms=20.85
[01:45:51][chimera14:5557] expert-agent 7 received request_id=d56f00f4-cf6f-4228-85ee-1548958552b8 keys=['type', 'request_id', 'layer_idx', 'hidden_states', 'expert_ids', 'weights', 'token_idx']
[01:45:51][chimera14:5557] expert 56 processing 1 token-expert pairs
[01:45:51][chimera14:5556] expert-agent 6 received request_id=08c65552-785d-4c38-a660-54cdfa19e1ea keys=['type', 'request_id', 'layer_idx', 'hidden_states', 'expert_ids', 'weights', 'token_idx']
[01:45:51][chimera14:5557] expert 57 processing 1 token-expert pairs
[01:45:51][chimera14:5557] expert 58 processing 4 token-expert pairs
[01:45:51][chimera14:5556] expert 48 processing 2 token-expert pairs
[01:45:51][chimera14:5550] expert-agent 0 received request_id=ee03c035-697d-4231-adad-45dc876e5f34 keys=['type', 'request_id', 'layer_idx', 'hidden_states', 'expert_ids', 'weights', 'token_idx']
[01:45:51][chimera14:5552] expert-agent 2 received request_id=e0a697bb-4701-4ebd-a2ee-477974fbe771 keys=['type', 'request_id', 'layer_idx', 'hidden_states', 'expert_ids', 'weights', 'token_idx']
[01:45:51][chimera14:5556] expert 49 processing 3 token-expert pairs
[01:45:51][chimera14:5550] expert 0 processing 1 token-expert pairs
[01:45:51][chimera14:5557] expert 59 processing 2 token-expert pairs
[01:45:51][chimera14:5550] expert 1 processing 1 token-expert pairs
[01:45:51][chimera14:5551] expert-agent 1 received request_id=ea20644a-85b6-47a0-952d-fd306429df45 keys=['type', 'request_id', 'layer_idx', 'hidden_states', 'expert_ids', 'weights', 'token_idx']
[01:45:51][chimera14:5552] expert 17 processing 1 token-expert pairs
[01:45:51][chimera14:5556] expert 51 processing 2 token-expert pairs
[01:45:51][chimera14:5550] expert 3 processing 2 token-expert pairs
[01:45:51][chimera14:5557] expert 63 processing 3 token-expert pairs
[01:45:51][chimera14:5552] expert 18 processing 2 token-expert pairs
[01:45:51][chimera14:5554] expert-agent 4 received request_id=2b7784de-2ff8-45de-975d-148981cf8326 keys=['type', 'request_id', 'layer_idx', 'hidden_states', 'expert_ids', 'weights', 'token_idx']
[01:45:51][chimera14:5556] expert 54 processing 4 token-expert pairs
[01:45:51][chimera14:5551] expert 9 processing 3 token-expert pairs
[01:45:51][chimera14:5550] expert 4 processing 1 token-expert pairs
[01:45:51][chimera14:5552] expert 19 processing 2 token-expert pairs
[01:45:51][chimera14:5555] expert-agent 5 received request_id=0e518b50-176e-4cb4-bdae-b3d063ad9900 keys=['type', 'request_id', 'layer_idx', 'hidden_states', 'expert_ids', 'weights', 'token_idx']
[01:45:51][chimera14:5550] expert 5 processing 1 token-expert pairs
[01:45:51][chimera14:5554] expert 32 processing 3 token-expert pairs
[01:45:51][chimera14:5557] expert-agent 7 sending response: response_id=RES_d56f00f4-cf6f-4228-85ee-1548958552b8 latency_ms=17.54
[01:45:51][chimera14:5551] expert 10 processing 2 token-expert pairs
[01:45:51][chimera14:5550] expert 6 processing 4 token-expert pairs
[01:45:51][chimera14:5553] expert-agent 3 received request_id=2fb8fe6b-b91a-4c8c-a30f-3a7e4ab6ad0c keys=['type', 'request_id', 'layer_idx', 'hidden_states', 'expert_ids', 'weights', 'token_idx']
[01:45:51][chimera14:5552] expert 21 processing 1 token-expert pairs
[01:45:51][chimera14:5554] expert 34 processing 1 token-expert pairs
[01:45:51][chimera14:5555] expert 41 processing 1 token-expert pairs
[01:45:51][chimera14:5552] expert 22 processing 1 token-expert pairs
[01:45:51][chimera14:5556] expert-agent 6 sending response: response_id=RES_08c65552-785d-4c38-a660-54cdfa19e1ea latency_ms=17.52
[01:45:51][chimera14:5551] expert 12 processing 1 token-expert pairs
[01:45:51][chimera14:5550] expert 7 processing 1 token-expert pairs
[01:45:51][chimera14:5554] expert 36 processing 3 token-expert pairs
[01:45:51][chimera14:5555] expert 43 processing 2 token-expert pairs
[01:45:51][chimera14:5552] expert 23 processing 3 token-expert pairs
[01:45:51][chimera14:5551] expert 13 processing 3 token-expert pairs
[01:45:51][chimera14:5553] expert 24 processing 1 token-expert pairs
[01:45:51][chimera14:5553] expert 29 processing 4 token-expert pairs
[01:45:51][chimera14:5555] expert 44 processing 2 token-expert pairs
[01:45:51][chimera14:5554] expert 39 processing 2 token-expert pairs
[01:45:51][chimera14:5550] expert-agent 0 sending response: response_id=RES_ee03c035-697d-4231-adad-45dc876e5f34 latency_ms=19.80
[01:45:51][chimera14:5551] expert 15 processing 3 token-expert pairs
[01:45:51][chimera14:5555] expert 45 processing 2 token-expert pairs
[01:45:51][chimera14:5553] expert 30 processing 1 token-expert pairs
[01:45:51][chimera14:5552] expert-agent 2 sending response: response_id=RES_e0a697bb-4701-4ebd-a2ee-477974fbe771 latency_ms=19.42
[01:45:51][chimera14:5553] expert 31 processing 3 token-expert pairs
[01:45:51][chimera14:5554] expert-agent 4 sending response: response_id=RES_2b7784de-2ff8-45de-975d-148981cf8326 latency_ms=14.73
[01:45:51][chimera14:5551] expert-agent 1 sending response: response_id=RES_ea20644a-85b6-47a0-952d-fd306429df45 latency_ms=19.55
[01:45:51][chimera14:5555] expert-agent 5 sending response: response_id=RES_0e518b50-176e-4cb4-bdae-b3d063ad9900 latency_ms=14.29
[01:45:51][chimera14:5553] expert-agent 3 sending response: response_id=RES_2fb8fe6b-b91a-4c8c-a30f-3a7e4ab6ad0c latency_ms=14.09
[01:45:51][chimera14:5550] expert-agent 0 received request_id=3de74929-745b-4a01-9798-7339dd6c12f3 keys=['type', 'request_id', 'layer_idx', 'hidden_states', 'expert_ids', 'weights', 'token_idx']
[01:45:51][chimera14:5550] expert 0 processing 1 token-expert pairs
[01:45:51][chimera14:5551] expert-agent 1 received request_id=b34f17d2-3c74-41d2-a055-8a27756f8a8d keys=['type', 'request_id', 'layer_idx', 'hidden_states', 'expert_ids', 'weights', 'token_idx']
[01:45:51][chimera14:5550] expert 1 processing 2 token-expert pairs
[01:45:51][chimera14:5556] expert-agent 6 received request_id=d81fd9fb-1fb8-434e-8bd0-512d14705019 keys=['type', 'request_id', 'layer_idx', 'hidden_states', 'expert_ids', 'weights', 'token_idx']
[01:45:51][chimera14:5551] expert 9 processing 6 token-expert pairs
[01:45:51][chimera14:5550] expert 2 processing 1 token-expert pairs
[01:45:51][chimera14:5550] expert 3 processing 2 token-expert pairs
[01:45:51][chimera14:5554] expert-agent 4 received request_id=8a6feb94-1927-4868-8488-00b39076e53c keys=['type', 'request_id', 'layer_idx', 'hidden_states', 'expert_ids', 'weights', 'token_idx']
[01:45:51][chimera14:5556] expert 48 processing 1 token-expert pairs
[01:45:51][chimera14:5551] expert 10 processing 1 token-expert pairs
[01:45:51][chimera14:5556] expert 49 processing 3 token-expert pairs
[01:45:51][chimera14:5554] expert 34 processing 1 token-expert pairs
[01:45:51][chimera14:5550] expert 4 processing 1 token-expert pairs
[01:45:51][chimera14:5555] expert-agent 5 received request_id=fc3f858c-3d33-42ae-8396-377082a300d1 keys=['type', 'request_id', 'layer_idx', 'hidden_states', 'expert_ids', 'weights', 'token_idx']
[01:45:51][chimera14:5551] expert 11 processing 7 token-expert pairs
[01:45:51][chimera14:5554] expert 35 processing 1 token-expert pairs
[01:45:51][chimera14:5550] expert 5 processing 3 token-expert pairs
[01:45:51][chimera14:5556] expert 50 processing 3 token-expert pairs
[01:45:51][chimera14:5554] expert 36 processing 1 token-expert pairs
[01:45:51][chimera14:5555] expert 40 processing 2 token-expert pairs
[01:45:51][chimera14:5553] expert-agent 3 received request_id=94a19670-f4d0-4242-8080-06a8b5189f7c keys=['type', 'request_id', 'layer_idx', 'hidden_states', 'expert_ids', 'weights', 'token_idx']
[01:45:51][chimera14:5550] expert 6 processing 2 token-expert pairs
[01:45:51][chimera14:5554] expert 38 processing 1 token-expert pairs
[01:45:51][chimera14:5551] expert 15 processing 1 token-expert pairs
[01:45:51][chimera14:5556] expert 54 processing 3 token-expert pairs
[01:45:51][chimera14:5552] expert-agent 2 received request_id=1c85c45b-c560-4404-9091-009cfc83107d keys=['type', 'request_id', 'layer_idx', 'hidden_states', 'expert_ids', 'weights', 'token_idx']
[01:45:51][chimera14:5554] expert 39 processing 1 token-expert pairs
[01:45:51][chimera14:5555] expert 42 processing 1 token-expert pairs
[01:45:51][chimera14:5553] expert 26 processing 2 token-expert pairs
[01:45:51][chimera14:5555] expert 43 processing 1 token-expert pairs
[01:45:51][chimera14:5556] expert 55 processing 4 token-expert pairs
[01:45:51][chimera14:5557] expert-agent 7 received request_id=b1c0ee20-61c3-4f44-96f3-099a17bb7c85 keys=['type', 'request_id', 'layer_idx', 'hidden_states', 'expert_ids', 'weights', 'token_idx']
[01:45:51][chimera14:5555] expert 45 processing 3 token-expert pairs
[01:45:51][chimera14:5550] expert-agent 0 sending response: response_id=RES_3de74929-745b-4a01-9798-7339dd6c12f3 latency_ms=22.63
[01:45:51][chimera14:5551] expert-agent 1 sending response: response_id=RES_b34f17d2-3c74-41d2-a055-8a27756f8a8d latency_ms=16.36
[01:45:51][chimera14:5554] expert-agent 4 sending response: response_id=RES_8a6feb94-1927-4868-8488-00b39076e53c latency_ms=11.10
[01:45:51][chimera14:5552] expert 16 processing 5 token-expert pairs
[01:45:51][chimera14:5553] expert 27 processing 1 token-expert pairs
[01:45:51][chimera14:5553] expert 28 processing 1 token-expert pairs
[01:45:51][chimera14:5555] expert 47 processing 2 token-expert pairs
[01:45:51][chimera14:5557] expert 56 processing 3 token-expert pairs
[01:45:51][chimera14:5553] expert 29 processing 1 token-expert pairs
[01:45:51][chimera14:5552] expert 18 processing 1 token-expert pairs
[01:45:51][chimera14:5556] expert-agent 6 sending response: response_id=RES_d81fd9fb-1fb8-434e-8bd0-512d14705019 latency_ms=20.06
[01:45:51][chimera14:5553] expert 30 processing 1 token-expert pairs
[01:45:51][chimera14:5552] expert 20 processing 1 token-expert pairs
[01:45:51][chimera14:5557] expert 57 processing 3 token-expert pairs
[01:45:51][chimera14:5553] expert 31 processing 3 token-expert pairs
[01:45:51][chimera14:5552] expert 21 processing 1 token-expert pairs
[01:45:51][chimera14:5555] expert-agent 5 sending response: response_id=RES_fc3f858c-3d33-42ae-8396-377082a300d1 latency_ms=16.81
[01:45:51][chimera14:5557] expert 58 processing 1 token-expert pairs
[01:45:51][chimera14:5557] expert 62 processing 1 token-expert pairs
[01:45:51][chimera14:5552] expert-agent 2 sending response: response_id=RES_1c85c45b-c560-4404-9091-009cfc83107d latency_ms=12.24
[01:45:51][chimera14:5553] expert-agent 3 sending response: response_id=RES_94a19670-f4d0-4242-8080-06a8b5189f7c latency_ms=17.47
[01:45:51][chimera14:5557] expert-agent 7 sending response: response_id=RES_b1c0ee20-61c3-4f44-96f3-099a17bb7c85 latency_ms=13.24
[01:45:51][chimera14:5557] expert-agent 7 received request_id=ddcee0de-60f6-4715-b976-943176ac3ced keys=['type', 'request_id', 'layer_idx', 'hidden_states', 'expert_ids', 'weights', 'token_idx']
[01:45:51][chimera14:5551] expert-agent 1 received request_id=dcf39ecb-c869-41a6-9540-9bfe0571e510 keys=['type', 'request_id', 'layer_idx', 'hidden_states', 'expert_ids', 'weights', 'token_idx']
[01:45:51][chimera14:5557] expert 56 processing 4 token-expert pairs
[01:45:51][chimera14:5555] expert-agent 5 received request_id=61740294-c571-4a4a-8c2c-6cc7c16f4d43 keys=['type', 'request_id', 'layer_idx', 'hidden_states', 'expert_ids', 'weights', 'token_idx']
[01:45:51][chimera14:5557] expert 57 processing 1 token-expert pairs
[01:45:51][chimera14:5551] expert 9 processing 3 token-expert pairs
[01:45:51][chimera14:5552] expert-agent 2 received request_id=4ff545b0-0492-498e-8610-5db8d8b5872e keys=['type', 'request_id', 'layer_idx', 'hidden_states', 'expert_ids', 'weights', 'token_idx']
[01:45:51][chimera14:5557] expert 58 processing 1 token-expert pairs
[01:45:51][chimera14:5555] expert 40 processing 2 token-expert pairs
[01:45:51][chimera14:5551] expert 10 processing 1 token-expert pairs
[01:45:51][chimera14:5557] expert 60 processing 4 token-expert pairs
[01:45:51][chimera14:5554] expert-agent 4 received request_id=10c1e979-bf27-4e60-aac8-d40c51e695a6 keys=['type', 'request_id', 'layer_idx', 'hidden_states', 'expert_ids', 'weights', 'token_idx']
[01:45:51][chimera14:5552] expert 17 processing 1 token-expert pairs
[01:45:51][chimera14:5551] expert 11 processing 4 token-expert pairs
[01:45:51][chimera14:5555] expert 41 processing 1 token-expert pairs
[01:45:51][chimera14:5552] expert 19 processing 1 token-expert pairs
[01:45:51][chimera14:5557] expert 61 processing 1 token-expert pairs
[01:45:51][chimera14:5556] expert-agent 6 received request_id=4de8fb89-da95-4bb8-860b-563134d7df3e keys=['type', 'request_id', 'layer_idx', 'hidden_states', 'expert_ids', 'weights', 'token_idx']
[01:45:51][chimera14:5554] expert 32 processing 1 token-expert pairs
[01:45:51][chimera14:5555] expert 42 processing 4 token-expert pairs
[01:45:51][chimera14:5552] expert 22 processing 4 token-expert pairs
[01:45:51][chimera14:5551] expert 12 processing 4 token-expert pairs
[01:45:51][chimera14:5557] expert 63 processing 2 token-expert pairs
[01:45:51][chimera14:5554] expert 33 processing 1 token-expert pairs
[01:45:51][chimera14:5556] expert 48 processing 4 token-expert pairs
[01:45:51][chimera14:5553] expert-agent 3 received request_id=d4eb39f5-e7f5-4c09-985c-5becf4dd3600 keys=['type', 'request_id', 'layer_idx', 'hidden_states', 'expert_ids', 'weights', 'token_idx']
[01:45:51][chimera14:5554] expert 34 processing 1 token-expert pairs
[01:45:51][chimera14:5555] expert 43 processing 5 token-expert pairs
[01:45:51][chimera14:5552] expert 23 processing 1 token-expert pairs
[01:45:51][chimera14:5551] expert 15 processing 1 token-expert pairs
[01:45:51][chimera14:5550] expert-agent 0 received request_id=01a9a338-4358-4c3b-b867-a7ad20bcbff3 keys=['type', 'request_id', 'layer_idx', 'hidden_states', 'expert_ids', 'weights', 'token_idx']
[01:45:51][chimera14:5554] expert 35 processing 1 token-expert pairs
[01:45:51][chimera14:5553] expert 24 processing 2 token-expert pairs
[01:45:51][chimera14:5556] expert 49 processing 1 token-expert pairs
[01:45:51][chimera14:5554] expert 36 processing 1 token-expert pairs
[01:45:51][chimera14:5557] expert-agent 7 sending response: response_id=RES_ddcee0de-60f6-4715-b976-943176ac3ced latency_ms=20.19
[01:45:51][chimera14:5555] expert 45 processing 3 token-expert pairs
[01:45:51][chimera14:5550] expert 6 processing 2 token-expert pairs
[01:45:51][chimera14:5556] expert 54 processing 1 token-expert pairs
[01:45:51][chimera14:5554] expert 37 processing 1 token-expert pairs
[01:45:51][chimera14:5552] expert-agent 2 sending response: response_id=RES_4ff545b0-0492-498e-8610-5db8d8b5872e latency_ms=11.78
[01:45:51][chimera14:5551] expert-agent 1 sending response: response_id=RES_dcf39ecb-c869-41a6-9540-9bfe0571e510 latency_ms=18.34
[01:45:51][chimera14:5553] expert 28 processing 8 token-expert pairs
[01:45:51][chimera14:5554] expert 38 processing 1 token-expert pairs
[01:45:51][chimera14:5550] expert 7 processing 1 token-expert pairs
[01:45:51][chimera14:5554] expert 39 processing 1 token-expert pairs
[01:45:51][chimera14:5556] expert-agent 6 sending response: response_id=RES_4de8fb89-da95-4bb8-860b-563134d7df3e latency_ms=9.74
[01:45:51][chimera14:5550] expert-agent 0 sending response: response_id=RES_01a9a338-4358-4c3b-b867-a7ad20bcbff3 latency_ms=6.44
[01:45:51][chimera14:5553] expert 30 processing 1 token-expert pairs
[01:45:51][chimera14:5554] expert-agent 4 sending response: response_id=RES_10c1e979-bf27-4e60-aac8-d40c51e695a6 latency_ms=17.26
[01:45:51][chimera14:5553] expert 31 processing 1 token-expert pairs
[01:45:51][chimera14:5555] expert 46 processing 2 token-expert pairs
[01:45:51][chimera14:5555] expert 47 processing 1 token-expert pairs
[01:45:51][chimera14:5553] expert-agent 3 sending response: response_id=RES_d4eb39f5-e7f5-4c09-985c-5becf4dd3600 latency_ms=16.57
[01:45:51][chimera14:5555] expert-agent 5 sending response: response_id=RES_61740294-c571-4a4a-8c2c-6cc7c16f4d43 latency_ms=35.23
[01:45:51][chimera14:5551] expert-agent 1 received request_id=cf471457-a585-41ed-9937-3d05fbee19de keys=['type', 'request_id', 'layer_idx', 'hidden_states', 'expert_ids', 'weights', 'token_idx']
[01:45:51][chimera14:5551] expert 9 processing 2 token-expert pairs
[01:45:51][chimera14:5557] expert-agent 7 received request_id=8c5fc0f1-a7ec-4313-a1ce-01af02c8cf7c keys=['type', 'request_id', 'layer_idx', 'hidden_states', 'expert_ids', 'weights', 'token_idx']
[01:45:51][chimera14:5551] expert 10 processing 1 token-expert pairs
[01:45:51][chimera14:5551] expert 11 processing 1 token-expert pairs
[01:45:51][chimera14:5551] expert 12 processing 3 token-expert pairs
[01:45:51][chimera14:5553] expert-agent 3 received request_id=cf19e8dc-a060-4163-8586-287b0f868cf9 keys=['type', 'request_id', 'layer_idx', 'hidden_states', 'expert_ids', 'weights', 'token_idx']
[01:45:51][chimera14:5557] expert 58 processing 3 token-expert pairs
[01:45:51][chimera14:5551] expert 13 processing 1 token-expert pairs
[01:45:51][chimera14:5551] expert 15 processing 3 token-expert pairs
[01:45:51][chimera14:5557] expert 60 processing 3 token-expert pairs
[01:45:51][chimera14:5553] expert 24 processing 5 token-expert pairs
[01:45:51][chimera14:5557] expert 61 processing 1 token-expert pairs
[01:45:51][chimera14:5556] expert-agent 6 received request_id=6ec3d895-39d0-40d7-9d26-545edb5a2ca6 keys=['type', 'request_id', 'layer_idx', 'hidden_states', 'expert_ids', 'weights', 'token_idx']
[01:45:51][chimera14:5557] expert 62 processing 2 token-expert pairs
[01:45:51][chimera14:5553] expert 25 processing 4 token-expert pairs
[01:45:51][chimera14:5557] expert 63 processing 1 token-expert pairs
[01:45:51][chimera14:5550] expert-agent 0 received request_id=4b532d73-05f9-4606-b57d-972d672fe41e keys=['type', 'request_id', 'layer_idx', 'hidden_states', 'expert_ids', 'weights', 'token_idx']
[01:45:51][chimera14:5551] expert-agent 1 sending response: response_id=RES_cf471457-a585-41ed-9937-3d05fbee19de latency_ms=18.64
[01:45:51][chimera14:5553] expert 27 processing 1 token-expert pairs
[01:45:51][chimera14:5556] expert 50 processing 1 token-expert pairs
[01:45:51][chimera14:5553] expert 28 processing 2 token-expert pairs
[01:45:51][chimera14:5556] expert 51 processing 7 token-expert pairs
[01:45:51][chimera14:5557] expert-agent 7 sending response: response_id=RES_8c5fc0f1-a7ec-4313-a1ce-01af02c8cf7c latency_ms=16.91
[01:45:51][chimera14:5550] expert 0 processing 1 token-expert pairs
[01:45:51][chimera14:5555] expert-agent 5 received request_id=74bfecf0-64f0-49f7-9e32-b25162673211 keys=['type', 'request_id', 'layer_idx', 'hidden_states', 'expert_ids', 'weights', 'token_idx']
[01:45:51][chimera14:5550] expert 1 processing 2 token-expert pairs
[01:45:51][chimera14:5553] expert 29 processing 2 token-expert pairs
[01:45:51][chimera14:5554] expert-agent 4 received request_id=f48a8d98-09dc-4835-82f2-4f8af03a5ba9 keys=['type', 'request_id', 'layer_idx', 'hidden_states', 'expert_ids', 'weights', 'token_idx']
[01:45:51][chimera14:5555] expert 40 processing 3 token-expert pairs
[01:45:51][chimera14:5556] expert 52 processing 6 token-expert pairs
[01:45:51][chimera14:5550] expert 3 processing 3 token-expert pairs
[01:45:51][chimera14:5553] expert 31 processing 1 token-expert pairs
[01:45:51][chimera14:5552] expert-agent 2 received request_id=728fc616-b7ad-428a-b20f-a0a37b88c7bd keys=['type', 'request_id', 'layer_idx', 'hidden_states', 'expert_ids', 'weights', 'token_idx']
[01:45:51][chimera14:5554] expert 33 processing 1 token-expert pairs
[01:45:51][chimera14:5555] expert 41 processing 1 token-expert pairs
[01:45:51][chimera14:5550] expert 4 processing 1 token-expert pairs
[01:45:51][chimera14:5556] expert 54 processing 1 token-expert pairs
[01:45:51][chimera14:5554] expert 36 processing 1 token-expert pairs
[01:45:51][chimera14:5553] expert-agent 3 sending response: response_id=RES_cf19e8dc-a060-4163-8586-287b0f868cf9 latency_ms=23.01
[01:45:51][chimera14:5555] expert 43 processing 1 token-expert pairs
[01:45:51][chimera14:5552] expert 18 processing 1 token-expert pairs
[01:45:51][chimera14:5550] expert 7 processing 2 token-expert pairs
[01:45:51][chimera14:5556] expert 55 processing 1 token-expert pairs
[01:45:51][chimera14:5554] expert 37 processing 2 token-expert pairs
[01:45:51][chimera14:5555] expert 46 processing 1 token-expert pairs
[01:45:51][chimera14:5552] expert 20 processing 1 token-expert pairs
[01:45:51][chimera14:5555] expert 47 processing 1 token-expert pairs
[01:45:51][chimera14:5552] expert 21 processing 1 token-expert pairs
[01:45:51][chimera14:5554] expert 38 processing 1 token-expert pairs
[01:45:51][chimera14:5556] expert-agent 6 sending response: response_id=RES_6ec3d895-39d0-40d7-9d26-545edb5a2ca6 latency_ms=18.96
[01:45:51][chimera14:5552] expert 22 processing 1 token-expert pairs
[01:45:51][chimera14:5550] expert-agent 0 sending response: response_id=RES_4b532d73-05f9-4606-b57d-972d672fe41e latency_ms=16.71
[01:45:51][chimera14:5554] expert 39 processing 1 token-expert pairs
[01:45:51][chimera14:5552] expert 23 processing 2 token-expert pairs
[01:45:51][chimera14:5555] expert-agent 5 sending response: response_id=RES_74bfecf0-64f0-49f7-9e32-b25162673211 latency_ms=13.25
[01:45:51][chimera14:5554] expert-agent 4 sending response: response_id=RES_f48a8d98-09dc-4835-82f2-4f8af03a5ba9 latency_ms=12.86
[01:45:51][chimera14:5552] expert-agent 2 sending response: response_id=RES_728fc616-b7ad-428a-b20f-a0a37b88c7bd latency_ms=12.53
[01:45:51][chimera14:5557] expert-agent 7 received request_id=64fc8173-64a0-42f6-a06f-5feba83d30af keys=['type', 'request_id', 'layer_idx', 'hidden_states', 'expert_ids', 'weights', 'token_idx']
[01:45:51][chimera14:5551] expert-agent 1 received request_id=d2ab595b-8ed7-484b-923c-77b022cf81b7 keys=['type', 'request_id', 'layer_idx', 'hidden_states', 'expert_ids', 'weights', 'token_idx']
[01:45:51][chimera14:5557] expert 56 processing 5 token-expert pairs
[01:45:51][chimera14:5551] expert 8 processing 4 token-expert pairs
[01:45:51][chimera14:5550] expert-agent 0 received request_id=e0f987ef-6249-46f8-aa48-b412d8150568 keys=['type', 'request_id', 'layer_idx', 'hidden_states', 'expert_ids', 'weights', 'token_idx']
[01:45:51][chimera14:5557] expert 57 processing 1 token-expert pairs
[01:45:51][chimera14:5555] expert-agent 5 received request_id=29e527d0-4e53-43a9-adf2-2f1de76ae596 keys=['type', 'request_id', 'layer_idx', 'hidden_states', 'expert_ids', 'weights', 'token_idx']
[01:45:51][chimera14:5550] expert 4 processing 2 token-expert pairs
[01:45:51][chimera14:5551] expert 11 processing 1 token-expert pairs
[01:45:51][chimera14:5557] expert 60 processing 3 token-expert pairs
[01:45:51][chimera14:5551] expert 13 processing 2 token-expert pairs
[01:45:51][chimera14:5554] expert-agent 4 received request_id=f78fd5f6-e27d-4603-a654-f4651fb39309 keys=['type', 'request_id', 'layer_idx', 'hidden_states', 'expert_ids', 'weights', 'token_idx']
[01:45:51][chimera14:5555] expert 40 processing 1 token-expert pairs
[01:45:51][chimera14:5550] expert 6 processing 9 token-expert pairs
[01:45:51][chimera14:5557] expert 61 processing 4 token-expert pairs
[01:45:51][chimera14:5555] expert 41 processing 2 token-expert pairs
[01:45:51][chimera14:5551] expert 14 processing 2 token-expert pairs
[01:45:51][chimera14:5553] expert-agent 3 received request_id=466fdec0-5762-466a-9c53-5d33ada99b7f keys=['type', 'request_id', 'layer_idx', 'hidden_states', 'expert_ids', 'weights', 'token_idx']
[01:45:51][chimera14:5554] expert 32 processing 1 token-expert pairs
[01:45:51][chimera14:5555] expert 42 processing 2 token-expert pairs
[01:45:51][chimera14:5557] expert 62 processing 2 token-expert pairs
[01:45:51][chimera14:5554] expert 33 processing 1 token-expert pairs
[01:45:51][chimera14:5556] expert-agent 6 received request_id=938c23e1-921f-472c-bf29-d826fe3e4282 keys=['type', 'request_id', 'layer_idx', 'hidden_states', 'expert_ids', 'weights', 'token_idx']
[01:45:51][chimera14:5551] expert 15 processing 1 token-expert pairs
[01:45:51][chimera14:5553] expert 24 processing 1 token-expert pairs
[01:45:51][chimera14:5550] expert 7 processing 1 token-expert pairs
[01:45:51][chimera14:5554] expert 38 processing 1 token-expert pairs
[01:45:51][chimera14:5553] expert 25 processing 1 token-expert pairs
[01:45:51][chimera14:5555] expert 43 processing 1 token-expert pairs
[01:45:51][chimera14:5557] expert 63 processing 6 token-expert pairs
[01:45:51][chimera14:5554] expert 39 processing 3 token-expert pairs
[01:45:51][chimera14:5552] expert-agent 2 received request_id=753a9bae-063f-434b-aa26-9daf6eb14d96 keys=['type', 'request_id', 'layer_idx', 'hidden_states', 'expert_ids', 'weights', 'token_idx']
[01:45:51][chimera14:5556] expert 48 processing 3 token-expert pairs
[01:45:51][chimera14:5553] expert 30 processing 3 token-expert pairs
[01:45:51][chimera14:5551] expert-agent 1 sending response: response_id=RES_d2ab595b-8ed7-484b-923c-77b022cf81b7 latency_ms=17.43
[01:45:51][chimera14:5550] expert-agent 0 sending response: response_id=RES_e0f987ef-6249-46f8-aa48-b412d8150568 latency_ms=13.73
[01:45:51][chimera14:5552] expert 17 processing 3 token-expert pairs
[01:45:51][chimera14:5555] expert-agent 5 sending response: response_id=RES_29e527d0-4e53-43a9-adf2-2f1de76ae596 latency_ms=12.59
[01:45:51][chimera14:5556] expert 52 processing 6 token-expert pairs
[01:45:51][chimera14:5553] expert 31 processing 5 token-expert pairs
[01:45:51][chimera14:5554] expert-agent 4 sending response: response_id=RES_f78fd5f6-e27d-4603-a654-f4651fb39309 latency_ms=11.01
[01:45:51][chimera14:5557] expert-agent 7 sending response: response_id=RES_64fc8173-64a0-42f6-a06f-5feba83d30af latency_ms=26.78
[01:45:51][chimera14:5552] expert 18 processing 1 token-expert pairs
[01:45:51][chimera14:5552] expert 20 processing 1 token-expert pairs
[01:45:51][chimera14:5556] expert 53 processing 2 token-expert pairs
[01:45:51][chimera14:5552] expert 21 processing 1 token-expert pairs
[01:45:51][chimera14:5553] expert-agent 3 sending response: response_id=RES_466fdec0-5762-466a-9c53-5d33ada99b7f latency_ms=14.61
[01:45:51][chimera14:5552] expert 22 processing 1 token-expert pairs
[01:45:51][chimera14:5556] expert 55 processing 1 token-expert pairs
[01:45:51][chimera14:5552] expert 23 processing 4 token-expert pairs
[01:45:51][chimera14:5556] expert-agent 6 sending response: response_id=RES_938c23e1-921f-472c-bf29-d826fe3e4282 latency_ms=16.71
[01:45:51][chimera14:5552] expert-agent 2 sending response: response_id=RES_753a9bae-063f-434b-aa26-9daf6eb14d96 latency_ms=17.15
[01:45:51][chimera14:5552] expert-agent 2 received request_id=5418f760-aaa2-47a2-ad57-63571ea9f2fd keys=['type', 'request_id', 'layer_idx', 'hidden_states', 'expert_ids', 'weights', 'token_idx']
[01:45:51][chimera14:5551] expert-agent 1 received request_id=092a0493-37c5-47df-ae26-0eed2012420a keys=['type', 'request_id', 'layer_idx', 'hidden_states', 'expert_ids', 'weights', 'token_idx']
[01:45:51][chimera14:5552] expert 16 processing 1 token-expert pairs
[01:45:51][chimera14:5552] expert 17 processing 2 token-expert pairs
[01:45:51][chimera14:5555] expert-agent 5 received request_id=550af1a3-b7d6-418a-b4d4-30ed9ce53fac keys=['type', 'request_id', 'layer_idx', 'hidden_states', 'expert_ids', 'weights', 'token_idx']
[01:45:51][chimera14:5551] expert 9 processing 1 token-expert pairs
[01:45:51][chimera14:5551] expert 11 processing 6 token-expert pairs
[01:45:51][chimera14:5552] expert 18 processing 8 token-expert pairs
[01:45:51][chimera14:5554] expert-agent 4 received request_id=718cdafd-57e9-4751-b851-c62974d0d64e keys=['type', 'request_id', 'layer_idx', 'hidden_states', 'expert_ids', 'weights', 'token_idx']
[01:45:51][chimera14:5555] expert 40 processing 1 token-expert pairs
[01:45:51][chimera14:5555] expert 41 processing 2 token-expert pairs
[01:45:51][chimera14:5551] expert 13 processing 2 token-expert pairs
[01:45:51][chimera14:5554] expert 32 processing 1 token-expert pairs
[01:45:51][chimera14:5552] expert 21 processing 2 token-expert pairs
[01:45:51][chimera14:5550] expert-agent 0 received request_id=09aba7c8-aad1-410f-8a63-360334d26ce9 keys=['type', 'request_id', 'layer_idx', 'hidden_states', 'expert_ids', 'weights', 'token_idx']
[01:45:51][chimera14:5555] expert 44 processing 1 token-expert pairs
[01:45:51][chimera14:5554] expert 35 processing 4 token-expert pairs
[01:45:51][chimera14:5555] expert 45 processing 2 token-expert pairs
[01:45:51][chimera14:5552] expert 22 processing 1 token-expert pairs
[01:45:51][chimera14:5556] expert-agent 6 received request_id=a1e334e8-9a1f-42fa-9b6a-85248f841594 keys=['type', 'request_id', 'layer_idx', 'hidden_states', 'expert_ids', 'weights', 'token_idx']
[01:45:51][chimera14:5550] expert 0 processing 3 token-expert pairs
[01:45:51][chimera14:5551] expert-agent 1 sending response: response_id=RES_092a0493-37c5-47df-ae26-0eed2012420a latency_ms=12.10
[01:45:51][chimera14:5552] expert 23 processing 2 token-expert pairs
[01:45:51][chimera14:5554] expert 36 processing 1 token-expert pairs
[01:45:51][chimera14:5555] expert 46 processing 2 token-expert pairs
[01:45:51][chimera14:5556] expert 49 processing 2 token-expert pairs
[01:45:51][chimera14:5554] expert 37 processing 1 token-expert pairs
[01:45:51][chimera14:5553] expert-agent 3 received request_id=dd572fcd-9731-42f4-987b-a306324fd373 keys=['type', 'request_id', 'layer_idx', 'hidden_states', 'expert_ids', 'weights', 'token_idx']
[01:45:51][chimera14:5550] expert 1 processing 4 token-expert pairs
[01:45:51][chimera14:5554] expert 38 processing 1 token-expert pairs
[01:45:51][chimera14:5555] expert 47 processing 1 token-expert pairs
[01:45:51][chimera14:5556] expert 52 processing 1 token-expert pairs
[01:45:51][chimera14:5554] expert 39 processing 1 token-expert pairs
[01:45:51][chimera14:5552] expert-agent 2 sending response: response_id=RES_5418f760-aaa2-47a2-ad57-63571ea9f2fd latency_ms=23.28
[01:45:51][chimera14:5557] expert-agent 7 received request_id=ac464091-c462-4a28-92b5-1d92ac79e5e1 keys=['type', 'request_id', 'layer_idx', 'hidden_states', 'expert_ids', 'weights', 'token_idx']
[01:45:51][chimera14:5553] expert 24 processing 4 token-expert pairs
[01:45:51][chimera14:5556] expert 53 processing 2 token-expert pairs
[01:45:51][chimera14:5550] expert 3 processing 1 token-expert pairs
[01:45:51][chimera14:5550] expert 4 processing 3 token-expert pairs
[01:45:51][chimera14:5555] expert-agent 5 sending response: response_id=RES_550af1a3-b7d6-418a-b4d4-30ed9ce53fac latency_ms=18.39
[01:45:51][chimera14:5557] expert 57 processing 2 token-expert pairs
[01:45:51][chimera14:5554] expert-agent 4 sending response: response_id=RES_718cdafd-57e9-4751-b851-c62974d0d64e latency_ms=16.00
[01:45:51][chimera14:5553] expert 25 processing 1 token-expert pairs
[01:45:51][chimera14:5553] expert 26 processing 1 token-expert pairs
[01:45:51][chimera14:5550] expert 7 processing 3 token-expert pairs
[01:45:51][chimera14:5557] expert 60 processing 5 token-expert pairs
[01:45:51][chimera14:5556] expert-agent 6 sending response: response_id=RES_a1e334e8-9a1f-42fa-9b6a-85248f841594 latency_ms=10.53
[01:45:51][chimera14:5553] expert 27 processing 2 token-expert pairs
[01:45:51][chimera14:5553] expert 28 processing 1 token-expert pairs
[01:45:51][chimera14:5557] expert 62 processing 3 token-expert pairs
[01:45:51][chimera14:5550] expert-agent 0 sending response: response_id=RES_09aba7c8-aad1-410f-8a63-360334d26ce9 latency_ms=20.34
[01:45:51][chimera14:5553] expert 29 processing 4 token-expert pairs
[01:45:51][chimera14:5557] expert 63 processing 2 token-expert pairs
[01:45:51][chimera14:5553] expert 30 processing 1 token-expert pairs
[01:45:51][chimera14:5557] expert-agent 7 sending response: response_id=RES_ac464091-c462-4a28-92b5-1d92ac79e5e1 latency_ms=17.70
[01:45:51][chimera14:5553] expert-agent 3 sending response: response_id=RES_dd572fcd-9731-42f4-987b-a306324fd373 latency_ms=22.75
[01:45:52][chimera14:5553] expert-agent 3 received request_id=2dd779bc-2758-4000-bdc2-b2eab5922d5f keys=['type', 'request_id', 'layer_idx', 'hidden_states', 'expert_ids', 'weights', 'token_idx']
[01:45:52][chimera14:5553] expert 24 processing 4 token-expert pairs
[01:45:52][chimera14:5554] expert-agent 4 received request_id=de8474b1-67d0-4b14-93e2-42c2d45e38d9 keys=['type', 'request_id', 'layer_idx', 'hidden_states', 'expert_ids', 'weights', 'token_idx']
[01:45:52][chimera14:5553] expert 26 processing 1 token-expert pairs
[01:45:52][chimera14:5554] expert 32 processing 4 token-expert pairs
[01:45:52][chimera14:5557] expert-agent 7 received request_id=1509fa74-e1fd-4317-8c74-3a509fdf60f6 keys=['type', 'request_id', 'layer_idx', 'hidden_states', 'expert_ids', 'weights', 'token_idx']
[01:45:52][chimera14:5553] expert 27 processing 1 token-expert pairs
[01:45:52][chimera14:5555] expert-agent 5 received request_id=68c49385-351b-4bbf-9154-e0249e4fbfee keys=['type', 'request_id', 'layer_idx', 'hidden_states', 'expert_ids', 'weights', 'token_idx']
[01:45:52][chimera14:5553] expert 28 processing 3 token-expert pairs
[01:45:52][chimera14:5557] expert 56 processing 1 token-expert pairs
[01:45:52][chimera14:5554] expert 33 processing 2 token-expert pairs
[01:45:52][chimera14:5557] expert 59 processing 2 token-expert pairs
[01:45:52][chimera14:5555] expert 40 processing 1 token-expert pairs
[01:45:52][chimera14:5552] expert-agent 2 received request_id=5c9f0057-9058-4b57-bf6c-7231fc751a78 keys=['type', 'request_id', 'layer_idx', 'hidden_states', 'expert_ids', 'weights', 'token_idx']
[01:45:52][chimera14:5554] expert 34 processing 2 token-expert pairs
[01:45:52][chimera14:5553] expert 30 processing 5 token-expert pairs
[01:45:52][chimera14:5555] expert 43 processing 1 token-expert pairs
[01:45:52][chimera14:5557] expert 60 processing 3 token-expert pairs
[01:45:52][chimera14:5550] expert-agent 0 received request_id=e2e86c9c-96e2-471a-88ae-443d2f2ac783 keys=['type', 'request_id', 'layer_idx', 'hidden_states', 'expert_ids', 'weights', 'token_idx']
[01:45:52][chimera14:5555] expert 45 processing 2 token-expert pairs
[01:45:52][chimera14:5552] expert 16 processing 1 token-expert pairs
[01:45:52][chimera14:5554] expert 35 processing 1 token-expert pairs
[01:45:52][chimera14:5552] expert 18 processing 1 token-expert pairs
[01:45:52][chimera14:5554] expert 36 processing 2 token-expert pairs
[01:45:52][chimera14:5557] expert 61 processing 1 token-expert pairs
[01:45:52][chimera14:5550] expert 0 processing 1 token-expert pairs
[01:45:52][chimera14:5551] expert-agent 1 received request_id=9871704c-862f-48ce-8346-8655d222f188 keys=['type', 'request_id', 'layer_idx', 'hidden_states', 'expert_ids', 'weights', 'token_idx']
[01:45:52][chimera14:5552] expert 19 processing 1 token-expert pairs
[01:45:52][chimera14:5553] expert-agent 3 sending response: response_id=RES_2dd779bc-2758-4000-bdc2-b2eab5922d5f latency_ms=18.72
[01:45:52][chimera14:5557] expert 62 processing 4 token-expert pairs
[01:45:52][chimera14:5550] expert 3 processing 4 token-expert pairs
[01:45:52][chimera14:5552] expert 20 processing 2 token-expert pairs
[01:45:52][chimera14:5554] expert 39 processing 2 token-expert pairs
[01:45:52][chimera14:5555] expert-agent 5 sending response: response_id=RES_68c49385-351b-4bbf-9154-e0249e4fbfee latency_ms=8.50
[01:45:52][chimera14:5556] expert-agent 6 received request_id=34315c3e-e1d4-49de-aaed-69f78bbd16c0 keys=['type', 'request_id', 'layer_idx', 'hidden_states', 'expert_ids', 'weights', 'token_idx']
[01:45:52][chimera14:5551] expert 8 processing 9 token-expert pairs
[01:45:52][chimera14:5557] expert 63 processing 4 token-expert pairs
[01:45:52][chimera14:5552] expert 22 processing 3 token-expert pairs
[01:45:52][chimera14:5556] expert 49 processing 6 token-expert pairs
[01:45:52][chimera14:5550] expert-agent 0 sending response: response_id=RES_e2e86c9c-96e2-471a-88ae-443d2f2ac783 latency_ms=6.95
[01:45:52][chimera14:5554] expert-agent 4 sending response: response_id=RES_de8474b1-67d0-4b14-93e2-42c2d45e38d9 latency_ms=22.46
[01:45:52][chimera14:5551] expert 9 processing 1 token-expert pairs
[01:45:52][chimera14:5556] expert 50 processing 1 token-expert pairs
[01:45:52][chimera14:5551] expert 12 processing 3 token-expert pairs
[01:45:52][chimera14:5552] expert-agent 2 sending response: response_id=RES_5c9f0057-9058-4b57-bf6c-7231fc751a78 latency_ms=14.74
[01:45:52][chimera14:5556] expert 51 processing 4 token-expert pairs
[01:45:52][chimera14:5557] expert-agent 7 sending response: response_id=RES_1509fa74-e1fd-4317-8c74-3a509fdf60f6 latency_ms=22.28
[01:45:52][chimera14:5551] expert 14 processing 3 token-expert pairs
[01:45:52][chimera14:5556] expert 54 processing 2 token-expert pairs
[01:45:52][chimera14:5556] expert-agent 6 sending response: response_id=RES_34315c3e-e1d4-49de-aaed-69f78bbd16c0 latency_ms=16.85
[01:45:52][chimera14:5551] expert-agent 1 sending response: response_id=RES_9871704c-862f-48ce-8346-8655d222f188 latency_ms=19.07
[01:45:52][chimera14:5554] expert-agent 4 received request_id=b8669d09-4108-400f-a197-f585c79d20b7 keys=['type', 'request_id', 'layer_idx', 'hidden_states', 'expert_ids', 'weights', 'token_idx']
[01:45:52][chimera14:5554] expert 32 processing 2 token-expert pairs
[01:45:52][chimera14:5557] expert-agent 7 received request_id=c2412dc3-01f8-4f18-9a87-774585e0efc2 keys=['type', 'request_id', 'layer_idx', 'hidden_states', 'expert_ids', 'weights', 'token_idx']
[01:45:52][chimera14:5554] expert 33 processing 2 token-expert pairs
[01:45:52][chimera14:5557] expert 56 processing 4 token-expert pairs
[01:45:52][chimera14:5551] expert-agent 1 received request_id=d7866322-9ce4-4218-8a6a-09d2e2584067 keys=['type', 'request_id', 'layer_idx', 'hidden_states', 'expert_ids', 'weights', 'token_idx']
[01:45:52][chimera14:5554] expert 39 processing 3 token-expert pairs
[01:45:52][chimera14:5555] expert-agent 5 received request_id=f63c98a8-d9aa-4138-8f85-d38fe6307749 keys=['type', 'request_id', 'layer_idx', 'hidden_states', 'expert_ids', 'weights', 'token_idx']
[01:45:52][chimera14:5557] expert 57 processing 1 token-expert pairs
[01:45:52][chimera14:5551] expert 8 processing 1 token-expert pairs
[01:45:52][chimera14:5557] expert 60 processing 1 token-expert pairs
[01:45:52][chimera14:5551] expert 10 processing 1 token-expert pairs
[01:45:52][chimera14:5556] expert-agent 6 received request_id=277ddb37-a121-464c-a127-2f9c2f140002 keys=['type', 'request_id', 'layer_idx', 'hidden_states', 'expert_ids', 'weights', 'token_idx']
[01:45:52][chimera14:5555] expert 40 processing 1 token-expert pairs
[01:45:52][chimera14:5551] expert 11 processing 3 token-expert pairs
[01:45:52][chimera14:5557] expert 61 processing 7 token-expert pairs
[01:45:52][chimera14:5555] expert 41 processing 1 token-expert pairs
[01:45:52][chimera14:5554] expert-agent 4 sending response: response_id=RES_b8669d09-4108-400f-a197-f585c79d20b7 latency_ms=12.13
[01:45:52][chimera14:5553] expert-agent 3 received request_id=12ff1e13-b57f-4dab-af8c-7962033bdfcd keys=['type', 'request_id', 'layer_idx', 'hidden_states', 'expert_ids', 'weights', 'token_idx']
[01:45:52][chimera14:5555] expert 43 processing 1 token-expert pairs
[01:45:52][chimera14:5556] expert 48 processing 3 token-expert pairs
[01:45:52][chimera14:5551] expert 12 processing 1 token-expert pairs
[01:45:52][chimera14:5555] expert 44 processing 3 token-expert pairs
[01:45:52][chimera14:5557] expert 62 processing 1 token-expert pairs
[01:45:52][chimera14:5551] expert 13 processing 1 token-expert pairs
[01:45:52][chimera14:5553] expert 29 processing 1 token-expert pairs
[01:45:52][chimera14:5552] expert-agent 2 received request_id=33273883-ea5e-47b2-a25c-3515df50b681 keys=['type', 'request_id', 'layer_idx', 'hidden_states', 'expert_ids', 'weights', 'token_idx']
[01:45:52][chimera14:5556] expert 51 processing 4 token-expert pairs
[01:45:52][chimera14:5557] expert 63 processing 4 token-expert pairs
[01:45:52][chimera14:5551] expert 14 processing 8 token-expert pairs
[01:45:52][chimera14:5553] expert 30 processing 2 token-expert pairs
[01:45:52][chimera14:5555] expert 45 processing 1 token-expert pairs
[01:45:52][chimera14:5550] expert-agent 0 received request_id=020d3e6a-7d7d-42e1-a5a0-cbb4b151cab6 keys=['type', 'request_id', 'layer_idx', 'hidden_states', 'expert_ids', 'weights', 'token_idx']
[01:45:52][chimera14:5552] expert 18 processing 1 token-expert pairs
[01:45:52][chimera14:5556] expert 54 processing 2 token-expert pairs
[01:45:52][chimera14:5553] expert 31 processing 4 token-expert pairs
[01:45:52][chimera14:5552] expert 19 processing 2 token-expert pairs
[01:45:52][chimera14:5550] expert 0 processing 1 token-expert pairs
[01:45:52][chimera14:5555] expert-agent 5 sending response: response_id=RES_f63c98a8-d9aa-4138-8f85-d38fe6307749 latency_ms=13.27
[01:45:52][chimera14:5551] expert 15 processing 7 token-expert pairs
[01:45:52][chimera14:5550] expert 1 processing 2 token-expert pairs
[01:45:52][chimera14:5556] expert 55 processing 6 token-expert pairs
[01:45:52][chimera14:5557] expert-agent 7 sending response: response_id=RES_c2412dc3-01f8-4f18-9a87-774585e0efc2 latency_ms=22.88
[01:45:52][chimera14:5552] expert 20 processing 1 token-expert pairs
[01:45:52][chimera14:5552] expert 22 processing 2 token-expert pairs
[01:45:52][chimera14:5550] expert 4 processing 1 token-expert pairs
[01:45:52][chimera14:5553] expert-agent 3 sending response: response_id=RES_12ff1e13-b57f-4dab-af8c-7962033bdfcd latency_ms=11.56
[01:45:52][chimera14:5552] expert 23 processing 2 token-expert pairs
[01:45:52][chimera14:5551] expert-agent 1 sending response: response_id=RES_d7866322-9ce4-4218-8a6a-09d2e2584067 latency_ms=26.16
[01:45:52][chimera14:5556] expert-agent 6 sending response: response_id=RES_277ddb37-a121-464c-a127-2f9c2f140002 latency_ms=19.38
[01:45:52][chimera14:5550] expert-agent 0 sending response: response_id=RES_020d3e6a-7d7d-42e1-a5a0-cbb4b151cab6 latency_ms=8.83
[01:45:52][chimera14:5552] expert-agent 2 sending response: response_id=RES_33273883-ea5e-47b2-a25c-3515df50b681 latency_ms=16.77
[01:45:52][chimera14:5553] expert-agent 3 received request_id=f42a9997-09f0-4df5-83a9-1bb059f3b2c4 keys=['type', 'request_id', 'layer_idx', 'hidden_states', 'expert_ids', 'weights', 'token_idx']
[01:45:52][chimera14:5551] expert-agent 1 received request_id=a86ba70c-9f92-4842-a0c7-5d872130798c keys=['type', 'request_id', 'layer_idx', 'hidden_states', 'expert_ids', 'weights', 'token_idx']
[01:45:52][chimera14:5553] expert 25 processing 2 token-expert pairs
[01:45:52][chimera14:5551] expert 8 processing 1 token-expert pairs
[01:45:52][chimera14:5550] expert-agent 0 received request_id=1a399a60-9140-4fba-8b9e-87e2e4e1853a keys=['type', 'request_id', 'layer_idx', 'hidden_states', 'expert_ids', 'weights', 'token_idx']
[01:45:52][chimera14:5553] expert 26 processing 1 token-expert pairs
[01:45:52][chimera14:5551] expert 10 processing 3 token-expert pairs
[01:45:52][chimera14:5553] expert 27 processing 7 token-expert pairs
[01:45:52][chimera14:5557] expert-agent 7 received request_id=d9273030-2877-4b94-9430-bfdc9f58f868 keys=['type', 'request_id', 'layer_idx', 'hidden_states', 'expert_ids', 'weights', 'token_idx']
[01:45:52][chimera14:5550] expert 2 processing 5 token-expert pairs
[01:45:52][chimera14:5551] expert 14 processing 2 token-expert pairs
[01:45:52][chimera14:5557] expert 56 processing 1 token-expert pairs
[01:45:52][chimera14:5553] expert 28 processing 1 token-expert pairs
[01:45:52][chimera14:5554] expert-agent 4 received request_id=82c72437-8d6a-4913-9848-be4cb4017ecf keys=['type', 'request_id', 'layer_idx', 'hidden_states', 'expert_ids', 'weights', 'token_idx']
[01:45:52][chimera14:5550] expert 4 processing 1 token-expert pairs
[01:45:52][chimera14:5557] expert 59 processing 4 token-expert pairs
[01:45:52][chimera14:5552] expert-agent 2 received request_id=cca46f98-f4c9-4845-96da-7fc87df233db keys=['type', 'request_id', 'layer_idx', 'hidden_states', 'expert_ids', 'weights', 'token_idx']
[01:45:52][chimera14:5550] expert 5 processing 3 token-expert pairs
[01:45:52][chimera14:5551] expert-agent 1 sending response: response_id=RES_a86ba70c-9f92-4842-a0c7-5d872130798c latency_ms=10.50
[01:45:52][chimera14:5554] expert 33 processing 7 token-expert pairs
[01:45:52][chimera14:5553] expert-agent 3 sending response: response_id=RES_f42a9997-09f0-4df5-83a9-1bb059f3b2c4 latency_ms=14.77
[01:45:52][chimera14:5557] expert 62 processing 3 token-expert pairs
[01:45:52][chimera14:5556] expert-agent 6 received request_id=22a584d2-5771-462a-9e6d-1a7b4b998db9 keys=['type', 'request_id', 'layer_idx', 'hidden_states', 'expert_ids', 'weights', 'token_idx']
[01:45:52][chimera14:5552] expert 16 processing 3 token-expert pairs
[01:45:52][chimera14:5550] expert 6 processing 2 token-expert pairs
[01:45:52][chimera14:5556] expert 48 processing 3 token-expert pairs
[01:45:52][chimera14:5557] expert 63 processing 6 token-expert pairs
[01:45:52][chimera14:5555] expert-agent 5 received request_id=25dcb3dd-2431-4aa1-a2a9-defba592e42f keys=['type', 'request_id', 'layer_idx', 'hidden_states', 'expert_ids', 'weights', 'token_idx']
[01:45:52][chimera14:5554] expert 34 processing 4 token-expert pairs
[01:45:52][chimera14:5550] expert 7 processing 1 token-expert pairs
[01:45:52][chimera14:5552] expert 20 processing 1 token-expert pairs
[01:45:52][chimera14:5552] expert 23 processing 3 token-expert pairs
[01:45:52][chimera14:5556] expert 54 processing 1 token-expert pairs
[01:45:52][chimera14:5555] expert 41 processing 6 token-expert pairs
[01:45:52][chimera14:5554] expert 37 processing 1 token-expert pairs
[01:45:52][chimera14:5556] expert 55 processing 1 token-expert pairs
[01:45:52][chimera14:5550] expert-agent 0 sending response: response_id=RES_1a399a60-9140-4fba-8b9e-87e2e4e1853a latency_ms=18.48
[01:45:52][chimera14:5554] expert 38 processing 4 token-expert pairs
[01:45:52][chimera14:5557] expert-agent 7 sending response: response_id=RES_d9273030-2877-4b94-9430-bfdc9f58f868 latency_ms=17.41
[01:45:52][chimera14:5555] expert 43 processing 2 token-expert pairs
[01:45:52][chimera14:5552] expert-agent 2 sending response: response_id=RES_cca46f98-f4c9-4845-96da-7fc87df233db latency_ms=11.10
[01:45:52][chimera14:5556] expert-agent 6 sending response: response_id=RES_22a584d2-5771-462a-9e6d-1a7b4b998db9 latency_ms=9.11
[01:45:52][chimera14:5555] expert 47 processing 9 token-expert pairs
[01:45:52][chimera14:5554] expert-agent 4 sending response: response_id=RES_82c72437-8d6a-4913-9848-be4cb4017ecf latency_ms=18.68
[01:45:52][chimera14:5555] expert-agent 5 sending response: response_id=RES_25dcb3dd-2431-4aa1-a2a9-defba592e42f latency_ms=18.23
[01:45:52][chimera14:5553] expert-agent 3 received request_id=90cda1fd-aa29-49ab-ae0a-ad67e41774b8 keys=['type', 'request_id', 'layer_idx', 'hidden_states', 'expert_ids', 'weights', 'token_idx']
[01:45:52][chimera14:5557] expert-agent 7 received request_id=8927804b-2800-4bec-beeb-8a8340826dc1 keys=['type', 'request_id', 'layer_idx', 'hidden_states', 'expert_ids', 'weights', 'token_idx']
[01:45:52][chimera14:5553] expert 25 processing 4 token-expert pairs
[01:45:52][chimera14:5550] expert-agent 0 received request_id=58c80f13-3716-4816-8629-19f73a9422ff keys=['type', 'request_id', 'layer_idx', 'hidden_states', 'expert_ids', 'weights', 'token_idx']
[01:45:52][chimera14:5557] expert 57 processing 1 token-expert pairs
[01:45:52][chimera14:5553] expert 26 processing 4 token-expert pairs
[01:45:52][chimera14:5557] expert 58 processing 1 token-expert pairs
[01:45:52][chimera14:5555] expert-agent 5 received request_id=172a0f11-1d9e-4f10-96b9-41d7ef102ba8 keys=['type', 'request_id', 'layer_idx', 'hidden_states', 'expert_ids', 'weights', 'token_idx']
[01:45:52][chimera14:5550] expert 1 processing 4 token-expert pairs
[01:45:52][chimera14:5557] expert 61 processing 6 token-expert pairs
[01:45:52][chimera14:5553] expert 27 processing 1 token-expert pairs
[01:45:52][chimera14:5555] expert 40 processing 1 token-expert pairs
[01:45:52][chimera14:5553] expert 29 processing 5 token-expert pairs
[01:45:52][chimera14:5550] expert 5 processing 2 token-expert pairs
[01:45:52][chimera14:5556] expert-agent 6 received request_id=9b1b739e-f3ed-41d6-a424-debf90d1eb6c keys=['type', 'request_id', 'layer_idx', 'hidden_states', 'expert_ids', 'weights', 'token_idx']
[01:45:52][chimera14:5555] expert 43 processing 1 token-expert pairs
[01:45:52][chimera14:5557] expert 62 processing 4 token-expert pairs
[01:45:52][chimera14:5555] expert 47 processing 2 token-expert pairs
[01:45:52][chimera14:5551] expert-agent 1 received request_id=bce0a826-d849-489e-acaf-b419507f4219 keys=['type', 'request_id', 'layer_idx', 'hidden_states', 'expert_ids', 'weights', 'token_idx']
[01:45:52][chimera14:5550] expert 6 processing 1 token-expert pairs
[01:45:52][chimera14:5553] expert 31 processing 3 token-expert pairs
[01:45:52][chimera14:5556] expert 49 processing 2 token-expert pairs
[01:45:52][chimera14:5550] expert 7 processing 1 token-expert pairs
[01:45:52][chimera14:5557] expert 63 processing 3 token-expert pairs
[01:45:52][chimera14:5552] expert-agent 2 received request_id=e30ae3b3-4da5-49cb-a8d0-506ed3051e83 keys=['type', 'request_id', 'layer_idx', 'hidden_states', 'expert_ids', 'weights', 'token_idx']
[01:45:52][chimera14:5551] expert 8 processing 3 token-expert pairs
[01:45:52][chimera14:5556] expert 51 processing 4 token-expert pairs
[01:45:52][chimera14:5554] expert-agent 4 received request_id=01c3bf15-50e7-41bd-badb-b0248775a4f4 keys=['type', 'request_id', 'layer_idx', 'hidden_states', 'expert_ids', 'weights', 'token_idx']
[01:45:52][chimera14:5555] expert-agent 5 sending response: response_id=RES_172a0f11-1d9e-4f10-96b9-41d7ef102ba8 latency_ms=8.44
[01:45:52][chimera14:5552] expert 17 processing 2 token-expert pairs
[01:45:52][chimera14:5550] expert-agent 0 sending response: response_id=RES_58c80f13-3716-4816-8629-19f73a9422ff latency_ms=13.09
[01:45:52][chimera14:5553] expert-agent 3 sending response: response_id=RES_90cda1fd-aa29-49ab-ae0a-ad67e41774b8 latency_ms=21.46
[01:45:52][chimera14:5551] expert 13 processing 6 token-expert pairs
[01:45:52][chimera14:5556] expert 52 processing 2 token-expert pairs
[01:45:52][chimera14:5557] expert-agent 7 sending response: response_id=RES_8927804b-2800-4bec-beeb-8a8340826dc1 latency_ms=19.47
[01:45:52][chimera14:5554] expert 34 processing 1 token-expert pairs
[01:45:52][chimera14:5552] expert 20 processing 1 token-expert pairs
[01:45:52][chimera14:5554] expert 35 processing 1 token-expert pairs
[01:45:52][chimera14:5552] expert 21 processing 4 token-expert pairs
[01:45:52][chimera14:5556] expert 53 processing 2 token-expert pairs
[01:45:52][chimera14:5551] expert 14 processing 3 token-expert pairs
[01:45:52][chimera14:5554] expert 38 processing 4 token-expert pairs
[01:45:52][chimera14:5556] expert 54 processing 1 token-expert pairs
[01:45:52][chimera14:5552] expert 22 processing 2 token-expert pairs
[01:45:52][chimera14:5554] expert 39 processing 1 token-expert pairs
[01:45:52][chimera14:5556] expert 55 processing 5 token-expert pairs
[01:45:52][chimera14:5551] expert-agent 1 sending response: response_id=RES_bce0a826-d849-489e-acaf-b419507f4219 latency_ms=14.69
[01:45:52][chimera14:5554] expert-agent 4 sending response: response_id=RES_01c3bf15-50e7-41bd-badb-b0248775a4f4 latency_ms=11.38
[01:45:52][chimera14:5552] expert-agent 2 sending response: response_id=RES_e30ae3b3-4da5-49cb-a8d0-506ed3051e83 latency_ms=15.26
[01:45:52][chimera14:5556] expert-agent 6 sending response: response_id=RES_9b1b739e-f3ed-41d6-a424-debf90d1eb6c latency_ms=24.95
[01:45:52][chimera14:5556] expert-agent 6 received request_id=8268e124-2a21-45f9-9671-6ddb4ffaca9d keys=['type', 'request_id', 'layer_idx', 'hidden_states', 'expert_ids', 'weights', 'token_idx']
[01:45:52][chimera14:5556] expert 48 processing 3 token-expert pairs
[01:45:52][chimera14:5552] expert-agent 2 received request_id=5f6747db-a71c-4746-988f-c914acf66dcb keys=['type', 'request_id', 'layer_idx', 'hidden_states', 'expert_ids', 'weights', 'token_idx']
[01:45:52][chimera14:5550] expert-agent 0 received request_id=bb307b29-2e0c-49b8-a94c-8aba976bb93c keys=['type', 'request_id', 'layer_idx', 'hidden_states', 'expert_ids', 'weights', 'token_idx']
[01:45:52][chimera14:5556] expert 49 processing 5 token-expert pairs
[01:45:52][chimera14:5552] expert 17 processing 5 token-expert pairs
[01:45:52][chimera14:5550] expert 1 processing 2 token-expert pairs
[01:45:52][chimera14:5555] expert-agent 5 received request_id=5a0c250b-cb37-46ac-bac6-c97fe7805a26 keys=['type', 'request_id', 'layer_idx', 'hidden_states', 'expert_ids', 'weights', 'token_idx']
[01:45:52][chimera14:5556] expert 50 processing 1 token-expert pairs
[01:45:52][chimera14:5556] expert 55 processing 2 token-expert pairs
[01:45:52][chimera14:5551] expert-agent 1 received request_id=57db8d21-5db9-4a30-a31d-f3f3f990c773 keys=['type', 'request_id', 'layer_idx', 'hidden_states', 'expert_ids', 'weights', 'token_idx']
[01:45:52][chimera14:5550] expert 4 processing 1 token-expert pairs
[01:45:52][chimera14:5552] expert 18 processing 5 token-expert pairs
[01:45:52][chimera14:5555] expert 40 processing 5 token-expert pairs
[01:45:52][chimera14:5551] expert 8 processing 1 token-expert pairs
[01:45:52][chimera14:5557] expert-agent 7 received request_id=ee7ac283-78e6-46bc-ab55-91e14eee1354 keys=['type', 'request_id', 'layer_idx', 'hidden_states', 'expert_ids', 'weights', 'token_idx']
[01:45:52][chimera14:5552] expert 22 processing 2 token-expert pairs
[01:45:52][chimera14:5551] expert 9 processing 1 token-expert pairs
[01:45:52][chimera14:5555] expert 43 processing 5 token-expert pairs
[01:45:52][chimera14:5550] expert-agent 0 sending response: response_id=RES_bb307b29-2e0c-49b8-a94c-8aba976bb93c latency_ms=6.49
[01:45:52][chimera14:5556] expert-agent 6 sending response: response_id=RES_8268e124-2a21-45f9-9671-6ddb4ffaca9d latency_ms=15.87
[01:45:52][chimera14:5552] expert 23 processing 9 token-expert pairs
[01:45:52][chimera14:5554] expert-agent 4 received request_id=cb4a6112-1073-45f2-a387-c26544c2dc23 keys=['type', 'request_id', 'layer_idx', 'hidden_states', 'expert_ids', 'weights', 'token_idx']
[01:45:52][chimera14:5555] expert 44 processing 3 token-expert pairs
[01:45:52][chimera14:5557] expert 58 processing 3 token-expert pairs
[01:45:52][chimera14:5555] expert 46 processing 2 token-expert pairs
[01:45:52][chimera14:5551] expert-agent 1 sending response: response_id=RES_57db8d21-5db9-4a30-a31d-f3f3f990c773 latency_ms=4.40
[01:45:52][chimera14:5557] expert 59 processing 4 token-expert pairs
[01:45:52][chimera14:5555] expert 47 processing 1 token-expert pairs
[01:45:52][chimera14:5554] expert 32 processing 3 token-expert pairs
[01:45:52][chimera14:5553] expert-agent 3 received request_id=1956d501-aeb4-4961-ac8b-3d1fc38c0ee7 keys=['type', 'request_id', 'layer_idx', 'hidden_states', 'expert_ids', 'weights', 'token_idx']
[01:45:52][chimera14:5557] expert 62 processing 4 token-expert pairs
[01:45:52][chimera14:5554] expert 33 processing 7 token-expert pairs
[01:45:52][chimera14:5552] expert-agent 2 sending response: response_id=RES_5f6747db-a71c-4746-988f-c914acf66dcb latency_ms=22.72
[01:45:52][chimera14:5554] expert 36 processing 5 token-expert pairs
[01:45:52][chimera14:5555] expert-agent 5 sending response: response_id=RES_5a0c250b-cb37-46ac-bac6-c97fe7805a26 latency_ms=21.29
[01:45:52][chimera14:5553] expert 26 processing 2 token-expert pairs
[01:45:52][chimera14:5553] expert 29 processing 4 token-expert pairs
[01:45:52][chimera14:5554] expert 39 processing 3 token-expert pairs
[01:45:52][chimera14:5557] expert-agent 7 sending response: response_id=RES_ee7ac283-78e6-46bc-ab55-91e14eee1354 latency_ms=13.52
[01:45:52][chimera14:5553] expert-agent 3 sending response: response_id=RES_1956d501-aeb4-4961-ac8b-3d1fc38c0ee7 latency_ms=8.77
[01:45:52][chimera14:5554] expert-agent 4 sending response: response_id=RES_cb4a6112-1073-45f2-a387-c26544c2dc23 latency_ms=20.28
[01:45:52][chimera14:5552] expert-agent 2 received request_id=bcd0ea2f-ce1c-44c1-bd0a-5c30cc5be479 keys=['type', 'request_id', 'layer_idx', 'hidden_states', 'expert_ids', 'weights', 'token_idx']
[01:45:52][chimera14:5555] expert-agent 5 received request_id=e3229df5-de6a-4b6d-b175-a24b12bd8aef keys=['type', 'request_id', 'layer_idx', 'hidden_states', 'expert_ids', 'weights', 'token_idx']
[01:45:52][chimera14:5552] expert 21 processing 2 token-expert pairs
[01:45:52][chimera14:5552] expert 22 processing 1 token-expert pairs
[01:45:52][chimera14:5555] expert 41 processing 2 token-expert pairs
[01:45:52][chimera14:5550] expert-agent 0 received request_id=0bdebf65-1bf8-4831-8d48-ab4f95320429 keys=['type', 'request_id', 'layer_idx', 'hidden_states', 'expert_ids', 'weights', 'token_idx']
[01:45:52][chimera14:5552] expert 23 processing 4 token-expert pairs
[01:45:52][chimera14:5555] expert 42 processing 1 token-expert pairs
[01:45:52][chimera14:5550] expert 0 processing 1 token-expert pairs
[01:45:52][chimera14:5551] expert-agent 1 received request_id=203f106a-c3ad-426c-b213-d3529830b52f keys=['type', 'request_id', 'layer_idx', 'hidden_states', 'expert_ids', 'weights', 'token_idx']
[01:45:52][chimera14:5555] expert 45 processing 4 token-expert pairs
[01:45:52][chimera14:5550] expert 1 processing 9 token-expert pairs
[01:45:52][chimera14:5554] expert-agent 4 received request_id=c7a20b9b-387b-4632-b36b-89230fa080e0 keys=['type', 'request_id', 'layer_idx', 'hidden_states', 'expert_ids', 'weights', 'token_idx']
[01:45:52][chimera14:5551] expert 9 processing 1 token-expert pairs
[01:45:52][chimera14:5552] expert-agent 2 sending response: response_id=RES_bcd0ea2f-ce1c-44c1-bd0a-5c30cc5be479 latency_ms=10.90
[01:45:52][chimera14:5555] expert 46 processing 3 token-expert pairs
[01:45:52][chimera14:5551] expert 10 processing 2 token-expert pairs
[01:45:52][chimera14:5557] expert-agent 7 received request_id=33691098-8572-4a06-a647-e465f95728da keys=['type', 'request_id', 'layer_idx', 'hidden_states', 'expert_ids', 'weights', 'token_idx']
[01:45:52][chimera14:5554] expert 32 processing 1 token-expert pairs
[01:45:52][chimera14:5550] expert 2 processing 1 token-expert pairs
[01:45:52][chimera14:5555] expert 47 processing 1 token-expert pairs
[01:45:52][chimera14:5551] expert 12 processing 1 token-expert pairs
[01:45:52][chimera14:5554] expert 33 processing 4 token-expert pairs
[01:45:52][chimera14:5556] expert-agent 6 received request_id=ad4d007b-3150-40c3-8c33-6af73414b7dc keys=['type', 'request_id', 'layer_idx', 'hidden_states', 'expert_ids', 'weights', 'token_idx']
[01:45:52][chimera14:5550] expert 4 processing 1 token-expert pairs
[01:45:52][chimera14:5557] expert 56 processing 2 token-expert pairs
[01:45:52][chimera14:5551] expert 13 processing 8 token-expert pairs
[01:45:52][chimera14:5550] expert 5 processing 2 token-expert pairs
[01:45:52][chimera14:5553] expert-agent 3 received request_id=06d3f45a-54df-418b-a132-ec0170a2f475 keys=['type', 'request_id', 'layer_idx', 'hidden_states', 'expert_ids', 'weights', 'token_idx']
[01:45:52][chimera14:5556] expert 48 processing 4 token-expert pairs
[01:45:52][chimera14:5555] expert-agent 5 sending response: response_id=RES_e3229df5-de6a-4b6d-b175-a24b12bd8aef latency_ms=17.51
[01:45:52][chimera14:5554] expert 34 processing 2 token-expert pairs
[01:45:52][chimera14:5557] expert 58 processing 2 token-expert pairs
[01:45:52][chimera14:5553] expert 24 processing 1 token-expert pairs
[01:45:52][chimera14:5556] expert 49 processing 1 token-expert pairs
[01:45:52][chimera14:5554] expert 35 processing 2 token-expert pairs
[01:45:52][chimera14:5557] expert 59 processing 3 token-expert pairs
[01:45:52][chimera14:5550] expert-agent 0 sending response: response_id=RES_0bdebf65-1bf8-4831-8d48-ab4f95320429 latency_ms=18.17
[01:45:52][chimera14:5553] expert 25 processing 6 token-expert pairs
[01:45:52][chimera14:5556] expert 54 processing 2 token-expert pairs
[01:45:52][chimera14:5551] expert-agent 1 sending response: response_id=RES_203f106a-c3ad-426c-b213-d3529830b52f latency_ms=15.37
[01:45:52][chimera14:5554] expert 36 processing 1 token-expert pairs
[01:45:52][chimera14:5557] expert 61 processing 1 token-expert pairs
[01:45:52][chimera14:5554] expert 37 processing 1 token-expert pairs
[01:45:52][chimera14:5557] expert 62 processing 1 token-expert pairs
[01:45:52][chimera14:5553] expert 26 processing 1 token-expert pairs
[01:45:52][chimera14:5554] expert 38 processing 2 token-expert pairs
[01:45:52][chimera14:5556] expert-agent 6 sending response: response_id=RES_ad4d007b-3150-40c3-8c33-6af73414b7dc latency_ms=11.31
[01:45:52][chimera14:5553] expert 31 processing 3 token-expert pairs
[01:45:52][chimera14:5554] expert 39 processing 4 token-expert pairs
[01:45:52][chimera14:5557] expert-agent 7 sending response: response_id=RES_33691098-8572-4a06-a647-e465f95728da latency_ms=17.24
[01:45:52][chimera14:5553] expert-agent 3 sending response: response_id=RES_06d3f45a-54df-418b-a132-ec0170a2f475 latency_ms=14.82
[01:45:52][chimera14:5554] expert-agent 4 sending response: response_id=RES_c7a20b9b-387b-4632-b36b-89230fa080e0 latency_ms=28.45
[01:45:52][chimera14:5552] expert-agent 2 received request_id=8c2dbf79-2784-429d-a71d-dcdfd2b2220e keys=['type', 'request_id', 'layer_idx', 'hidden_states', 'expert_ids', 'weights', 'token_idx']
[01:45:52][chimera14:5552] expert 18 processing 6 token-expert pairs
[01:45:52][chimera14:5550] expert-agent 0 received request_id=2936fb9c-b919-4a70-8cfe-2405a6ff0c11 keys=['type', 'request_id', 'layer_idx', 'hidden_states', 'expert_ids', 'weights', 'token_idx']
[01:45:52][chimera14:5553] expert-agent 3 received request_id=075be7c1-e70f-424b-84e1-8fa85fdf529d keys=['type', 'request_id', 'layer_idx', 'hidden_states', 'expert_ids', 'weights', 'token_idx']
[01:45:52][chimera14:5550] expert 1 processing 4 token-expert pairs
[01:45:52][chimera14:5552] expert 22 processing 5 token-expert pairs
[01:45:52][chimera14:5554] expert-agent 4 received request_id=0e45d7da-f0c9-4097-9da7-88310e63ec9d keys=['type', 'request_id', 'layer_idx', 'hidden_states', 'expert_ids', 'weights', 'token_idx']
[01:45:52][chimera14:5553] expert 24 processing 1 token-expert pairs
[01:45:52][chimera14:5550] expert 6 processing 4 token-expert pairs
[01:45:52][chimera14:5553] expert 25 processing 1 token-expert pairs
[01:45:52][chimera14:5552] expert 23 processing 2 token-expert pairs
[01:45:52][chimera14:5557] expert-agent 7 received request_id=5165cc01-c1ae-4811-98b1-2a0a4ca1c074 keys=['type', 'request_id', 'layer_idx', 'hidden_states', 'expert_ids', 'weights', 'token_idx']
[01:45:52][chimera14:5554] expert 32 processing 7 token-expert pairs
[01:45:52][chimera14:5553] expert 26 processing 3 token-expert pairs
[01:45:52][chimera14:5550] expert 7 processing 9 token-expert pairs
[01:45:52][chimera14:5556] expert-agent 6 received request_id=b8f2baac-75fb-499e-87f2-8f091410d55f keys=['type', 'request_id', 'layer_idx', 'hidden_states', 'expert_ids', 'weights', 'token_idx']
[01:45:52][chimera14:5557] expert 57 processing 1 token-expert pairs
[01:45:52][chimera14:5553] expert 27 processing 1 token-expert pairs
[01:45:52][chimera14:5557] expert 59 processing 2 token-expert pairs
[01:45:52][chimera14:5554] expert 33 processing 1 token-expert pairs
[01:45:52][chimera14:5551] expert-agent 1 received request_id=e392a8dc-08f0-4379-99c8-25c208202ec6 keys=['type', 'request_id', 'layer_idx', 'hidden_states', 'expert_ids', 'weights', 'token_idx']
[01:45:52][chimera14:5552] expert-agent 2 sending response: response_id=RES_8c2dbf79-2784-429d-a71d-dcdfd2b2220e latency_ms=16.17
[01:45:52][chimera14:5556] expert 48 processing 1 token-expert pairs
[01:45:52][chimera14:5553] expert 29 processing 4 token-expert pairs
[01:45:52][chimera14:5554] expert 35 processing 3 token-expert pairs
[01:45:52][chimera14:5556] expert 49 processing 2 token-expert pairs
[01:45:52][chimera14:5555] expert-agent 5 received request_id=caf7717e-6868-4195-b92f-a7d94a68f183 keys=['type', 'request_id', 'layer_idx', 'hidden_states', 'expert_ids', 'weights', 'token_idx']
[01:45:52][chimera14:5557] expert 60 processing 4 token-expert pairs
[01:45:52][chimera14:5551] expert 10 processing 3 token-expert pairs
[01:45:52][chimera14:5553] expert 30 processing 2 token-expert pairs
[01:45:52][chimera14:5550] expert-agent 0 sending response: response_id=RES_2936fb9c-b919-4a70-8cfe-2405a6ff0c11 latency_ms=17.52
[01:45:52][chimera14:5556] expert 51 processing 3 token-expert pairs
[01:45:52][chimera14:5555] expert 40 processing 2 token-expert pairs
[01:45:52][chimera14:5551] expert 12 processing 2 token-expert pairs
[01:45:52][chimera14:5557] expert 61 processing 1 token-expert pairs
[01:45:52][chimera14:5554] expert-agent 4 sending response: response_id=RES_0e45d7da-f0c9-4097-9da7-88310e63ec9d latency_ms=13.24
[01:45:52][chimera14:5553] expert 31 processing 3 token-expert pairs
[01:45:52][chimera14:5557] expert 62 processing 3 token-expert pairs
[01:45:52][chimera14:5555] expert 44 processing 1 token-expert pairs
[01:45:52][chimera14:5556] expert 52 processing 2 token-expert pairs
[01:45:52][chimera14:5551] expert 13 processing 1 token-expert pairs
[01:45:52][chimera14:5551] expert 15 processing 1 token-expert pairs
[01:45:52][chimera14:5556] expert 53 processing 1 token-expert pairs
[01:45:52][chimera14:5555] expert-agent 5 sending response: response_id=RES_caf7717e-6868-4195-b92f-a7d94a68f183 latency_ms=6.66
[01:45:52][chimera14:5556] expert 55 processing 2 token-expert pairs
[01:45:52][chimera14:5553] expert-agent 3 sending response: response_id=RES_075be7c1-e70f-424b-84e1-8fa85fdf529d latency_ms=25.10
[01:45:52][chimera14:5557] expert-agent 7 sending response: response_id=RES_5165cc01-c1ae-4811-98b1-2a0a4ca1c074 latency_ms=18.48
[01:45:52][chimera14:5551] expert-agent 1 sending response: response_id=RES_e392a8dc-08f0-4379-99c8-25c208202ec6 latency_ms=13.06
[01:45:52][chimera14:5556] expert-agent 6 sending response: response_id=RES_b8f2baac-75fb-499e-87f2-8f091410d55f latency_ms=21.43
[01:45:52][chimera14:5551] expert-agent 1 received request_id=094bd927-cb76-4216-995d-20c6d9cb7983 keys=['type', 'request_id', 'layer_idx', 'hidden_states', 'expert_ids', 'weights', 'token_idx']
[01:45:52][chimera14:5555] expert-agent 5 received request_id=f394b194-a65e-4adc-b8ba-3f88572fb506 keys=['type', 'request_id', 'layer_idx', 'hidden_states', 'expert_ids', 'weights', 'token_idx']
[01:45:52][chimera14:5551] expert 8 processing 3 token-expert pairs
[01:45:52][chimera14:5555] expert 40 processing 1 token-expert pairs
[01:45:52][chimera14:5551] expert 9 processing 3 token-expert pairs
[01:45:52][chimera14:5552] expert-agent 2 received request_id=45acd0b8-db76-4cd1-ad0a-5e7d21fa1ed1 keys=['type', 'request_id', 'layer_idx', 'hidden_states', 'expert_ids', 'weights', 'token_idx']
[01:45:52][chimera14:5555] expert 42 processing 5 token-expert pairs
[01:45:52][chimera14:5557] expert-agent 7 received request_id=0b617240-3805-4e32-b889-effb134b133f keys=['type', 'request_id', 'layer_idx', 'hidden_states', 'expert_ids', 'weights', 'token_idx']
[01:45:52][chimera14:5551] expert 12 processing 5 token-expert pairs
[01:45:52][chimera14:5552] expert 16 processing 3 token-expert pairs
[01:45:52][chimera14:5550] expert-agent 0 received request_id=eefc6cbe-7cfc-439a-bbe5-cc69e7e80814 keys=['type', 'request_id', 'layer_idx', 'hidden_states', 'expert_ids', 'weights', 'token_idx']
[01:45:52][chimera14:5557] expert 57 processing 1 token-expert pairs
[01:45:52][chimera14:5552] expert 18 processing 5 token-expert pairs
[01:45:52][chimera14:5551] expert 13 processing 5 token-expert pairs
[01:45:52][chimera14:5557] expert 60 processing 1 token-expert pairs
[01:45:52][chimera14:5554] expert-agent 4 received request_id=867c506a-87ca-45ed-8092-ab020072e57c keys=['type', 'request_id', 'layer_idx', 'hidden_states', 'expert_ids', 'weights', 'token_idx']
[01:45:52][chimera14:5555] expert-agent 5 sending response: response_id=RES_f394b194-a65e-4adc-b8ba-3f88572fb506 latency_ms=7.88
[01:45:52][chimera14:5550] expert 1 processing 2 token-expert pairs
[01:45:52][chimera14:5557] expert 61 processing 3 token-expert pairs
[01:45:52][chimera14:5552] expert 20 processing 2 token-expert pairs
[01:45:52][chimera14:5551] expert 14 processing 1 token-expert pairs
[01:45:52][chimera14:5550] expert 4 processing 2 token-expert pairs
[01:45:52][chimera14:5554] expert 34 processing 1 token-expert pairs
[01:45:52][chimera14:5553] expert-agent 3 received request_id=4d48a24f-1a79-4de3-a809-8e42522e90dc keys=['type', 'request_id', 'layer_idx', 'hidden_states', 'expert_ids', 'weights', 'token_idx']
[01:45:52][chimera14:5557] expert 63 processing 3 token-expert pairs
[01:45:52][chimera14:5554] expert 35 processing 2 token-expert pairs
[01:45:52][chimera14:5552] expert 21 processing 4 token-expert pairs
[01:45:52][chimera14:5550] expert 6 processing 1 token-expert pairs
[01:45:52][chimera14:5553] expert 24 processing 4 token-expert pairs
[01:45:52][chimera14:5556] expert-agent 6 received request_id=58f61e64-749b-4943-8f93-f7913d04aa83 keys=['type', 'request_id', 'layer_idx', 'hidden_states', 'expert_ids', 'weights', 'token_idx']
[01:45:52][chimera14:5551] expert-agent 1 sending response: response_id=RES_094bd927-cb76-4216-995d-20c6d9cb7983 latency_ms=21.77
[01:45:52][chimera14:5554] expert 36 processing 2 token-expert pairs
[01:45:52][chimera14:5552] expert 22 processing 2 token-expert pairs
[01:45:52][chimera14:5557] expert-agent 7 sending response: response_id=RES_0b617240-3805-4e32-b889-effb134b133f latency_ms=13.21
[01:45:52][chimera14:5550] expert-agent 0 sending response: response_id=RES_eefc6cbe-7cfc-439a-bbe5-cc69e7e80814 latency_ms=10.29
[01:45:52][chimera14:5556] expert 48 processing 3 token-expert pairs
[01:45:52][chimera14:5553] expert 26 processing 3 token-expert pairs
[01:45:52][chimera14:5554] expert 37 processing 2 token-expert pairs
[01:45:52][chimera14:5553] expert 28 processing 3 token-expert pairs
[01:45:52][chimera14:5554] expert 38 processing 2 token-expert pairs
[01:45:52][chimera14:5556] expert 49 processing 1 token-expert pairs
[01:45:52][chimera14:5552] expert-agent 2 sending response: response_id=RES_45acd0b8-db76-4cd1-ad0a-5e7d21fa1ed1 latency_ms=23.22
[01:45:52][chimera14:5556] expert 52 processing 2 token-expert pairs
[01:45:52][chimera14:5554] expert 39 processing 4 token-expert pairs
[01:45:52][chimera14:5556] expert 54 processing 7 token-expert pairs
[01:45:52][chimera14:5553] expert-agent 3 sending response: response_id=RES_4d48a24f-1a79-4de3-a809-8e42522e90dc latency_ms=13.62
[01:45:52][chimera14:5554] expert-agent 4 sending response: response_id=RES_867c506a-87ca-45ed-8092-ab020072e57c latency_ms=22.65
[01:45:52][chimera14:5556] expert-agent 6 sending response: response_id=RES_58f61e64-749b-4943-8f93-f7913d04aa83 latency_ms=17.14
[01:45:52][chimera14:5550] expert-agent 0 received request_id=422b6ac7-5ba3-4c71-8cec-594251a51fa9 keys=['type', 'request_id', 'layer_idx', 'hidden_states', 'expert_ids', 'weights', 'token_idx']
[01:45:52][chimera14:5555] expert-agent 5 received request_id=080052c5-d196-41f1-99d6-85f8ea0e4e49 keys=['type', 'request_id', 'layer_idx', 'hidden_states', 'expert_ids', 'weights', 'token_idx']
[01:45:52][chimera14:5550] expert 0 processing 1 token-expert pairs
[01:45:52][chimera14:5550] expert 2 processing 3 token-expert pairs
[01:45:52][chimera14:5557] expert-agent 7 received request_id=3d6324e6-bf91-46f5-b768-6caff8aa9c8e keys=['type', 'request_id', 'layer_idx', 'hidden_states', 'expert_ids', 'weights', 'token_idx']
[01:45:52][chimera14:5555] expert 43 processing 3 token-expert pairs
[01:45:52][chimera14:5550] expert 4 processing 5 token-expert pairs
[01:45:52][chimera14:5555] expert 44 processing 2 token-expert pairs
[01:45:52][chimera14:5553] expert-agent 3 received request_id=867eb9a8-68cf-4278-8ae1-1bbd7b87e5e3 keys=['type', 'request_id', 'layer_idx', 'hidden_states', 'expert_ids', 'weights', 'token_idx']
[01:45:52][chimera14:5550] expert 5 processing 1 token-expert pairs
[01:45:52][chimera14:5557] expert 57 processing 3 token-expert pairs
[01:45:52][chimera14:5555] expert 46 processing 1 token-expert pairs
[01:45:52][chimera14:5550] expert 6 processing 4 token-expert pairs
[01:45:52][chimera14:5555] expert 47 processing 2 token-expert pairs
[01:45:52][chimera14:5554] expert-agent 4 received request_id=8343bb97-e85c-46a0-94e2-0a80266b62d7 keys=['type', 'request_id', 'layer_idx', 'hidden_states', 'expert_ids', 'weights', 'token_idx']
[01:45:52][chimera14:5557] expert 59 processing 4 token-expert pairs
[01:45:52][chimera14:5553] expert 24 processing 2 token-expert pairs
[01:45:52][chimera14:5557] expert 60 processing 1 token-expert pairs
[01:45:52][chimera14:5553] expert 26 processing 3 token-expert pairs
[01:45:52][chimera14:5557] expert 62 processing 1 token-expert pairs
[01:45:52][chimera14:5553] expert 27 processing 1 token-expert pairs
[01:45:52][chimera14:5554] expert 34 processing 2 token-expert pairs
[01:45:52][chimera14:5550] expert-agent 0 sending response: response_id=RES_422b6ac7-5ba3-4c71-8cec-594251a51fa9 latency_ms=18.86
[01:45:52][chimera14:5555] expert-agent 5 sending response: response_id=RES_080052c5-d196-41f1-99d6-85f8ea0e4e49 latency_ms=14.53
[01:45:52][chimera14:5553] expert 28 processing 3 token-expert pairs
[01:45:52][chimera14:5557] expert-agent 7 sending response: response_id=RES_3d6324e6-bf91-46f5-b768-6caff8aa9c8e latency_ms=13.68
[01:45:52][chimera14:5554] expert 35 processing 1 token-expert pairs
[01:45:52][chimera14:5553] expert 29 processing 1 token-expert pairs
[01:45:52][chimera14:5554] expert 38 processing 3 token-expert pairs
[01:45:52][chimera14:5552] expert-agent 2 received request_id=6af03987-eb40-4ea5-b541-31e9ed97df35 keys=['type', 'request_id', 'layer_idx', 'hidden_states', 'expert_ids', 'weights', 'token_idx']
[01:45:52][chimera14:5553] expert 30 processing 4 token-expert pairs
[01:45:52][chimera14:5556] expert-agent 6 received request_id=66428035-c016-4586-adc4-b186334d5e6f keys=['type', 'request_id', 'layer_idx', 'hidden_states', 'expert_ids', 'weights', 'token_idx']
[01:45:52][chimera14:5554] expert 39 processing 2 token-expert pairs
[01:45:52][chimera14:5553] expert 31 processing 3 token-expert pairs
[01:45:52][chimera14:5552] expert 17 processing 2 token-expert pairs
[01:45:52][chimera14:5551] expert-agent 1 received request_id=92835253-c7ce-439d-a588-a74a7e9919e6 keys=['type', 'request_id', 'layer_idx', 'hidden_states', 'expert_ids', 'weights', 'token_idx']
[01:45:52][chimera14:5556] expert 48 processing 10 token-expert pairs
[01:45:52][chimera14:5552] expert 18 processing 1 token-expert pairs
[01:45:52][chimera14:5552] expert 20 processing 5 token-expert pairs
[01:45:52][chimera14:5554] expert-agent 4 sending response: response_id=RES_8343bb97-e85c-46a0-94e2-0a80266b62d7 latency_ms=14.43
[01:45:52][chimera14:5553] expert-agent 3 sending response: response_id=RES_867eb9a8-68cf-4278-8ae1-1bbd7b87e5e3 latency_ms=25.84
[01:45:52][chimera14:5551] expert 9 processing 1 token-expert pairs
[01:45:52][chimera14:5552] expert 21 processing 2 token-expert pairs
[01:45:52][chimera14:5556] expert 49 processing 1 token-expert pairs
[01:45:52][chimera14:5551] expert 10 processing 1 token-expert pairs
[01:45:52][chimera14:5556] expert 50 processing 1 token-expert pairs
[01:45:52][chimera14:5552] expert 23 processing 1 token-expert pairs
[01:45:52][chimera14:5551] expert 12 processing 1 token-expert pairs
[01:45:52][chimera14:5556] expert 53 processing 2 token-expert pairs
[01:45:52][chimera14:5551] expert 14 processing 1 token-expert pairs
[01:45:52][chimera14:5551] expert 15 processing 3 token-expert pairs
[01:45:52][chimera14:5552] expert-agent 2 sending response: response_id=RES_6af03987-eb40-4ea5-b541-31e9ed97df35 latency_ms=18.35
[01:45:52][chimera14:5556] expert-agent 6 sending response: response_id=RES_66428035-c016-4586-adc4-b186334d5e6f latency_ms=17.13
[01:45:52][chimera14:5551] expert-agent 1 sending response: response_id=RES_92835253-c7ce-439d-a588-a74a7e9919e6 latency_ms=12.71
[01:45:52][chimera14:5557] expert-agent 7 received request_id=ee8a5daa-3faa-4e71-b64d-39a0e1dd5270 keys=['type', 'request_id', 'layer_idx', 'hidden_states', 'expert_ids', 'weights', 'token_idx']
[01:45:52][chimera14:5554] expert-agent 4 received request_id=99ba7f50-8f91-410c-a15f-3020cc402796 keys=['type', 'request_id', 'layer_idx', 'hidden_states', 'expert_ids', 'weights', 'token_idx']
[01:45:52][chimera14:5557] expert 56 processing 4 token-expert pairs
[01:45:52][chimera14:5554] expert 33 processing 4 token-expert pairs
[01:45:52][chimera14:5557] expert 58 processing 2 token-expert pairs
[01:45:52][chimera14:5556] expert-agent 6 received request_id=74e63ec9-5dec-4d8a-9df3-7c1290c63a1d keys=['type', 'request_id', 'layer_idx', 'hidden_states', 'expert_ids', 'weights', 'token_idx']
[01:45:52][chimera14:5557] expert 59 processing 1 token-expert pairs
[01:45:52][chimera14:5554] expert 36 processing 2 token-expert pairs
[01:45:52][chimera14:5556] expert 49 processing 2 token-expert pairs
[01:45:52][chimera14:5551] expert-agent 1 received request_id=3326b930-680c-45b1-a0b1-114b42071acb keys=['type', 'request_id', 'layer_idx', 'hidden_states', 'expert_ids', 'weights', 'token_idx']
[01:45:52][chimera14:5557] expert 61 processing 2 token-expert pairs
[01:45:52][chimera14:5554] expert 37 processing 4 token-expert pairs
[01:45:52][chimera14:5556] expert 50 processing 1 token-expert pairs
[01:45:52][chimera14:5555] expert-agent 5 received request_id=fcf9a6e7-4af7-4ef7-bcad-7a5fdd58e070 keys=['type', 'request_id', 'layer_idx', 'hidden_states', 'expert_ids', 'weights', 'token_idx']
[01:45:52][chimera14:5551] expert 8 processing 1 token-expert pairs
[01:45:52][chimera14:5557] expert 63 processing 3 token-expert pairs
[01:45:52][chimera14:5556] expert 51 processing 3 token-expert pairs
[01:45:52][chimera14:5551] expert 10 processing 3 token-expert pairs
[01:45:52][chimera14:5552] expert-agent 2 received request_id=8479dca9-9b1d-4061-8e44-9926d5130244 keys=['type', 'request_id', 'layer_idx', 'hidden_states', 'expert_ids', 'weights', 'token_idx']
[01:45:52][chimera14:5555] expert 40 processing 1 token-expert pairs
[01:45:52][chimera14:5554] expert 38 processing 1 token-expert pairs
[01:45:52][chimera14:5556] expert 52 processing 3 token-expert pairs
[01:45:52][chimera14:5555] expert 41 processing 1 token-expert pairs
[01:45:52][chimera14:5554] expert 39 processing 2 token-expert pairs
[01:45:52][chimera14:5551] expert 11 processing 2 token-expert pairs
[01:45:52][chimera14:5553] expert-agent 3 received request_id=354f4541-3ba9-4519-88cf-091f641bc828 keys=['type', 'request_id', 'layer_idx', 'hidden_states', 'expert_ids', 'weights', 'token_idx']
[01:45:52][chimera14:5552] expert 16 processing 1 token-expert pairs
[01:45:52][chimera14:5555] expert 42 processing 1 token-expert pairs
[01:45:52][chimera14:5557] expert-agent 7 sending response: response_id=RES_ee8a5daa-3faa-4e71-b64d-39a0e1dd5270 latency_ms=18.82
[01:45:52][chimera14:5552] expert 17 processing 3 token-expert pairs
[01:45:52][chimera14:5555] expert 44 processing 2 token-expert pairs
[01:45:52][chimera14:5550] expert-agent 0 received request_id=b8489f39-2529-4419-a5c8-38f67260dc93 keys=['type', 'request_id', 'layer_idx', 'hidden_states', 'expert_ids', 'weights', 'token_idx']
[01:45:52][chimera14:5551] expert 12 processing 1 token-expert pairs
[01:45:52][chimera14:5553] expert 24 processing 2 token-expert pairs
[01:45:52][chimera14:5551] expert 13 processing 4 token-expert pairs
[01:45:52][chimera14:5556] expert-agent 6 sending response: response_id=RES_74e63ec9-5dec-4d8a-9df3-7c1290c63a1d latency_ms=14.62
[01:45:52][chimera14:5554] expert-agent 4 sending response: response_id=RES_99ba7f50-8f91-410c-a15f-3020cc402796 latency_ms=19.50
[01:45:52][chimera14:5552] expert 19 processing 1 token-expert pairs
[01:45:52][chimera14:5555] expert 46 processing 3 token-expert pairs
[01:45:52][chimera14:5550] expert 0 processing 2 token-expert pairs
[01:45:52][chimera14:5553] expert 26 processing 2 token-expert pairs
[01:45:52][chimera14:5552] expert 20 processing 1 token-expert pairs
[01:45:52][chimera14:5551] expert 14 processing 7 token-expert pairs
[01:45:52][chimera14:5552] expert 22 processing 3 token-expert pairs
[01:45:52][chimera14:5550] expert 2 processing 2 token-expert pairs
[01:45:52][chimera14:5553] expert 28 processing 4 token-expert pairs
[01:45:52][chimera14:5555] expert-agent 5 sending response: response_id=RES_fcf9a6e7-4af7-4ef7-bcad-7a5fdd58e070 latency_ms=14.83
[01:45:52][chimera14:5550] expert 3 processing 1 token-expert pairs
[01:45:52][chimera14:5553] expert 29 processing 1 token-expert pairs
[01:45:52][chimera14:5550] expert 7 processing 2 token-expert pairs
[01:45:52][chimera14:5552] expert-agent 2 sending response: response_id=RES_8479dca9-9b1d-4061-8e44-9926d5130244 latency_ms=15.20
[01:45:52][chimera14:5553] expert 30 processing 2 token-expert pairs
[01:45:52][chimera14:5551] expert-agent 1 sending response: response_id=RES_3326b930-680c-45b1-a0b1-114b42071acb latency_ms=23.79
[01:45:52][chimera14:5553] expert 31 processing 1 token-expert pairs
[01:45:52][chimera14:5550] expert-agent 0 sending response: response_id=RES_b8489f39-2529-4419-a5c8-38f67260dc93 latency_ms=14.19
[01:45:52][chimera14:5553] expert-agent 3 sending response: response_id=RES_354f4541-3ba9-4519-88cf-091f641bc828 latency_ms=21.31
[01:45:52][chimera14:5557] expert-agent 7 received request_id=ffdb2237-4f2d-46bc-bd7a-aabac71b49f4 keys=['type', 'request_id', 'layer_idx', 'hidden_states', 'expert_ids', 'weights', 'token_idx']
[01:45:52][chimera14:5556] expert-agent 6 received request_id=6c10cbbb-b72c-4718-ac5c-48e3f150235b keys=['type', 'request_id', 'layer_idx', 'hidden_states', 'expert_ids', 'weights', 'token_idx']
[01:45:52][chimera14:5557] expert 56 processing 1 token-expert pairs
[01:45:52][chimera14:5557] expert 57 processing 1 token-expert pairs
[01:45:52][chimera14:5556] expert 48 processing 2 token-expert pairs
[01:45:52][chimera14:5550] expert-agent 0 received request_id=b2703be2-442a-41c0-94a2-2f4ff9dd10c8 keys=['type', 'request_id', 'layer_idx', 'hidden_states', 'expert_ids', 'weights', 'token_idx']
[01:45:52][chimera14:5557] expert 58 processing 4 token-expert pairs
[01:45:52][chimera14:5556] expert 49 processing 3 token-expert pairs
[01:45:52][chimera14:5550] expert 0 processing 2 token-expert pairs
[01:45:52][chimera14:5552] expert-agent 2 received request_id=ad8be0b6-a19c-46f8-9014-4ee3f6d71d4e keys=['type', 'request_id', 'layer_idx', 'hidden_states', 'expert_ids', 'weights', 'token_idx']
[01:45:52][chimera14:5557] expert 59 processing 2 token-expert pairs
[01:45:52][chimera14:5556] expert 51 processing 2 token-expert pairs
[01:45:52][chimera14:5550] expert 1 processing 1 token-expert pairs
[01:45:52][chimera14:5551] expert-agent 1 received request_id=e536149a-ba2d-4830-a033-47c8ae330b58 keys=['type', 'request_id', 'layer_idx', 'hidden_states', 'expert_ids', 'weights', 'token_idx']
[01:45:52][chimera14:5552] expert 17 processing 1 token-expert pairs
[01:45:52][chimera14:5557] expert 63 processing 4 token-expert pairs
[01:45:52][chimera14:5550] expert 3 processing 2 token-expert pairs
[01:45:52][chimera14:5552] expert 18 processing 3 token-expert pairs
[01:45:52][chimera14:5556] expert 53 processing 1 token-expert pairs
[01:45:52][chimera14:5554] expert-agent 4 received request_id=03419503-c8e8-46f4-a323-a07620f102e3 keys=['type', 'request_id', 'layer_idx', 'hidden_states', 'expert_ids', 'weights', 'token_idx']
[01:45:52][chimera14:5551] expert 9 processing 3 token-expert pairs
[01:45:52][chimera14:5556] expert 54 processing 4 token-expert pairs
[01:45:52][chimera14:5550] expert 4 processing 1 token-expert pairs
[01:45:52][chimera14:5552] expert 19 processing 2 token-expert pairs
[01:45:52][chimera14:5555] expert-agent 5 received request_id=11b046bf-1121-4fb0-8f07-c29c22c38910 keys=['type', 'request_id', 'layer_idx', 'hidden_states', 'expert_ids', 'weights', 'token_idx']
[01:45:52][chimera14:5554] expert 32 processing 3 token-expert pairs
[01:45:52][chimera14:5550] expert 5 processing 1 token-expert pairs
[01:45:52][chimera14:5551] expert 10 processing 2 token-expert pairs
[01:45:52][chimera14:5557] expert-agent 7 sending response: response_id=RES_ffdb2237-4f2d-46bc-bd7a-aabac71b49f4 latency_ms=18.21
[01:45:52][chimera14:5550] expert 6 processing 4 token-expert pairs
[01:45:52][chimera14:5552] expert 21 processing 2 token-expert pairs
[01:45:52][chimera14:5553] expert-agent 3 received request_id=a8d7142f-837f-410e-9e67-b3ed301801a8 keys=['type', 'request_id', 'layer_idx', 'hidden_states', 'expert_ids', 'weights', 'token_idx']
[01:45:52][chimera14:5554] expert 34 processing 1 token-expert pairs
[01:45:52][chimera14:5555] expert 41 processing 2 token-expert pairs
[01:45:52][chimera14:5551] expert 12 processing 1 token-expert pairs
[01:45:52][chimera14:5556] expert-agent 6 sending response: response_id=RES_6c10cbbb-b72c-4718-ac5c-48e3f150235b latency_ms=19.52
[01:45:52][chimera14:5554] expert 36 processing 3 token-expert pairs
[01:45:52][chimera14:5552] expert 22 processing 1 token-expert pairs
[01:45:52][chimera14:5550] expert 7 processing 2 token-expert pairs
[01:45:52][chimera14:5551] expert 13 processing 3 token-expert pairs
[01:45:52][chimera14:5553] expert 24 processing 1 token-expert pairs
[01:45:52][chimera14:5555] expert 43 processing 2 token-expert pairs
[01:45:52][chimera14:5552] expert 23 processing 4 token-expert pairs
[01:45:52][chimera14:5553] expert 29 processing 4 token-expert pairs
[01:45:52][chimera14:5554] expert 39 processing 2 token-expert pairs
[01:45:52][chimera14:5551] expert 15 processing 3 token-expert pairs
[01:45:52][chimera14:5555] expert 44 processing 2 token-expert pairs
[01:45:52][chimera14:5550] expert-agent 0 sending response: response_id=RES_b2703be2-442a-41c0-94a2-2f4ff9dd10c8 latency_ms=23.36
[01:45:52][chimera14:5553] expert 30 processing 1 token-expert pairs
[01:45:52][chimera14:5555] expert 45 processing 2 token-expert pairs
[01:45:52][chimera14:5552] expert-agent 2 sending response: response_id=RES_ad8be0b6-a19c-46f8-9014-4ee3f6d71d4e latency_ms=21.77
[01:45:52][chimera14:5553] expert 31 processing 3 token-expert pairs
[01:45:52][chimera14:5554] expert-agent 4 sending response: response_id=RES_03419503-c8e8-46f4-a323-a07620f102e3 latency_ms=14.66
[01:45:52][chimera14:5551] expert-agent 1 sending response: response_id=RES_e536149a-ba2d-4830-a033-47c8ae330b58 latency_ms=19.54
[01:45:52][chimera14:5555] expert-agent 5 sending response: response_id=RES_11b046bf-1121-4fb0-8f07-c29c22c38910 latency_ms=15.94
[01:45:52][chimera14:5553] expert-agent 3 sending response: response_id=RES_a8d7142f-837f-410e-9e67-b3ed301801a8 latency_ms=14.16
[01:45:52][chimera14:5550] expert-agent 0 received request_id=ea82bb81-6824-4b0a-a172-a9585207b615 keys=['type', 'request_id', 'layer_idx', 'hidden_states', 'expert_ids', 'weights', 'token_idx']
[01:45:52][chimera14:5550] expert 0 processing 1 token-expert pairs
[01:45:52][chimera14:5551] expert-agent 1 received request_id=9563173a-383f-4947-bf0f-2f921d65b922 keys=['type', 'request_id', 'layer_idx', 'hidden_states', 'expert_ids', 'weights', 'token_idx']
[01:45:52][chimera14:5550] expert 1 processing 2 token-expert pairs
[01:45:52][chimera14:5556] expert-agent 6 received request_id=0ac486b1-167f-491b-ae7b-ad9c155e204b keys=['type', 'request_id', 'layer_idx', 'hidden_states', 'expert_ids', 'weights', 'token_idx']
[01:45:52][chimera14:5551] expert 9 processing 6 token-expert pairs
[01:45:52][chimera14:5550] expert 2 processing 1 token-expert pairs
[01:45:52][chimera14:5554] expert-agent 4 received request_id=c7bc0cc1-f26c-4383-a443-10b192324ccb keys=['type', 'request_id', 'layer_idx', 'hidden_states', 'expert_ids', 'weights', 'token_idx']
[01:45:52][chimera14:5550] expert 3 processing 2 token-expert pairs
[01:45:52][chimera14:5556] expert 48 processing 2 token-expert pairs
[01:45:52][chimera14:5551] expert 10 processing 1 token-expert pairs
[01:45:52][chimera14:5555] expert-agent 5 received request_id=a704d351-f152-4f41-929d-be83db5c508c keys=['type', 'request_id', 'layer_idx', 'hidden_states', 'expert_ids', 'weights', 'token_idx']
[01:45:52][chimera14:5554] expert 34 processing 1 token-expert pairs
[01:45:52][chimera14:5550] expert 4 processing 1 token-expert pairs
[01:45:52][chimera14:5551] expert 11 processing 8 token-expert pairs
[01:45:52][chimera14:5554] expert 35 processing 2 token-expert pairs
[01:45:52][chimera14:5550] expert 5 processing 3 token-expert pairs
[01:45:52][chimera14:5555] expert 40 processing 2 token-expert pairs
[01:45:52][chimera14:5553] expert-agent 3 received request_id=241199c4-8742-4047-b0e3-955bc87f441a keys=['type', 'request_id', 'layer_idx', 'hidden_states', 'expert_ids', 'weights', 'token_idx']
[01:45:52][chimera14:5554] expert 36 processing 1 token-expert pairs
[01:45:52][chimera14:5550] expert 6 processing 3 token-expert pairs
[01:45:52][chimera14:5552] expert-agent 2 received request_id=b687e45b-d81e-4586-8352-1a846fae692b keys=['type', 'request_id', 'layer_idx', 'hidden_states', 'expert_ids', 'weights', 'token_idx']
[01:45:52][chimera14:5555] expert 42 processing 1 token-expert pairs
[01:45:52][chimera14:5551] expert 15 processing 1 token-expert pairs
[01:45:52][chimera14:5553] expert 26 processing 2 token-expert pairs
[01:45:52][chimera14:5554] expert 38 processing 1 token-expert pairs
[01:45:52][chimera14:5555] expert 43 processing 2 token-expert pairs
[01:45:52][chimera14:5554] expert 39 processing 1 token-expert pairs
[01:45:52][chimera14:5556] expert 49 processing 3 token-expert pairs
[01:45:52][chimera14:5552] expert 16 processing 5 token-expert pairs
[01:45:52][chimera14:5557] expert-agent 7 received request_id=c70a2ca2-f7cc-4cb4-b6e2-aac0b0be9d22 keys=['type', 'request_id', 'layer_idx', 'hidden_states', 'expert_ids', 'weights', 'token_idx']
[01:45:52][chimera14:5553] expert 27 processing 2 token-expert pairs
[01:45:52][chimera14:5551] expert-agent 1 sending response: response_id=RES_9563173a-383f-4947-bf0f-2f921d65b922 latency_ms=17.84
[01:45:52][chimera14:5555] expert 45 processing 3 token-expert pairs
[01:45:52][chimera14:5550] expert-agent 0 sending response: response_id=RES_ea82bb81-6824-4b0a-a172-a9585207b615 latency_ms=23.96
[01:45:52][chimera14:5556] expert 50 processing 3 token-expert pairs
[01:45:52][chimera14:5557] expert 56 processing 3 token-expert pairs
[01:45:52][chimera14:5554] expert-agent 4 sending response: response_id=RES_c7bc0cc1-f26c-4383-a443-10b192324ccb latency_ms=13.41
[01:45:52][chimera14:5553] expert 28 processing 1 token-expert pairs
[01:45:52][chimera14:5552] expert 18 processing 1 token-expert pairs
[01:45:52][chimera14:5555] expert 47 processing 2 token-expert pairs
[01:45:52][chimera14:5553] expert 29 processing 1 token-expert pairs
[01:45:52][chimera14:5552] expert 20 processing 1 token-expert pairs
[01:45:52][chimera14:5556] expert 54 processing 3 token-expert pairs
[01:45:52][chimera14:5557] expert 57 processing 4 token-expert pairs
[01:45:52][chimera14:5553] expert 30 processing 1 token-expert pairs
[01:45:52][chimera14:5552] expert 21 processing 1 token-expert pairs
[01:45:52][chimera14:5553] expert 31 processing 4 token-expert pairs
[01:45:52][chimera14:5556] expert 55 processing 4 token-expert pairs
[01:45:52][chimera14:5557] expert 58 processing 1 token-expert pairs
[01:45:52][chimera14:5555] expert-agent 5 sending response: response_id=RES_a704d351-f152-4f41-929d-be83db5c508c latency_ms=19.09
[01:45:52][chimera14:5552] expert-agent 2 sending response: response_id=RES_b687e45b-d81e-4586-8352-1a846fae692b latency_ms=12.57
[01:45:52][chimera14:5557] expert 62 processing 1 token-expert pairs
[01:45:52][chimera14:5553] expert-agent 3 sending response: response_id=RES_241199c4-8742-4047-b0e3-955bc87f441a latency_ms=20.50
[01:45:52][chimera14:5556] expert-agent 6 sending response: response_id=RES_0ac486b1-167f-491b-ae7b-ad9c155e204b latency_ms=32.66
[01:45:52][chimera14:5557] expert-agent 7 sending response: response_id=RES_c70a2ca2-f7cc-4cb4-b6e2-aac0b0be9d22 latency_ms=14.07
[01:45:52][chimera14:5557] expert-agent 7 received request_id=399da929-0e79-407b-a60a-388b72547044 keys=['type', 'request_id', 'layer_idx', 'hidden_states', 'expert_ids', 'weights', 'token_idx']
[01:45:52][chimera14:5551] expert-agent 1 received request_id=37259dbe-e9ab-4d5c-91a1-1448966d4cce keys=['type', 'request_id', 'layer_idx', 'hidden_states', 'expert_ids', 'weights', 'token_idx']
[01:45:52][chimera14:5557] expert 56 processing 4 token-expert pairs
[01:45:52][chimera14:5551] expert 9 processing 3 token-expert pairs
[01:45:52][chimera14:5557] expert 57 processing 1 token-expert pairs
[01:45:52][chimera14:5555] expert-agent 5 received request_id=b407291c-d02c-4bff-a234-8aed8994f3da keys=['type', 'request_id', 'layer_idx', 'hidden_states', 'expert_ids', 'weights', 'token_idx']
[01:45:52][chimera14:5557] expert 58 processing 1 token-expert pairs
[01:45:52][chimera14:5551] expert 10 processing 1 token-expert pairs
[01:45:52][chimera14:5557] expert 60 processing 4 token-expert pairs
[01:45:52][chimera14:5552] expert-agent 2 received request_id=581b89ff-c063-47e0-a8e1-e256f72ffb73 keys=['type', 'request_id', 'layer_idx', 'hidden_states', 'expert_ids', 'weights', 'token_idx']
[01:45:52][chimera14:5551] expert 11 processing 4 token-expert pairs
[01:45:52][chimera14:5555] expert 40 processing 3 token-expert pairs
[01:45:52][chimera14:5557] expert 61 processing 1 token-expert pairs
[01:45:52][chimera14:5552] expert 17 processing 1 token-expert pairs
[01:45:52][chimera14:5555] expert 41 processing 1 token-expert pairs
[01:45:52][chimera14:5551] expert 12 processing 4 token-expert pairs
[01:45:52][chimera14:5557] expert 63 processing 2 token-expert pairs
[01:45:52][chimera14:5554] expert-agent 4 received request_id=c1db1d1c-7a55-42a5-acb0-268b4342b7c4 keys=['type', 'request_id', 'layer_idx', 'hidden_states', 'expert_ids', 'weights', 'token_idx']
[01:45:52][chimera14:5552] expert 19 processing 1 token-expert pairs
[01:45:53][chimera14:5555] expert 42 processing 4 token-expert pairs
[01:45:53][chimera14:5552] expert 22 processing 4 token-expert pairs
[01:45:53][chimera14:5556] expert-agent 6 received request_id=cd8fe450-8b4c-4357-a066-23a6b0aae891 keys=['type', 'request_id', 'layer_idx', 'hidden_states', 'expert_ids', 'weights', 'token_idx']
[01:45:53][chimera14:5551] expert 15 processing 1 token-expert pairs
[01:45:53][chimera14:5554] expert 32 processing 1 token-expert pairs
[01:45:53][chimera14:5555] expert 43 processing 6 token-expert pairs
[01:45:53][chimera14:5554] expert 33 processing 1 token-expert pairs
[01:45:53][chimera14:5557] expert-agent 7 sending response: response_id=RES_399da929-0e79-407b-a60a-388b72547044 latency_ms=20.27
[01:45:53][chimera14:5553] expert-agent 3 received request_id=1a56b941-14b1-4423-8f3e-c5fe529aa204 keys=['type', 'request_id', 'layer_idx', 'hidden_states', 'expert_ids', 'weights', 'token_idx']
[01:45:53][chimera14:5552] expert 23 processing 2 token-expert pairs
[01:45:53][chimera14:5556] expert 48 processing 4 token-expert pairs
[01:45:53][chimera14:5554] expert 34 processing 1 token-expert pairs
[01:45:53][chimera14:5551] expert-agent 1 sending response: response_id=RES_37259dbe-e9ab-4d5c-91a1-1448966d4cce latency_ms=18.37
[01:45:53][chimera14:5554] expert 35 processing 2 token-expert pairs
[01:45:53][chimera14:5550] expert-agent 0 received request_id=07c49726-002f-497b-b9ca-d623920b0e69 keys=['type', 'request_id', 'layer_idx', 'hidden_states', 'expert_ids', 'weights', 'token_idx']
[01:45:53][chimera14:5553] expert 24 processing 2 token-expert pairs
[01:45:53][chimera14:5555] expert 45 processing 3 token-expert pairs
[01:45:53][chimera14:5556] expert 49 processing 1 token-expert pairs
[01:45:53][chimera14:5550] expert 6 processing 3 token-expert pairs
[01:45:53][chimera14:5554] expert 36 processing 1 token-expert pairs
[01:45:53][chimera14:5556] expert 54 processing 1 token-expert pairs
[01:45:53][chimera14:5552] expert-agent 2 sending response: response_id=RES_581b89ff-c063-47e0-a8e1-e256f72ffb73 latency_ms=13.42
[01:45:53][chimera14:5553] expert 28 processing 9 token-expert pairs
[01:45:53][chimera14:5555] expert 46 processing 3 token-expert pairs
[01:45:53][chimera14:5554] expert 37 processing 1 token-expert pairs
[01:45:53][chimera14:5550] expert 7 processing 1 token-expert pairs
[01:45:53][chimera14:5554] expert 38 processing 2 token-expert pairs
[01:45:53][chimera14:5556] expert-agent 6 sending response: response_id=RES_cd8fe450-8b4c-4357-a066-23a6b0aae891 latency_ms=9.37
[01:45:53][chimera14:5555] expert 47 processing 1 token-expert pairs
[01:45:53][chimera14:5554] expert 39 processing 1 token-expert pairs
[01:45:53][chimera14:5553] expert 30 processing 1 token-expert pairs
[01:45:53][chimera14:5550] expert-agent 0 sending response: response_id=RES_07c49726-002f-497b-b9ca-d623920b0e69 latency_ms=6.71
[01:45:53][chimera14:5555] expert-agent 5 sending response: response_id=RES_b407291c-d02c-4bff-a234-8aed8994f3da latency_ms=28.13
[01:45:53][chimera14:5553] expert 31 processing 1 token-expert pairs
[01:45:53][chimera14:5554] expert-agent 4 sending response: response_id=RES_c1db1d1c-7a55-42a5-acb0-268b4342b7c4 latency_ms=21.12
[01:45:53][chimera14:5553] expert-agent 3 sending response: response_id=RES_1a56b941-14b1-4423-8f3e-c5fe529aa204 latency_ms=16.90
[01:45:53][chimera14:5551] expert-agent 1 received request_id=673a70b4-c388-43e2-a164-2ecd0bfc3350 keys=['type', 'request_id', 'layer_idx', 'hidden_states', 'expert_ids', 'weights', 'token_idx']
[01:45:53][chimera14:5557] expert-agent 7 received request_id=b64cc5b3-3466-408a-aa4d-bbfdc0d9b435 keys=['type', 'request_id', 'layer_idx', 'hidden_states', 'expert_ids', 'weights', 'token_idx']
[01:45:53][chimera14:5551] expert 9 processing 2 token-expert pairs
[01:45:53][chimera14:5553] expert-agent 3 received request_id=c9d7234e-5190-41cb-b4cf-de5349d97277 keys=['type', 'request_id', 'layer_idx', 'hidden_states', 'expert_ids', 'weights', 'token_idx']
[01:45:53][chimera14:5551] expert 10 processing 1 token-expert pairs
[01:45:53][chimera14:5557] expert 58 processing 3 token-expert pairs
[01:45:53][chimera14:5551] expert 11 processing 1 token-expert pairs
[01:45:53][chimera14:5551] expert 12 processing 3 token-expert pairs
[01:45:53][chimera14:5556] expert-agent 6 received request_id=002f4f36-303f-4ae7-91b9-ab7ddfa855ed keys=['type', 'request_id', 'layer_idx', 'hidden_states', 'expert_ids', 'weights', 'token_idx']
[01:45:53][chimera14:5553] expert 24 processing 5 token-expert pairs
[01:45:53][chimera14:5557] expert 60 processing 3 token-expert pairs
[01:45:53][chimera14:5550] expert-agent 0 received request_id=a6be4da7-2dcd-427d-a190-20f0f041c9de keys=['type', 'request_id', 'layer_idx', 'hidden_states', 'expert_ids', 'weights', 'token_idx']
[01:45:53][chimera14:5551] expert 13 processing 1 token-expert pairs
[01:45:53][chimera14:5557] expert 61 processing 1 token-expert pairs
[01:45:53][chimera14:5556] expert 50 processing 1 token-expert pairs
[01:45:53][chimera14:5553] expert 25 processing 5 token-expert pairs
[01:45:53][chimera14:5551] expert 15 processing 3 token-expert pairs
[01:45:53][chimera14:5557] expert 62 processing 2 token-expert pairs
[01:45:53][chimera14:5556] expert 51 processing 8 token-expert pairs
[01:45:53][chimera14:5555] expert-agent 5 received request_id=21c985ba-40e7-41f4-9532-8641da461325 keys=['type', 'request_id', 'layer_idx', 'hidden_states', 'expert_ids', 'weights', 'token_idx']
[01:45:53][chimera14:5550] expert 0 processing 1 token-expert pairs
[01:45:53][chimera14:5550] expert 1 processing 2 token-expert pairs
[01:45:53][chimera14:5557] expert 63 processing 1 token-expert pairs
[01:45:53][chimera14:5554] expert-agent 4 received request_id=ab987c49-4766-4c79-a54c-58862b3961cd keys=['type', 'request_id', 'layer_idx', 'hidden_states', 'expert_ids', 'weights', 'token_idx']
[01:45:53][chimera14:5553] expert 27 processing 1 token-expert pairs
[01:45:53][chimera14:5555] expert 40 processing 3 token-expert pairs
[01:45:53][chimera14:5551] expert-agent 1 sending response: response_id=RES_673a70b4-c388-43e2-a164-2ecd0bfc3350 latency_ms=18.78
[01:45:53][chimera14:5553] expert 28 processing 2 token-expert pairs
[01:45:53][chimera14:5550] expert 3 processing 3 token-expert pairs
[01:45:53][chimera14:5556] expert 52 processing 6 token-expert pairs
[01:45:53][chimera14:5552] expert-agent 2 received request_id=ea9f710a-91a2-4dfa-8091-c8b8a3a9d4fc keys=['type', 'request_id', 'layer_idx', 'hidden_states', 'expert_ids', 'weights', 'token_idx']
[01:45:53][chimera14:5555] expert 41 processing 1 token-expert pairs
[01:45:53][chimera14:5557] expert-agent 7 sending response: response_id=RES_b64cc5b3-3466-408a-aa4d-bbfdc0d9b435 latency_ms=16.99
[01:45:53][chimera14:5554] expert 33 processing 1 token-expert pairs
[01:45:53][chimera14:5553] expert 29 processing 2 token-expert pairs
[01:45:53][chimera14:5555] expert 42 processing 1 token-expert pairs
[01:45:53][chimera14:5554] expert 36 processing 1 token-expert pairs
[01:45:53][chimera14:5550] expert 4 processing 1 token-expert pairs
[01:45:53][chimera14:5552] expert 18 processing 1 token-expert pairs
[01:45:53][chimera14:5555] expert 43 processing 1 token-expert pairs
[01:45:53][chimera14:5556] expert 54 processing 1 token-expert pairs
[01:45:53][chimera14:5554] expert 37 processing 2 token-expert pairs
[01:45:53][chimera14:5550] expert 5 processing 1 token-expert pairs
[01:45:53][chimera14:5553] expert 31 processing 1 token-expert pairs
[01:45:53][chimera14:5552] expert 20 processing 2 token-expert pairs
[01:45:53][chimera14:5555] expert 46 processing 1 token-expert pairs
[01:45:53][chimera14:5556] expert 55 processing 2 token-expert pairs
[01:45:53][chimera14:5550] expert 7 processing 3 token-expert pairs
[01:45:53][chimera14:5554] expert 38 processing 1 token-expert pairs
[01:45:53][chimera14:5555] expert 47 processing 1 token-expert pairs
[01:45:53][chimera14:5552] expert 21 processing 2 token-expert pairs
[01:45:53][chimera14:5554] expert 39 processing 1 token-expert pairs
[01:45:53][chimera14:5553] expert-agent 3 sending response: response_id=RES_c9d7234e-5190-41cb-b4cf-de5349d97277 latency_ms=24.15
[01:45:53][chimera14:5556] expert-agent 6 sending response: response_id=RES_002f4f36-303f-4ae7-91b9-ab7ddfa855ed latency_ms=22.67
[01:45:53][chimera14:5552] expert 22 processing 1 token-expert pairs
[01:45:53][chimera14:5550] expert-agent 0 sending response: response_id=RES_a6be4da7-2dcd-427d-a190-20f0f041c9de latency_ms=19.86
[01:45:53][chimera14:5555] expert-agent 5 sending response: response_id=RES_21c985ba-40e7-41f4-9532-8641da461325 latency_ms=16.05
[01:45:53][chimera14:5552] expert 23 processing 2 token-expert pairs
[01:45:53][chimera14:5554] expert-agent 4 sending response: response_id=RES_ab987c49-4766-4c79-a54c-58862b3961cd latency_ms=13.48
[01:45:53][chimera14:5552] expert-agent 2 sending response: response_id=RES_ea9f710a-91a2-4dfa-8091-c8b8a3a9d4fc latency_ms=17.14
