Activating Conda ...
Starting smi-nvidia log ...
Starting inference task ...
Router is running at chimera13:
Tokenizer: GPTNeoXTokenizer(name_or_path='/home/duy.le004/.cache/huggingface/hub/models--allenai--OLMoE-1B-7B-0924/snapshots/6d84c48581ece794365f2b8e9cfb043c68ade9c5', vocab_size=50280, model_max_length=1000000000000000019884624838656, padding_side='right', truncation_side='right', special_tokens={'eos_token': '<|endoftext|>', 'pad_token': '<|padding|>'}, added_tokens_decoder={
	0: AddedToken("|||IP_ADDRESS|||", rstrip=False, lstrip=False, single_word=False, normalized=True, special=False),
	1: AddedToken("<|padding|>", rstrip=False, lstrip=False, single_word=False, normalized=False, special=True),
	50254: AddedToken("                        ", rstrip=False, lstrip=False, single_word=False, normalized=True, special=False),
	50255: AddedToken("                       ", rstrip=False, lstrip=False, single_word=False, normalized=True, special=False),
	50256: AddedToken("                      ", rstrip=False, lstrip=False, single_word=False, normalized=True, special=False),
	50257: AddedToken("                     ", rstrip=False, lstrip=False, single_word=False, normalized=True, special=False),
	50258: AddedToken("                    ", rstrip=False, lstrip=False, single_word=False, normalized=True, special=False),
	50259: AddedToken("                   ", rstrip=False, lstrip=False, single_word=False, normalized=True, special=False),
	50260: AddedToken("                  ", rstrip=False, lstrip=False, single_word=False, normalized=True, special=False),
	50261: AddedToken("                 ", rstrip=False, lstrip=False, single_word=False, normalized=True, special=False),
	50262: AddedToken("                ", rstrip=False, lstrip=False, single_word=False, normalized=True, special=False),
	50263: AddedToken("               ", rstrip=False, lstrip=False, single_word=False, normalized=True, special=False),
	50264: AddedToken("              ", rstrip=False, lstrip=False, single_word=False, normalized=True, special=False),
	50265: AddedToken("             ", rstrip=False, lstrip=False, single_word=False, normalized=True, special=False),
	50266: AddedToken("            ", rstrip=False, lstrip=False, single_word=False, normalized=True, special=False),
	50267: AddedToken("           ", rstrip=False, lstrip=False, single_word=False, normalized=True, special=False),
	50268: AddedToken("          ", rstrip=False, lstrip=False, single_word=False, normalized=True, special=False),
	50269: AddedToken("         ", rstrip=False, lstrip=False, single_word=False, normalized=True, special=False),
	50270: AddedToken("        ", rstrip=False, lstrip=False, single_word=False, normalized=True, special=False),
	50271: AddedToken("       ", rstrip=False, lstrip=False, single_word=False, normalized=True, special=False),
	50272: AddedToken("      ", rstrip=False, lstrip=False, single_word=False, normalized=True, special=False),
	50273: AddedToken("     ", rstrip=False, lstrip=False, single_word=False, normalized=True, special=False),
	50274: AddedToken("    ", rstrip=False, lstrip=False, single_word=False, normalized=True, special=False),
	50275: AddedToken("   ", rstrip=False, lstrip=False, single_word=False, normalized=True, special=False),
	50276: AddedToken("  ", rstrip=False, lstrip=False, single_word=False, normalized=True, special=False),
	50277: AddedToken("|||EMAIL_ADDRESS|||", rstrip=False, lstrip=False, single_word=False, normalized=True, special=False),
	50278: AddedToken("|||PHONE_NUMBER|||", rstrip=False, lstrip=False, single_word=False, normalized=True, special=False),
	50279: AddedToken("<|endoftext|>", rstrip=False, lstrip=False, single_word=False, normalized=False, special=True),
})
[router] Got expert node addresses: {0: 'tcp://chimera14:5550', 1: 'tcp://chimera14:5551', 2: 'tcp://chimera14:5552', 3: 'tcp://chimera14:5553', 4: 'tcp://chimera14:5554', 5: 'tcp://chimera14:5555', 6: 'tcp://chimera14:5556', 7: 'tcp://chimera14:5557'}
[router] async-send 11 token-expert pairs to expert node 7 at tcp://chimera14:5557
[router] async-send 4 token-expert pairs to expert node 1 at tcp://chimera14:5551
[router] async-send 4 token-expert pairs to expert node 0 at tcp://chimera14:5550
[router] async-send 2 token-expert pairs to expert node 5 at tcp://chimera14:5555
[router] async-send 3 token-expert pairs to expert node 4 at tcp://chimera14:5554
[router] async-send 3 token-expert pairs to expert node 3 at tcp://chimera14:5553
[router] async-send 3 token-expert pairs to expert node 6 at tcp://chimera14:5556
[router] async-send 2 token-expert pairs to expert node 2 at tcp://chimera14:5552
[router] async-recv response from expert node 7 latency_ms=105.2093505859375
[router] async-recv response from expert node 1 latency_ms=94.25544738769531
[router] async-recv response from expert node 0 latency_ms=83.3289623260498
[router] async-recv response from expert node 5 latency_ms=18.154621124267578
[router] async-recv response from expert node 4 latency_ms=62.77132034301758
[router] async-recv response from expert node 3 latency_ms=55.71484565734863
[router] async-recv response from expert node 6 latency_ms=49.69978332519531
[router] async-recv response from expert node 2 latency_ms=5.064487457275391
[router] async-send 6 token-expert pairs to expert node 2 at tcp://chimera14:5552
[router] async-send 2 token-expert pairs to expert node 1 at tcp://chimera14:5551
[router] async-send 3 token-expert pairs to expert node 5 at tcp://chimera14:5555
[router] async-send 2 token-expert pairs to expert node 4 at tcp://chimera14:5554
[router] async-send 8 token-expert pairs to expert node 0 at tcp://chimera14:5550
[router] async-send 2 token-expert pairs to expert node 6 at tcp://chimera14:5556
[router] async-send 3 token-expert pairs to expert node 3 at tcp://chimera14:5553
[router] async-send 6 token-expert pairs to expert node 7 at tcp://chimera14:5557
[router] async-recv response from expert node 2 latency_ms=18.95427703857422
[router] async-recv response from expert node 1 latency_ms=4.845380783081055
[router] async-recv response from expert node 5 latency_ms=6.989479064941406
[router] async-recv response from expert node 4 latency_ms=4.852294921875
[router] async-recv response from expert node 0 latency_ms=15.745401382446289
[router] async-recv response from expert node 6 latency_ms=4.8046112060546875
[router] async-recv response from expert node 3 latency_ms=7.328987121582031
[router] async-recv response from expert node 7 latency_ms=13.291120529174805
[router] async-send 4 token-expert pairs to expert node 3 at tcp://chimera14:5553
[router] async-send 5 token-expert pairs to expert node 4 at tcp://chimera14:5554
[router] async-send 7 token-expert pairs to expert node 7 at tcp://chimera14:5557
[router] async-send 2 token-expert pairs to expert node 5 at tcp://chimera14:5555
[router] async-send 4 token-expert pairs to expert node 2 at tcp://chimera14:5552
[router] async-send 3 token-expert pairs to expert node 0 at tcp://chimera14:5550
[router] async-send 5 token-expert pairs to expert node 1 at tcp://chimera14:5551
[router] async-send 2 token-expert pairs to expert node 6 at tcp://chimera14:5556
[router] async-recv response from expert node 3 latency_ms=8.843660354614258
[router] async-recv response from expert node 4 latency_ms=11.466026306152344
[router] async-recv response from expert node 7 latency_ms=14.336824417114258
[router] async-recv response from expert node 5 latency_ms=4.867076873779297
[router] async-recv response from expert node 2 latency_ms=10.234355926513672
[router] async-recv response from expert node 0 latency_ms=7.779836654663086
[router] async-recv response from expert node 1 latency_ms=10.188579559326172
[router] async-recv response from expert node 6 latency_ms=4.962444305419922
[router] async-send 3 token-expert pairs to expert node 4 at tcp://chimera14:5554
[router] async-send 7 token-expert pairs to expert node 7 at tcp://chimera14:5557
[router] async-send 6 token-expert pairs to expert node 1 at tcp://chimera14:5551
[router] async-send 3 token-expert pairs to expert node 5 at tcp://chimera14:5555
[router] async-send 5 token-expert pairs to expert node 6 at tcp://chimera14:5556
[router] async-send 3 token-expert pairs to expert node 3 at tcp://chimera14:5553
[router] async-send 4 token-expert pairs to expert node 2 at tcp://chimera14:5552
[router] async-send 1 token-expert pairs to expert node 0 at tcp://chimera14:5550
[router] async-recv response from expert node 4 latency_ms=7.142782211303711
[router] async-recv response from expert node 7 latency_ms=13.922452926635742
[router] async-recv response from expert node 1 latency_ms=11.474847793579102
[router] async-recv response from expert node 5 latency_ms=7.484674453735352
[router] async-recv response from expert node 6 latency_ms=11.855840682983398
[router] async-recv response from expert node 3 latency_ms=7.591485977172852
[router] async-recv response from expert node 2 latency_ms=9.188175201416016
[router] async-recv response from expert node 0 latency_ms=2.5641918182373047
[router] async-send 4 token-expert pairs to expert node 3 at tcp://chimera14:5553
[router] async-send 2 token-expert pairs to expert node 1 at tcp://chimera14:5551
[router] async-send 6 token-expert pairs to expert node 0 at tcp://chimera14:5550
[router] async-send 5 token-expert pairs to expert node 7 at tcp://chimera14:5557
[router] async-send 7 token-expert pairs to expert node 4 at tcp://chimera14:5554
[router] async-send 2 token-expert pairs to expert node 2 at tcp://chimera14:5552
[router] async-send 2 token-expert pairs to expert node 6 at tcp://chimera14:5556
[router] async-send 4 token-expert pairs to expert node 5 at tcp://chimera14:5555
[router] async-recv response from expert node 3 latency_ms=8.470773696899414
[router] async-recv response from expert node 1 latency_ms=4.938840866088867
[router] async-recv response from expert node 0 latency_ms=11.301517486572266
[router] async-recv response from expert node 7 latency_ms=9.841442108154297
[router] async-recv response from expert node 4 latency_ms=24.979114532470703
[router] async-recv response from expert node 2 latency_ms=4.96673583984375
[router] async-recv response from expert node 6 latency_ms=5.016803741455078
[router] async-recv response from expert node 5 latency_ms=18.66292953491211
[router] async-send 5 token-expert pairs to expert node 3 at tcp://chimera14:5553
[router] async-send 6 token-expert pairs to expert node 7 at tcp://chimera14:5557
[router] async-send 6 token-expert pairs to expert node 0 at tcp://chimera14:5550
[router] async-send 2 token-expert pairs to expert node 5 at tcp://chimera14:5555
[router] async-send 6 token-expert pairs to expert node 6 at tcp://chimera14:5556
[router] async-send 4 token-expert pairs to expert node 1 at tcp://chimera14:5551
[router] async-send 2 token-expert pairs to expert node 2 at tcp://chimera14:5552
[router] async-send 1 token-expert pairs to expert node 4 at tcp://chimera14:5554
[router] async-recv response from expert node 3 latency_ms=12.057065963745117
[router] async-recv response from expert node 7 latency_ms=13.144493103027344
[router] async-recv response from expert node 0 latency_ms=13.512372970581055
[router] async-recv response from expert node 5 latency_ms=4.858493804931641
[router] async-recv response from expert node 6 latency_ms=14.144182205200195
[router] async-recv response from expert node 1 latency_ms=9.143352508544922
[router] async-recv response from expert node 2 latency_ms=4.886627197265625
[router] async-recv response from expert node 4 latency_ms=2.490520477294922
[router] async-send 5 token-expert pairs to expert node 6 at tcp://chimera14:5556
[router] async-send 8 token-expert pairs to expert node 2 at tcp://chimera14:5552
[router] async-send 1 token-expert pairs to expert node 0 at tcp://chimera14:5550
[router] async-send 5 token-expert pairs to expert node 5 at tcp://chimera14:5555
[router] async-send 2 token-expert pairs to expert node 1 at tcp://chimera14:5551
[router] async-send 4 token-expert pairs to expert node 7 at tcp://chimera14:5557
[router] async-send 5 token-expert pairs to expert node 4 at tcp://chimera14:5554
[router] async-send 2 token-expert pairs to expert node 3 at tcp://chimera14:5553
[router] async-recv response from expert node 6 latency_ms=10.422468185424805
[router] async-recv response from expert node 2 latency_ms=13.237953186035156
[router] async-recv response from expert node 0 latency_ms=2.522706985473633
[router] async-recv response from expert node 5 latency_ms=11.102914810180664
[router] async-recv response from expert node 1 latency_ms=4.853010177612305
[router] async-recv response from expert node 7 latency_ms=9.311199188232422
[router] async-recv response from expert node 4 latency_ms=10.69498062133789
[router] async-recv response from expert node 3 latency_ms=4.919767379760742
[router] async-send 3 token-expert pairs to expert node 2 at tcp://chimera14:5552
[router] async-send 4 token-expert pairs to expert node 5 at tcp://chimera14:5555
[router] async-send 5 token-expert pairs to expert node 0 at tcp://chimera14:5550
[router] async-send 4 token-expert pairs to expert node 1 at tcp://chimera14:5551
[router] async-send 7 token-expert pairs to expert node 4 at tcp://chimera14:5554
[router] async-send 4 token-expert pairs to expert node 7 at tcp://chimera14:5557
[router] async-send 3 token-expert pairs to expert node 6 at tcp://chimera14:5556
[router] async-send 2 token-expert pairs to expert node 3 at tcp://chimera14:5553
[router] async-recv response from expert node 2 latency_ms=7.09986686706543
[router] async-recv response from expert node 5 latency_ms=9.180784225463867
[router] async-recv response from expert node 0 latency_ms=9.820699691772461
[router] async-recv response from expert node 1 latency_ms=7.302999496459961
[router] async-recv response from expert node 4 latency_ms=13.670921325683594
[router] async-recv response from expert node 7 latency_ms=9.225606918334961
[router] async-recv response from expert node 6 latency_ms=6.860971450805664
[router] async-recv response from expert node 3 latency_ms=4.956722259521484
[router] async-send 3 token-expert pairs to expert node 2 at tcp://chimera14:5552
[router] async-send 7 token-expert pairs to expert node 0 at tcp://chimera14:5550
[router] async-send 5 token-expert pairs to expert node 3 at tcp://chimera14:5553
[router] async-send 5 token-expert pairs to expert node 4 at tcp://chimera14:5554
[router] async-send 6 token-expert pairs to expert node 7 at tcp://chimera14:5557
[router] async-send 4 token-expert pairs to expert node 6 at tcp://chimera14:5556
[router] async-send 2 token-expert pairs to expert node 1 at tcp://chimera14:5551
[router] async-recv response from expert node 2 latency_ms=6.942272186279297
[router] async-recv response from expert node 0 latency_ms=11.90495491027832
[router] async-recv response from expert node 3 latency_ms=11.79361343383789
[router] async-recv response from expert node 4 latency_ms=9.476900100708008
[router] async-recv response from expert node 7 latency_ms=13.481855392456055
[router] async-recv response from expert node 6 latency_ms=9.14454460144043
[router] async-recv response from expert node 1 latency_ms=4.812479019165039
[router] async-send 6 token-expert pairs to expert node 1 at tcp://chimera14:5551
[router] async-send 2 token-expert pairs to expert node 5 at tcp://chimera14:5555
[router] async-send 5 token-expert pairs to expert node 2 at tcp://chimera14:5552
[router] async-send 4 token-expert pairs to expert node 7 at tcp://chimera14:5557
[router] async-send 2 token-expert pairs to expert node 0 at tcp://chimera14:5550
[router] async-send 4 token-expert pairs to expert node 4 at tcp://chimera14:5554
[router] async-send 4 token-expert pairs to expert node 3 at tcp://chimera14:5553
[router] async-send 5 token-expert pairs to expert node 6 at tcp://chimera14:5556
[router] async-recv response from expert node 1 latency_ms=13.345956802368164
[router] async-recv response from expert node 5 latency_ms=4.714727401733398
[router] async-recv response from expert node 2 latency_ms=11.854887008666992
[router] async-recv response from expert node 7 latency_ms=9.496688842773438
[router] async-recv response from expert node 0 latency_ms=5.035161972045898
[router] async-recv response from expert node 4 latency_ms=9.175539016723633
[router] async-recv response from expert node 3 latency_ms=9.430885314941406
[router] async-recv response from expert node 6 latency_ms=11.411428451538086
[router] async-send 5 token-expert pairs to expert node 0 at tcp://chimera14:5550
[router] async-send 4 token-expert pairs to expert node 5 at tcp://chimera14:5555
[router] async-send 3 token-expert pairs to expert node 7 at tcp://chimera14:5557
[router] async-send 6 token-expert pairs to expert node 3 at tcp://chimera14:5553
[router] async-send 3 token-expert pairs to expert node 4 at tcp://chimera14:5554
[router] async-send 5 token-expert pairs to expert node 2 at tcp://chimera14:5552
[router] async-send 3 token-expert pairs to expert node 6 at tcp://chimera14:5556
[router] async-send 3 token-expert pairs to expert node 1 at tcp://chimera14:5551
[router] async-recv response from expert node 0 latency_ms=11.183738708496094
[router] async-recv response from expert node 5 latency_ms=9.04226303100586
[router] async-recv response from expert node 7 latency_ms=7.016897201538086
[router] async-recv response from expert node 3 latency_ms=14.679908752441406
[router] async-recv response from expert node 4 latency_ms=7.4520111083984375
[router] async-recv response from expert node 2 latency_ms=11.865615844726562
[router] async-recv response from expert node 6 latency_ms=6.915807723999023
[router] async-recv response from expert node 1 latency_ms=7.264375686645508
[router] async-send 3 token-expert pairs to expert node 7 at tcp://chimera14:5557
[router] async-send 7 token-expert pairs to expert node 4 at tcp://chimera14:5554
[router] async-send 2 token-expert pairs to expert node 6 at tcp://chimera14:5556
[router] async-send 7 token-expert pairs to expert node 1 at tcp://chimera14:5551
[router] async-send 4 token-expert pairs to expert node 5 at tcp://chimera14:5555
[router] async-send 3 token-expert pairs to expert node 2 at tcp://chimera14:5552
[router] async-send 4 token-expert pairs to expert node 3 at tcp://chimera14:5553
[router] async-send 2 token-expert pairs to expert node 0 at tcp://chimera14:5550
[router] async-recv response from expert node 7 latency_ms=6.391048431396484
[router] async-recv response from expert node 4 latency_ms=14.911413192749023
[router] async-recv response from expert node 6 latency_ms=4.722356796264648
[router] async-recv response from expert node 1 latency_ms=13.076305389404297
[router] async-recv response from expert node 5 latency_ms=9.111404418945312
[router] async-recv response from expert node 2 latency_ms=7.090330123901367
[router] async-recv response from expert node 3 latency_ms=9.366989135742188
[router] async-recv response from expert node 0 latency_ms=4.752397537231445
[router] async-send 4 token-expert pairs to expert node 7 at tcp://chimera14:5557
[router] async-send 6 token-expert pairs to expert node 6 at tcp://chimera14:5556
[router] async-send 3 token-expert pairs to expert node 0 at tcp://chimera14:5550
[router] async-send 5 token-expert pairs to expert node 2 at tcp://chimera14:5552
[router] async-send 6 token-expert pairs to expert node 1 at tcp://chimera14:5551
[router] async-send 3 token-expert pairs to expert node 4 at tcp://chimera14:5554
[router] async-send 2 token-expert pairs to expert node 5 at tcp://chimera14:5555
[router] async-send 3 token-expert pairs to expert node 3 at tcp://chimera14:5553
[router] async-recv response from expert node 7 latency_ms=8.719682693481445
[router] async-recv response from expert node 6 latency_ms=12.936115264892578
[router] async-recv response from expert node 0 latency_ms=6.734132766723633
[router] async-recv response from expert node 2 latency_ms=10.461091995239258
[router] async-recv response from expert node 1 latency_ms=13.762235641479492
[router] async-recv response from expert node 4 latency_ms=7.090568542480469
[router] async-recv response from expert node 5 latency_ms=4.734516143798828
[router] async-recv response from expert node 3 latency_ms=6.785392761230469
[router] async-send 4 token-expert pairs to expert node 0 at tcp://chimera14:5550
[router] async-send 7 token-expert pairs to expert node 1 at tcp://chimera14:5551
[router] async-send 6 token-expert pairs to expert node 6 at tcp://chimera14:5556
[router] async-send 3 token-expert pairs to expert node 4 at tcp://chimera14:5554
[router] async-send 4 token-expert pairs to expert node 5 at tcp://chimera14:5555
[router] async-send 3 token-expert pairs to expert node 3 at tcp://chimera14:5553
[router] async-send 3 token-expert pairs to expert node 2 at tcp://chimera14:5552
[router] async-send 2 token-expert pairs to expert node 7 at tcp://chimera14:5557
[router] async-recv response from expert node 0 latency_ms=9.048938751220703
[router] async-recv response from expert node 1 latency_ms=12.447834014892578
[router] async-recv response from expert node 6 latency_ms=13.22627067565918
[router] async-recv response from expert node 4 latency_ms=7.229804992675781
[router] async-recv response from expert node 5 latency_ms=9.47713851928711
[router] async-recv response from expert node 3 latency_ms=7.396936416625977
[router] async-recv response from expert node 2 latency_ms=4.823923110961914
[router] async-recv response from expert node 7 latency_ms=4.936456680297852
[router] async-send 6 token-expert pairs to expert node 7 at tcp://chimera14:5557
[router] async-send 6 token-expert pairs to expert node 1 at tcp://chimera14:5551
[router] async-send 6 token-expert pairs to expert node 5 at tcp://chimera14:5555
[router] async-send 4 token-expert pairs to expert node 2 at tcp://chimera14:5552
[router] async-send 3 token-expert pairs to expert node 4 at tcp://chimera14:5554
[router] async-send 3 token-expert pairs to expert node 6 at tcp://chimera14:5556
[router] async-send 4 token-expert pairs to expert node 3 at tcp://chimera14:5553
[router] async-recv response from expert node 7 latency_ms=13.137340545654297
[router] async-recv response from expert node 1 latency_ms=12.499332427978516
[router] async-recv response from expert node 5 latency_ms=13.641119003295898
[router] async-recv response from expert node 2 latency_ms=7.838964462280273
[router] async-recv response from expert node 4 latency_ms=7.304906845092773
[router] async-recv response from expert node 6 latency_ms=6.820917129516602
[router] async-recv response from expert node 3 latency_ms=7.4024200439453125
[router] async-send 4 token-expert pairs to expert node 1 at tcp://chimera14:5551
[router] async-send 5 token-expert pairs to expert node 7 at tcp://chimera14:5557
[router] async-send 5 token-expert pairs to expert node 3 at tcp://chimera14:5553
[router] async-send 6 token-expert pairs to expert node 6 at tcp://chimera14:5556
[router] async-send 3 token-expert pairs to expert node 5 at tcp://chimera14:5555
[router] async-send 4 token-expert pairs to expert node 0 at tcp://chimera14:5550
[router] async-send 2 token-expert pairs to expert node 2 at tcp://chimera14:5552
[router] async-send 3 token-expert pairs to expert node 4 at tcp://chimera14:5554
[router] async-recv response from expert node 1 latency_ms=8.781671524047852
[router] async-recv response from expert node 7 latency_ms=11.79957389831543
[router] async-recv response from expert node 3 latency_ms=9.677410125732422
[router] async-recv response from expert node 6 latency_ms=11.450052261352539
[router] async-recv response from expert node 5 latency_ms=6.863832473754883
[router] async-recv response from expert node 0 latency_ms=9.225130081176758
[router] async-recv response from expert node 2 latency_ms=4.87518310546875
[router] async-recv response from expert node 4 latency_ms=6.997823715209961
[router] async-send 13 token-expert pairs to expert node 7 at tcp://chimera14:5557
[router] async-send 5 token-expert pairs to expert node 1 at tcp://chimera14:5551
[router] async-send 5 token-expert pairs to expert node 0 at tcp://chimera14:5550
[router] async-send 2 token-expert pairs to expert node 5 at tcp://chimera14:5555
[router] async-send 4 token-expert pairs to expert node 4 at tcp://chimera14:5554
[router] async-send 5 token-expert pairs to expert node 3 at tcp://chimera14:5553
[router] async-send 3 token-expert pairs to expert node 6 at tcp://chimera14:5556
[router] async-send 3 token-expert pairs to expert node 2 at tcp://chimera14:5552
[router] async-recv response from expert node 7 latency_ms=22.975921630859375
[router] async-recv response from expert node 1 latency_ms=11.059045791625977
[router] async-recv response from expert node 0 latency_ms=7.532835006713867
[router] async-recv response from expert node 5 latency_ms=5.021333694458008
[router] async-recv response from expert node 4 latency_ms=7.419347763061523
[router] async-recv response from expert node 3 latency_ms=11.210203170776367
[router] async-recv response from expert node 6 latency_ms=6.828069686889648
[router] async-recv response from expert node 2 latency_ms=6.695032119750977
[router] async-send 8 token-expert pairs to expert node 2 at tcp://chimera14:5552
[router] async-send 2 token-expert pairs to expert node 1 at tcp://chimera14:5551
[router] async-send 3 token-expert pairs to expert node 5 at tcp://chimera14:5555
[router] async-send 2 token-expert pairs to expert node 4 at tcp://chimera14:5554
[router] async-send 9 token-expert pairs to expert node 0 at tcp://chimera14:5550
[router] async-send 2 token-expert pairs to expert node 6 at tcp://chimera14:5556
[router] async-send 6 token-expert pairs to expert node 3 at tcp://chimera14:5553
[router] async-send 8 token-expert pairs to expert node 7 at tcp://chimera14:5557
[router] async-recv response from expert node 2 latency_ms=14.403104782104492
[router] async-recv response from expert node 1 latency_ms=4.910707473754883
[router] async-recv response from expert node 5 latency_ms=7.166624069213867
[router] async-recv response from expert node 4 latency_ms=4.899024963378906
[router] async-recv response from expert node 0 latency_ms=17.27771759033203
[router] async-recv response from expert node 6 latency_ms=4.85992431640625
[router] async-recv response from expert node 3 latency_ms=13.60630989074707
[router] async-recv response from expert node 7 latency_ms=15.785455703735352
[router] async-send 6 token-expert pairs to expert node 3 at tcp://chimera14:5553
[router] async-send 5 token-expert pairs to expert node 4 at tcp://chimera14:5554
[router] async-send 9 token-expert pairs to expert node 7 at tcp://chimera14:5557
[router] async-send 2 token-expert pairs to expert node 5 at tcp://chimera14:5555
[router] async-send 5 token-expert pairs to expert node 2 at tcp://chimera14:5552
[router] async-send 3 token-expert pairs to expert node 0 at tcp://chimera14:5550
[router] async-send 7 token-expert pairs to expert node 1 at tcp://chimera14:5551
[router] async-send 3 token-expert pairs to expert node 6 at tcp://chimera14:5556
[router] async-recv response from expert node 3 latency_ms=13.091802597045898
[router] async-recv response from expert node 4 latency_ms=11.829614639282227
[router] async-recv response from expert node 7 latency_ms=16.811609268188477
[router] async-recv response from expert node 5 latency_ms=4.868030548095703
[router] async-recv response from expert node 2 latency_ms=9.649515151977539
[router] async-recv response from expert node 0 latency_ms=6.807565689086914
[router] async-recv response from expert node 1 latency_ms=12.034893035888672
[router] async-recv response from expert node 6 latency_ms=6.941795349121094
[router] async-send 3 token-expert pairs to expert node 4 at tcp://chimera14:5554
[router] async-send 9 token-expert pairs to expert node 7 at tcp://chimera14:5557
[router] async-send 9 token-expert pairs to expert node 1 at tcp://chimera14:5551
[router] async-send 3 token-expert pairs to expert node 5 at tcp://chimera14:5555
[router] async-send 7 token-expert pairs to expert node 6 at tcp://chimera14:5556
[router] async-send 3 token-expert pairs to expert node 3 at tcp://chimera14:5553
[router] async-send 5 token-expert pairs to expert node 2 at tcp://chimera14:5552
[router] async-send 1 token-expert pairs to expert node 0 at tcp://chimera14:5550
[router] async-recv response from expert node 4 latency_ms=6.954431533813477
[router] async-recv response from expert node 7 latency_ms=16.109228134155273
[router] async-recv response from expert node 1 latency_ms=14.826536178588867
[router] async-recv response from expert node 5 latency_ms=7.234811782836914
[router] async-recv response from expert node 6 latency_ms=14.081716537475586
[router] async-recv response from expert node 3 latency_ms=7.776737213134766
[router] async-recv response from expert node 2 latency_ms=10.869979858398438
[router] async-recv response from expert node 0 latency_ms=2.5925636291503906
[router] async-send 4 token-expert pairs to expert node 3 at tcp://chimera14:5553
[router] async-send 2 token-expert pairs to expert node 1 at tcp://chimera14:5551
[router] async-send 7 token-expert pairs to expert node 0 at tcp://chimera14:5550
[router] async-send 7 token-expert pairs to expert node 7 at tcp://chimera14:5557
[router] async-send 8 token-expert pairs to expert node 4 at tcp://chimera14:5554
[router] async-send 3 token-expert pairs to expert node 2 at tcp://chimera14:5552
[router] async-send 3 token-expert pairs to expert node 6 at tcp://chimera14:5556
[router] async-send 6 token-expert pairs to expert node 5 at tcp://chimera14:5555
[router] async-recv response from expert node 3 latency_ms=7.329225540161133
[router] async-recv response from expert node 1 latency_ms=4.868507385253906
[router] async-recv response from expert node 0 latency_ms=11.193275451660156
[router] async-recv response from expert node 7 latency_ms=12.000322341918945
[router] async-recv response from expert node 4 latency_ms=15.569925308227539
[router] async-recv response from expert node 2 latency_ms=6.90007209777832
[router] async-recv response from expert node 6 latency_ms=4.707813262939453
[router] async-recv response from expert node 5 latency_ms=9.719610214233398
[router] async-send 7 token-expert pairs to expert node 3 at tcp://chimera14:5553
[router] async-send 7 token-expert pairs to expert node 7 at tcp://chimera14:5557
[router] async-send 6 token-expert pairs to expert node 0 at tcp://chimera14:5550
[router] async-send 2 token-expert pairs to expert node 5 at tcp://chimera14:5555
[router] async-send 8 token-expert pairs to expert node 6 at tcp://chimera14:5556
[router] async-send 5 token-expert pairs to expert node 1 at tcp://chimera14:5551
[router] async-send 4 token-expert pairs to expert node 2 at tcp://chimera14:5552
[router] async-send 1 token-expert pairs to expert node 4 at tcp://chimera14:5554
[router] async-recv response from expert node 3 latency_ms=13.986587524414062
[router] async-recv response from expert node 7 latency_ms=14.050722122192383
[router] async-recv response from expert node 0 latency_ms=13.319015502929688
[router] async-recv response from expert node 5 latency_ms=4.977941513061523
[router] async-recv response from expert node 6 latency_ms=14.252424240112305
[router] async-recv response from expert node 1 latency_ms=9.69076156616211
[router] async-recv response from expert node 2 latency_ms=8.420705795288086
[router] async-recv response from expert node 4 latency_ms=2.535104751586914
[router] async-send 6 token-expert pairs to expert node 6 at tcp://chimera14:5556
[router] async-send 9 token-expert pairs to expert node 2 at tcp://chimera14:5552
[router] async-send 2 token-expert pairs to expert node 0 at tcp://chimera14:5550
[router] async-send 6 token-expert pairs to expert node 5 at tcp://chimera14:5555
[router] async-send 2 token-expert pairs to expert node 1 at tcp://chimera14:5551
[router] async-send 6 token-expert pairs to expert node 7 at tcp://chimera14:5557
[router] async-send 7 token-expert pairs to expert node 4 at tcp://chimera14:5554
[router] async-send 2 token-expert pairs to expert node 3 at tcp://chimera14:5553
[router] async-recv response from expert node 6 latency_ms=10.193347930908203
[router] async-recv response from expert node 2 latency_ms=13.889074325561523
[router] async-recv response from expert node 0 latency_ms=4.33802604675293
[router] async-recv response from expert node 5 latency_ms=11.031150817871094
[router] async-recv response from expert node 1 latency_ms=4.787206649780273
[router] async-recv response from expert node 7 latency_ms=11.568307876586914
[router] async-recv response from expert node 4 latency_ms=11.497974395751953
[router] async-recv response from expert node 3 latency_ms=5.085945129394531
[router] async-send 4 token-expert pairs to expert node 2 at tcp://chimera14:5552
[router] async-send 5 token-expert pairs to expert node 5 at tcp://chimera14:5555
[router] async-send 6 token-expert pairs to expert node 0 at tcp://chimera14:5550
[router] async-send 5 token-expert pairs to expert node 1 at tcp://chimera14:5551
[router] async-send 9 token-expert pairs to expert node 4 at tcp://chimera14:5554
[router] async-send 5 token-expert pairs to expert node 7 at tcp://chimera14:5557
[router] async-send 4 token-expert pairs to expert node 6 at tcp://chimera14:5556
[router] async-send 2 token-expert pairs to expert node 3 at tcp://chimera14:5553
[router] async-recv response from expert node 2 latency_ms=8.475065231323242
[router] async-recv response from expert node 5 latency_ms=9.531497955322266
[router] async-recv response from expert node 0 latency_ms=10.441303253173828
[router] async-recv response from expert node 1 latency_ms=7.696866989135742
[router] async-recv response from expert node 4 latency_ms=16.783714294433594
[router] async-recv response from expert node 7 latency_ms=11.279106140136719
[router] async-recv response from expert node 6 latency_ms=8.748531341552734
[router] async-recv response from expert node 3 latency_ms=4.9762725830078125
[router] async-send 4 token-expert pairs to expert node 2 at tcp://chimera14:5552
[router] async-send 8 token-expert pairs to expert node 0 at tcp://chimera14:5550
[router] async-send 7 token-expert pairs to expert node 3 at tcp://chimera14:5553
[router] async-send 7 token-expert pairs to expert node 4 at tcp://chimera14:5554
[router] async-send 7 token-expert pairs to expert node 7 at tcp://chimera14:5557
[router] async-send 4 token-expert pairs to expert node 6 at tcp://chimera14:5556
[router] async-send 3 token-expert pairs to expert node 1 at tcp://chimera14:5551
[router] async-recv response from expert node 2 latency_ms=7.552623748779297
[router] async-recv response from expert node 0 latency_ms=12.767314910888672
[router] async-recv response from expert node 3 latency_ms=14.154195785522461
[router] async-recv response from expert node 4 latency_ms=12.272357940673828
[router] async-recv response from expert node 7 latency_ms=14.270544052124023
[router] async-recv response from expert node 6 latency_ms=9.274721145629883
[router] async-recv response from expert node 1 latency_ms=7.050037384033203
[router] async-send 9 token-expert pairs to expert node 1 at tcp://chimera14:5551
[router] async-send 3 token-expert pairs to expert node 5 at tcp://chimera14:5555
[router] async-send 7 token-expert pairs to expert node 2 at tcp://chimera14:5552
[router] async-send 4 token-expert pairs to expert node 7 at tcp://chimera14:5557
[router] async-send 2 token-expert pairs to expert node 0 at tcp://chimera14:5550
[router] async-send 4 token-expert pairs to expert node 4 at tcp://chimera14:5554
[router] async-send 4 token-expert pairs to expert node 3 at tcp://chimera14:5553
[router] async-send 7 token-expert pairs to expert node 6 at tcp://chimera14:5556
[router] async-recv response from expert node 1 latency_ms=16.537189483642578
[router] async-recv response from expert node 5 latency_ms=4.733085632324219
[router] async-recv response from expert node 2 latency_ms=15.419960021972656
[router] async-recv response from expert node 7 latency_ms=9.346723556518555
[router] async-recv response from expert node 0 latency_ms=4.994392395019531
[router] async-recv response from expert node 4 latency_ms=9.156227111816406
[router] async-recv response from expert node 3 latency_ms=9.328842163085938
[router] async-recv response from expert node 6 latency_ms=13.531684875488281
[router] async-send 7 token-expert pairs to expert node 0 at tcp://chimera14:5550
[router] async-send 5 token-expert pairs to expert node 5 at tcp://chimera14:5555
[router] async-send 5 token-expert pairs to expert node 7 at tcp://chimera14:5557
[router] async-send 7 token-expert pairs to expert node 3 at tcp://chimera14:5553
[router] async-send 4 token-expert pairs to expert node 4 at tcp://chimera14:5554
[router] async-send 5 token-expert pairs to expert node 2 at tcp://chimera14:5552
[router] async-send 4 token-expert pairs to expert node 6 at tcp://chimera14:5556
[router] async-send 3 token-expert pairs to expert node 1 at tcp://chimera14:5551
[router] async-recv response from expert node 0 latency_ms=11.66844367980957
[router] async-recv response from expert node 5 latency_ms=10.961771011352539
[router] async-recv response from expert node 7 latency_ms=9.456157684326172
[router] async-recv response from expert node 3 latency_ms=15.129566192626953
[router] async-recv response from expert node 4 latency_ms=9.359359741210938
[router] async-recv response from expert node 2 latency_ms=11.758804321289062
[router] async-recv response from expert node 6 latency_ms=7.4558258056640625
[router] async-recv response from expert node 1 latency_ms=7.266521453857422
[router] async-send 4 token-expert pairs to expert node 7 at tcp://chimera14:5557
[router] async-send 9 token-expert pairs to expert node 4 at tcp://chimera14:5554
[router] async-send 4 token-expert pairs to expert node 6 at tcp://chimera14:5556
[router] async-send 7 token-expert pairs to expert node 1 at tcp://chimera14:5551
[router] async-send 4 token-expert pairs to expert node 5 at tcp://chimera14:5555
[router] async-send 4 token-expert pairs to expert node 2 at tcp://chimera14:5552
[router] async-send 5 token-expert pairs to expert node 3 at tcp://chimera14:5553
[router] async-send 3 token-expert pairs to expert node 0 at tcp://chimera14:5550
[router] async-recv response from expert node 7 latency_ms=7.424116134643555
[router] async-recv response from expert node 4 latency_ms=17.045974731445312
[router] async-recv response from expert node 6 latency_ms=8.931159973144531
[router] async-recv response from expert node 1 latency_ms=12.915849685668945
[router] async-recv response from expert node 5 latency_ms=9.55653190612793
[router] async-recv response from expert node 2 latency_ms=9.517908096313477
[router] async-recv response from expert node 3 latency_ms=11.899471282958984
[router] async-recv response from expert node 0 latency_ms=6.8035125732421875
[router] async-send 6 token-expert pairs to expert node 7 at tcp://chimera14:5557
[router] async-send 7 token-expert pairs to expert node 6 at tcp://chimera14:5556
[router] async-send 4 token-expert pairs to expert node 0 at tcp://chimera14:5550
[router] async-send 5 token-expert pairs to expert node 2 at tcp://chimera14:5552
[router] async-send 8 token-expert pairs to expert node 1 at tcp://chimera14:5551
[router] async-send 4 token-expert pairs to expert node 4 at tcp://chimera14:5554
[router] async-send 2 token-expert pairs to expert node 5 at tcp://chimera14:5555
[router] async-send 4 token-expert pairs to expert node 3 at tcp://chimera14:5553
[router] async-recv response from expert node 7 latency_ms=11.896610260009766
[router] async-recv response from expert node 6 latency_ms=14.269590377807617
[router] async-recv response from expert node 0 latency_ms=7.500886917114258
[router] async-recv response from expert node 2 latency_ms=9.830713272094727
[router] async-recv response from expert node 1 latency_ms=17.766952514648438
[router] async-recv response from expert node 4 latency_ms=9.363174438476562
[router] async-recv response from expert node 5 latency_ms=4.960060119628906
[router] async-recv response from expert node 3 latency_ms=9.322404861450195
[router] async-send 6 token-expert pairs to expert node 0 at tcp://chimera14:5550
[router] async-send 9 token-expert pairs to expert node 1 at tcp://chimera14:5551
[router] async-send 8 token-expert pairs to expert node 6 at tcp://chimera14:5556
[router] async-send 3 token-expert pairs to expert node 4 at tcp://chimera14:5554
[router] async-send 5 token-expert pairs to expert node 5 at tcp://chimera14:5555
[router] async-send 3 token-expert pairs to expert node 3 at tcp://chimera14:5553
[router] async-send 3 token-expert pairs to expert node 2 at tcp://chimera14:5552
[router] async-send 3 token-expert pairs to expert node 7 at tcp://chimera14:5557
[router] async-recv response from expert node 0 latency_ms=11.780738830566406
[router] async-recv response from expert node 1 latency_ms=14.289617538452148
[router] async-recv response from expert node 6 latency_ms=15.781164169311523
[router] async-recv response from expert node 4 latency_ms=7.185935974121094
[router] async-recv response from expert node 5 latency_ms=11.750459671020508
[router] async-recv response from expert node 3 latency_ms=7.721185684204102
[router] async-recv response from expert node 2 latency_ms=5.081892013549805
[router] async-recv response from expert node 7 latency_ms=7.108926773071289
[router] async-send 7 token-expert pairs to expert node 7 at tcp://chimera14:5557
[router] async-send 9 token-expert pairs to expert node 1 at tcp://chimera14:5551
[router] async-send 8 token-expert pairs to expert node 5 at tcp://chimera14:5555
[router] async-send 4 token-expert pairs to expert node 2 at tcp://chimera14:5552
[router] async-send 3 token-expert pairs to expert node 4 at tcp://chimera14:5554
[router] async-send 3 token-expert pairs to expert node 6 at tcp://chimera14:5556
[router] async-send 6 token-expert pairs to expert node 3 at tcp://chimera14:5553
[router] async-recv response from expert node 7 latency_ms=13.85045051574707
[router] async-recv response from expert node 1 latency_ms=13.702630996704102
[router] async-recv response from expert node 5 latency_ms=16.28589630126953
[router] async-recv response from expert node 2 latency_ms=7.396697998046875
[router] async-recv response from expert node 4 latency_ms=7.367610931396484
[router] async-recv response from expert node 6 latency_ms=6.918191909790039
[router] async-recv response from expert node 3 latency_ms=11.338949203491211
[router] async-send 5 token-expert pairs to expert node 1 at tcp://chimera14:5551
[router] async-send 7 token-expert pairs to expert node 7 at tcp://chimera14:5557
[router] async-send 6 token-expert pairs to expert node 3 at tcp://chimera14:5553
[router] async-send 8 token-expert pairs to expert node 6 at tcp://chimera14:5556
[router] async-send 3 token-expert pairs to expert node 5 at tcp://chimera14:5555
[router] async-send 6 token-expert pairs to expert node 0 at tcp://chimera14:5550
[router] async-send 2 token-expert pairs to expert node 2 at tcp://chimera14:5552
[router] async-send 3 token-expert pairs to expert node 4 at tcp://chimera14:5554
[router] async-recv response from expert node 1 latency_ms=11.011600494384766
[router] async-recv response from expert node 7 latency_ms=15.94090461730957
[router] async-recv response from expert node 3 latency_ms=12.435197830200195
[router] async-recv response from expert node 6 latency_ms=12.325286865234375
[router] async-recv response from expert node 5 latency_ms=6.9942474365234375
[router] async-recv response from expert node 0 latency_ms=13.871431350708008
[router] async-recv response from expert node 2 latency_ms=4.930257797241211
[router] async-recv response from expert node 4 latency_ms=7.080793380737305
[router] async-send 14 token-expert pairs to expert node 7 at tcp://chimera14:5557
[router] async-send 7 token-expert pairs to expert node 1 at tcp://chimera14:5551
[router] async-send 6 token-expert pairs to expert node 0 at tcp://chimera14:5550
[router] async-send 2 token-expert pairs to expert node 5 at tcp://chimera14:5555
[router] async-send 4 token-expert pairs to expert node 4 at tcp://chimera14:5554
[router] async-send 6 token-expert pairs to expert node 3 at tcp://chimera14:5553
[router] async-send 5 token-expert pairs to expert node 6 at tcp://chimera14:5556
[router] async-send 4 token-expert pairs to expert node 2 at tcp://chimera14:5552
[router] async-recv response from expert node 7 latency_ms=23.68450164794922
[router] async-recv response from expert node 1 latency_ms=13.618707656860352
[router] async-recv response from expert node 0 latency_ms=9.154558181762695
[router] async-recv response from expert node 5 latency_ms=4.812955856323242
[router] async-recv response from expert node 4 latency_ms=7.128238677978516
[router] async-recv response from expert node 3 latency_ms=11.772394180297852
[router] async-recv response from expert node 6 latency_ms=10.217905044555664
[router] async-recv response from expert node 2 latency_ms=7.410526275634766
[router] async-send 9 token-expert pairs to expert node 2 at tcp://chimera14:5552
[router] async-send 3 token-expert pairs to expert node 1 at tcp://chimera14:5551
[router] async-send 4 token-expert pairs to expert node 5 at tcp://chimera14:5555
[router] async-send 2 token-expert pairs to expert node 4 at tcp://chimera14:5554
[router] async-send 10 token-expert pairs to expert node 0 at tcp://chimera14:5550
[router] async-send 2 token-expert pairs to expert node 6 at tcp://chimera14:5556
[router] async-send 9 token-expert pairs to expert node 3 at tcp://chimera14:5553
[router] async-send 9 token-expert pairs to expert node 7 at tcp://chimera14:5557
[router] async-recv response from expert node 2 latency_ms=14.420270919799805
[router] async-recv response from expert node 1 latency_ms=6.814002990722656
[router] async-recv response from expert node 5 latency_ms=9.540081024169922
[router] async-recv response from expert node 4 latency_ms=4.978656768798828
[router] async-recv response from expert node 0 latency_ms=17.320632934570312
[router] async-recv response from expert node 6 latency_ms=4.860639572143555
[router] async-recv response from expert node 3 latency_ms=16.573667526245117
[router] async-recv response from expert node 7 latency_ms=16.869544982910156
[router] async-send 8 token-expert pairs to expert node 3 at tcp://chimera14:5553
[router] async-send 5 token-expert pairs to expert node 4 at tcp://chimera14:5554
[router] async-send 11 token-expert pairs to expert node 7 at tcp://chimera14:5557
[router] async-send 2 token-expert pairs to expert node 5 at tcp://chimera14:5555
[router] async-send 5 token-expert pairs to expert node 2 at tcp://chimera14:5552
[router] async-send 4 token-expert pairs to expert node 0 at tcp://chimera14:5550
[router] async-send 9 token-expert pairs to expert node 1 at tcp://chimera14:5551
[router] async-send 4 token-expert pairs to expert node 6 at tcp://chimera14:5556
[router] async-recv response from expert node 3 latency_ms=14.246940612792969
[router] async-recv response from expert node 4 latency_ms=12.15982437133789
[router] async-recv response from expert node 7 latency_ms=18.83721351623535
[router] async-recv response from expert node 5 latency_ms=5.080699920654297
[router] async-recv response from expert node 2 latency_ms=9.911537170410156
[router] async-recv response from expert node 0 latency_ms=7.536888122558594
[router] async-recv response from expert node 1 latency_ms=13.396263122558594
[router] async-recv response from expert node 6 latency_ms=7.377386093139648
[router] async-send 4 token-expert pairs to expert node 4 at tcp://chimera14:5554
[router] async-send 10 token-expert pairs to expert node 7 at tcp://chimera14:5557
[router] async-send 12 token-expert pairs to expert node 1 at tcp://chimera14:5551
[router] async-send 3 token-expert pairs to expert node 5 at tcp://chimera14:5555
[router] async-send 9 token-expert pairs to expert node 6 at tcp://chimera14:5556
[router] async-send 3 token-expert pairs to expert node 3 at tcp://chimera14:5553
[router] async-send 6 token-expert pairs to expert node 2 at tcp://chimera14:5552
[router] async-send 1 token-expert pairs to expert node 0 at tcp://chimera14:5550
[router] async-recv response from expert node 4 latency_ms=9.004592895507812
[router] async-recv response from expert node 7 latency_ms=15.470504760742188
[router] async-recv response from expert node 1 latency_ms=17.683982849121094
[router] async-recv response from expert node 5 latency_ms=7.224559783935547
[router] async-recv response from expert node 6 latency_ms=16.473054885864258
[router] async-recv response from expert node 3 latency_ms=7.673501968383789
[router] async-recv response from expert node 2 latency_ms=12.945890426635742
[router] async-recv response from expert node 0 latency_ms=2.6471614837646484
[router] async-send 5 token-expert pairs to expert node 3 at tcp://chimera14:5553
[router] async-send 2 token-expert pairs to expert node 1 at tcp://chimera14:5551
[router] async-send 8 token-expert pairs to expert node 0 at tcp://chimera14:5550
[router] async-send 9 token-expert pairs to expert node 7 at tcp://chimera14:5557
[router] async-send 9 token-expert pairs to expert node 4 at tcp://chimera14:5554
[router] async-send 3 token-expert pairs to expert node 2 at tcp://chimera14:5552
[router] async-send 4 token-expert pairs to expert node 6 at tcp://chimera14:5556
[router] async-send 8 token-expert pairs to expert node 5 at tcp://chimera14:5555
[router] async-recv response from expert node 3 latency_ms=7.472515106201172
[router] async-recv response from expert node 1 latency_ms=4.786014556884766
[router] async-recv response from expert node 0 latency_ms=12.44807243347168
[router] async-recv response from expert node 7 latency_ms=13.157844543457031
[router] async-recv response from expert node 4 latency_ms=15.714168548583984
[router] async-recv response from expert node 2 latency_ms=6.72602653503418
[router] async-recv response from expert node 6 latency_ms=7.141351699829102
[router] async-recv response from expert node 5 latency_ms=10.161876678466797
[router] async-send 9 token-expert pairs to expert node 3 at tcp://chimera14:5553
[router] async-send 8 token-expert pairs to expert node 7 at tcp://chimera14:5557
[router] async-send 6 token-expert pairs to expert node 0 at tcp://chimera14:5550
[router] async-send 2 token-expert pairs to expert node 5 at tcp://chimera14:5555
[router] async-send 10 token-expert pairs to expert node 6 at tcp://chimera14:5556
[router] async-send 6 token-expert pairs to expert node 1 at tcp://chimera14:5551
[router] async-send 6 token-expert pairs to expert node 2 at tcp://chimera14:5552
[router] async-send 1 token-expert pairs to expert node 4 at tcp://chimera14:5554
[router] async-recv response from expert node 3 latency_ms=14.759540557861328
[router] async-recv response from expert node 7 latency_ms=13.957738876342773
[router] async-recv response from expert node 0 latency_ms=13.181924819946289
[router] async-recv response from expert node 5 latency_ms=4.860877990722656
[router] async-recv response from expert node 6 latency_ms=15.3656005859375
[router] async-recv response from expert node 1 latency_ms=10.094642639160156
[router] async-recv response from expert node 2 latency_ms=11.542081832885742
[router] async-recv response from expert node 4 latency_ms=2.607107162475586
[router] async-send 7 token-expert pairs to expert node 6 at tcp://chimera14:5556
[router] async-send 11 token-expert pairs to expert node 2 at tcp://chimera14:5552
[router] async-send 2 token-expert pairs to expert node 0 at tcp://chimera14:5550
[router] async-send 7 token-expert pairs to expert node 5 at tcp://chimera14:5555
[router] async-send 2 token-expert pairs to expert node 1 at tcp://chimera14:5551
[router] async-send 8 token-expert pairs to expert node 7 at tcp://chimera14:5557
[router] async-send 9 token-expert pairs to expert node 4 at tcp://chimera14:5554
[router] async-send 2 token-expert pairs to expert node 3 at tcp://chimera14:5553
[router] async-recv response from expert node 6 latency_ms=11.857271194458008
[router] async-recv response from expert node 2 latency_ms=17.17352867126465
[router] async-recv response from expert node 0 latency_ms=4.462718963623047
[router] async-recv response from expert node 5 latency_ms=11.543750762939453
[router] async-recv response from expert node 1 latency_ms=4.901647567749023
[router] async-recv response from expert node 7 latency_ms=12.733221054077148
[router] async-recv response from expert node 4 latency_ms=12.820005416870117
[router] async-recv response from expert node 3 latency_ms=4.935741424560547
[router] async-send 5 token-expert pairs to expert node 2 at tcp://chimera14:5552
[router] async-send 6 token-expert pairs to expert node 5 at tcp://chimera14:5555
[router] async-send 7 token-expert pairs to expert node 0 at tcp://chimera14:5550
[router] async-send 6 token-expert pairs to expert node 1 at tcp://chimera14:5551
[router] async-send 12 token-expert pairs to expert node 4 at tcp://chimera14:5554
[router] async-send 5 token-expert pairs to expert node 7 at tcp://chimera14:5557
[router] async-send 5 token-expert pairs to expert node 6 at tcp://chimera14:5556
[router] async-send 2 token-expert pairs to expert node 3 at tcp://chimera14:5553
[router] async-recv response from expert node 2 latency_ms=9.10496711730957
[router] async-recv response from expert node 5 latency_ms=10.267972946166992
[router] async-recv response from expert node 0 latency_ms=10.931253433227539
[router] async-recv response from expert node 1 latency_ms=8.321046829223633
[router] async-recv response from expert node 4 latency_ms=18.848896026611328
[router] async-recv response from expert node 7 latency_ms=11.256694793701172
[router] async-recv response from expert node 6 latency_ms=9.361743927001953
[router] async-recv response from expert node 3 latency_ms=5.229711532592773
[router] async-send 5 token-expert pairs to expert node 2 at tcp://chimera14:5552
[router] async-send 10 token-expert pairs to expert node 0 at tcp://chimera14:5550
[router] async-send 8 token-expert pairs to expert node 3 at tcp://chimera14:5553
[router] async-send 9 token-expert pairs to expert node 4 at tcp://chimera14:5554
[router] async-send 9 token-expert pairs to expert node 7 at tcp://chimera14:5557
[router] async-send 4 token-expert pairs to expert node 6 at tcp://chimera14:5556
[router] async-send 3 token-expert pairs to expert node 1 at tcp://chimera14:5551
[router] async-recv response from expert node 2 latency_ms=8.011579513549805
[router] async-recv response from expert node 0 latency_ms=13.888835906982422
[router] async-recv response from expert node 3 latency_ms=14.725923538208008
[router] async-recv response from expert node 4 latency_ms=13.333797454833984
[router] async-recv response from expert node 7 latency_ms=16.330957412719727
[router] async-recv response from expert node 6 latency_ms=9.356975555419922
[router] async-recv response from expert node 1 latency_ms=7.000923156738281
[router] async-send 12 token-expert pairs to expert node 1 at tcp://chimera14:5551
[router] async-send 4 token-expert pairs to expert node 5 at tcp://chimera14:5555
[router] async-send 10 token-expert pairs to expert node 2 at tcp://chimera14:5552
[router] async-send 4 token-expert pairs to expert node 7 at tcp://chimera14:5557
[router] async-send 2 token-expert pairs to expert node 0 at tcp://chimera14:5550
[router] async-send 4 token-expert pairs to expert node 4 at tcp://chimera14:5554
[router] async-send 4 token-expert pairs to expert node 3 at tcp://chimera14:5553
[router] async-send 8 token-expert pairs to expert node 6 at tcp://chimera14:5556
[router] async-recv response from expert node 1 latency_ms=17.2882080078125
[router] async-recv response from expert node 5 latency_ms=5.031108856201172
[router] async-recv response from expert node 2 latency_ms=16.811370849609375
[router] async-recv response from expert node 7 latency_ms=9.287595748901367
[router] async-recv response from expert node 0 latency_ms=5.04612922668457
[router] async-recv response from expert node 4 latency_ms=9.303569793701172
[router] async-recv response from expert node 3 latency_ms=9.440898895263672
[router] async-recv response from expert node 6 latency_ms=14.396429061889648
[router] async-send 9 token-expert pairs to expert node 0 at tcp://chimera14:5550
[router] async-send 6 token-expert pairs to expert node 5 at tcp://chimera14:5555
[router] async-send 7 token-expert pairs to expert node 7 at tcp://chimera14:5557
[router] async-send 8 token-expert pairs to expert node 3 at tcp://chimera14:5553
[router] async-send 5 token-expert pairs to expert node 4 at tcp://chimera14:5554
[router] async-send 5 token-expert pairs to expert node 2 at tcp://chimera14:5552
[router] async-send 5 token-expert pairs to expert node 6 at tcp://chimera14:5556
[router] async-send 3 token-expert pairs to expert node 1 at tcp://chimera14:5551
[router] async-recv response from expert node 0 latency_ms=13.270854949951172
[router] async-recv response from expert node 5 latency_ms=11.271476745605469
[router] async-recv response from expert node 7 latency_ms=10.016918182373047
[router] async-recv response from expert node 3 latency_ms=15.421867370605469
[router] async-recv response from expert node 4 latency_ms=9.641647338867188
[router] async-recv response from expert node 2 latency_ms=11.769771575927734
[router] async-recv response from expert node 6 latency_ms=8.04901123046875
[router] async-recv response from expert node 1 latency_ms=7.287263870239258
[router] async-send 5 token-expert pairs to expert node 7 at tcp://chimera14:5557
[router] async-send 11 token-expert pairs to expert node 4 at tcp://chimera14:5554
[router] async-send 6 token-expert pairs to expert node 6 at tcp://chimera14:5556
[router] async-send 8 token-expert pairs to expert node 1 at tcp://chimera14:5551
[router] async-send 4 token-expert pairs to expert node 5 at tcp://chimera14:5555
[router] async-send 5 token-expert pairs to expert node 2 at tcp://chimera14:5552
[router] async-send 6 token-expert pairs to expert node 3 at tcp://chimera14:5553
[router] async-send 3 token-expert pairs to expert node 0 at tcp://chimera14:5550
[router] async-recv response from expert node 7 latency_ms=7.838010787963867
[router] async-recv response from expert node 4 latency_ms=17.629146575927734
[router] async-recv response from expert node 6 latency_ms=9.279727935791016
[router] async-recv response from expert node 1 latency_ms=14.249086380004883
[router] async-recv response from expert node 5 latency_ms=9.320974349975586
[router] async-recv response from expert node 2 latency_ms=9.40704345703125
[router] async-recv response from expert node 3 latency_ms=14.227628707885742
[router] async-recv response from expert node 0 latency_ms=6.733417510986328
[router] async-send 8 token-expert pairs to expert node 7 at tcp://chimera14:5557
[router] async-send 8 token-expert pairs to expert node 6 at tcp://chimera14:5556
[router] async-send 5 token-expert pairs to expert node 0 at tcp://chimera14:5550
[router] async-send 6 token-expert pairs to expert node 2 at tcp://chimera14:5552
[router] async-send 10 token-expert pairs to expert node 1 at tcp://chimera14:5551
[router] async-send 5 token-expert pairs to expert node 4 at tcp://chimera14:5554
[router] async-send 2 token-expert pairs to expert node 5 at tcp://chimera14:5555
[router] async-send 4 token-expert pairs to expert node 3 at tcp://chimera14:5553
[router] async-recv response from expert node 7 latency_ms=12.654781341552734
[router] async-recv response from expert node 6 latency_ms=14.256954193115234
[router] async-recv response from expert node 0 latency_ms=7.752180099487305
[router] async-recv response from expert node 2 latency_ms=11.827945709228516
[router] async-recv response from expert node 1 latency_ms=18.35346221923828
[router] async-recv response from expert node 4 latency_ms=9.517192840576172
[router] async-recv response from expert node 5 latency_ms=4.984617233276367
[router] async-recv response from expert node 3 latency_ms=9.285211563110352
[router] async-send 7 token-expert pairs to expert node 0 at tcp://chimera14:5550
[router] async-send 11 token-expert pairs to expert node 1 at tcp://chimera14:5551
[router] async-send 10 token-expert pairs to expert node 6 at tcp://chimera14:5556
[router] async-send 3 token-expert pairs to expert node 4 at tcp://chimera14:5554
[router] async-send 7 token-expert pairs to expert node 5 at tcp://chimera14:5555
[router] async-send 3 token-expert pairs to expert node 3 at tcp://chimera14:5553
[router] async-send 3 token-expert pairs to expert node 2 at tcp://chimera14:5552
[router] async-send 4 token-expert pairs to expert node 7 at tcp://chimera14:5557
[router] async-recv response from expert node 0 latency_ms=14.347076416015625
[router] async-recv response from expert node 1 latency_ms=14.969348907470703
[router] async-recv response from expert node 6 latency_ms=16.74628257751465
[router] async-recv response from expert node 4 latency_ms=7.399797439575195
[router] async-recv response from expert node 5 latency_ms=13.903617858886719
[router] async-recv response from expert node 3 latency_ms=7.632732391357422
[router] async-recv response from expert node 2 latency_ms=5.011558532714844
[router] async-recv response from expert node 7 latency_ms=7.335424423217773
[router] async-send 8 token-expert pairs to expert node 7 at tcp://chimera14:5557
[router] async-send 11 token-expert pairs to expert node 1 at tcp://chimera14:5551
[router] async-send 11 token-expert pairs to expert node 5 at tcp://chimera14:5555
[router] async-send 4 token-expert pairs to expert node 2 at tcp://chimera14:5552
[router] async-send 3 token-expert pairs to expert node 4 at tcp://chimera14:5554
[router] async-send 3 token-expert pairs to expert node 6 at tcp://chimera14:5556
[router] async-send 8 token-expert pairs to expert node 3 at tcp://chimera14:5553
[router] async-recv response from expert node 7 latency_ms=14.430046081542969
[router] async-recv response from expert node 1 latency_ms=15.561103820800781
[router] async-recv response from expert node 5 latency_ms=19.631147384643555
[router] async-recv response from expert node 2 latency_ms=7.488250732421875
[router] async-recv response from expert node 4 latency_ms=7.421970367431641
[router] async-recv response from expert node 6 latency_ms=6.915807723999023
[router] async-recv response from expert node 3 latency_ms=13.933658599853516
[router] async-send 6 token-expert pairs to expert node 1 at tcp://chimera14:5551
[router] async-send 9 token-expert pairs to expert node 7 at tcp://chimera14:5557
[router] async-send 7 token-expert pairs to expert node 3 at tcp://chimera14:5553
[router] async-send 10 token-expert pairs to expert node 6 at tcp://chimera14:5556
[router] async-send 3 token-expert pairs to expert node 5 at tcp://chimera14:5555
[router] async-send 8 token-expert pairs to expert node 0 at tcp://chimera14:5550
[router] async-send 2 token-expert pairs to expert node 2 at tcp://chimera14:5552
[router] async-send 3 token-expert pairs to expert node 4 at tcp://chimera14:5554
[router] async-recv response from expert node 1 latency_ms=12.869119644165039
[router] async-recv response from expert node 7 latency_ms=17.03476905822754
[router] async-recv response from expert node 3 latency_ms=14.899730682373047
[router] async-recv response from expert node 6 latency_ms=13.794183731079102
[router] async-recv response from expert node 5 latency_ms=6.736040115356445
[router] async-recv response from expert node 0 latency_ms=16.31784439086914
[router] async-recv response from expert node 2 latency_ms=4.913091659545898
[router] async-recv response from expert node 4 latency_ms=7.169008255004883
[router] async-send 14 token-expert pairs to expert node 7 at tcp://chimera14:5557
[router] async-send 9 token-expert pairs to expert node 1 at tcp://chimera14:5551
[router] async-send 7 token-expert pairs to expert node 0 at tcp://chimera14:5550
[router] async-send 3 token-expert pairs to expert node 5 at tcp://chimera14:5555
[router] async-send 4 token-expert pairs to expert node 4 at tcp://chimera14:5554
[router] async-send 6 token-expert pairs to expert node 3 at tcp://chimera14:5553
[router] async-send 7 token-expert pairs to expert node 6 at tcp://chimera14:5556
[router] async-send 6 token-expert pairs to expert node 2 at tcp://chimera14:5552
[router] async-recv response from expert node 7 latency_ms=24.04475212097168
[router] async-recv response from expert node 1 latency_ms=16.495227813720703
[router] async-recv response from expert node 0 latency_ms=9.897708892822266
[router] async-recv response from expert node 5 latency_ms=7.438898086547852
[router] async-recv response from expert node 4 latency_ms=7.26318359375
[router] async-recv response from expert node 3 latency_ms=11.958599090576172
[router] async-recv response from expert node 6 latency_ms=12.427568435668945
[router] async-recv response from expert node 2 latency_ms=11.647939682006836
[router] async-send 11 token-expert pairs to expert node 2 at tcp://chimera14:5552
[router] async-send 4 token-expert pairs to expert node 1 at tcp://chimera14:5551
[router] async-send 6 token-expert pairs to expert node 5 at tcp://chimera14:5555
[router] async-send 4 token-expert pairs to expert node 4 at tcp://chimera14:5554
[router] async-send 10 token-expert pairs to expert node 0 at tcp://chimera14:5550
[router] async-send 3 token-expert pairs to expert node 6 at tcp://chimera14:5556
[router] async-send 9 token-expert pairs to expert node 3 at tcp://chimera14:5553
[router] async-send 9 token-expert pairs to expert node 7 at tcp://chimera14:5557
[router] async-recv response from expert node 2 latency_ms=17.31705665588379
[router] async-recv response from expert node 1 latency_ms=7.492542266845703
[router] async-recv response from expert node 5 latency_ms=13.410568237304688
[router] async-recv response from expert node 4 latency_ms=9.336471557617188
[router] async-recv response from expert node 0 latency_ms=17.490625381469727
[router] async-recv response from expert node 6 latency_ms=7.252693176269531
[router] async-recv response from expert node 3 latency_ms=16.677141189575195
[router] async-recv response from expert node 7 latency_ms=16.206026077270508
[router] async-send 9 token-expert pairs to expert node 3 at tcp://chimera14:5553
[router] async-send 6 token-expert pairs to expert node 4 at tcp://chimera14:5554
[router] async-send 13 token-expert pairs to expert node 7 at tcp://chimera14:5557
[router] async-send 2 token-expert pairs to expert node 5 at tcp://chimera14:5555
[router] async-send 6 token-expert pairs to expert node 2 at tcp://chimera14:5552
[router] async-send 4 token-expert pairs to expert node 0 at tcp://chimera14:5550
[router] async-send 11 token-expert pairs to expert node 1 at tcp://chimera14:5551
[router] async-send 5 token-expert pairs to expert node 6 at tcp://chimera14:5556
[router] async-recv response from expert node 3 latency_ms=14.618158340454102
[router] async-recv response from expert node 4 latency_ms=14.206409454345703
[router] async-recv response from expert node 7 latency_ms=24.18804168701172
[router] async-recv response from expert node 5 latency_ms=5.10096549987793
[router] async-recv response from expert node 2 latency_ms=12.64643669128418
[router] async-recv response from expert node 0 latency_ms=7.491350173950195
[router] async-recv response from expert node 1 latency_ms=16.54505729675293
[router] async-recv response from expert node 6 latency_ms=9.591341018676758
[router] async-send 4 token-expert pairs to expert node 4 at tcp://chimera14:5554
[router] async-send 12 token-expert pairs to expert node 7 at tcp://chimera14:5557
[router] async-send 14 token-expert pairs to expert node 1 at tcp://chimera14:5551
[router] async-send 5 token-expert pairs to expert node 5 at tcp://chimera14:5555
[router] async-send 10 token-expert pairs to expert node 6 at tcp://chimera14:5556
[router] async-send 4 token-expert pairs to expert node 3 at tcp://chimera14:5553
[router] async-send 6 token-expert pairs to expert node 2 at tcp://chimera14:5552
[router] async-send 1 token-expert pairs to expert node 0 at tcp://chimera14:5550
[router] async-recv response from expert node 4 latency_ms=8.999109268188477
[router] async-recv response from expert node 7 latency_ms=20.079612731933594
[router] async-recv response from expert node 1 latency_ms=20.601749420166016
[router] async-recv response from expert node 5 latency_ms=11.71731948852539
[router] async-recv response from expert node 6 latency_ms=16.689062118530273
[router] async-recv response from expert node 3 latency_ms=9.526491165161133
[router] async-recv response from expert node 2 latency_ms=13.123750686645508
[router] async-recv response from expert node 0 latency_ms=2.6574134826660156
[router] async-send 6 token-expert pairs to expert node 3 at tcp://chimera14:5553
[router] async-send 3 token-expert pairs to expert node 1 at tcp://chimera14:5551
[router] async-send 9 token-expert pairs to expert node 0 at tcp://chimera14:5550
[router] async-send 9 token-expert pairs to expert node 7 at tcp://chimera14:5557
[router] async-send 11 token-expert pairs to expert node 4 at tcp://chimera14:5554
[router] async-send 3 token-expert pairs to expert node 2 at tcp://chimera14:5552
[router] async-send 5 token-expert pairs to expert node 6 at tcp://chimera14:5556
[router] async-send 10 token-expert pairs to expert node 5 at tcp://chimera14:5555
[router] async-recv response from expert node 3 latency_ms=8.502960205078125
[router] async-recv response from expert node 1 latency_ms=6.989717483520508
[router] async-recv response from expert node 0 latency_ms=12.765884399414062
[router] async-recv response from expert node 7 latency_ms=13.24772834777832
[router] async-recv response from expert node 4 latency_ms=18.146753311157227
[router] async-recv response from expert node 2 latency_ms=6.935834884643555
[router] async-recv response from expert node 6 latency_ms=9.660720825195312
[router] async-recv response from expert node 5 latency_ms=11.855363845825195
[router] async-send 11 token-expert pairs to expert node 3 at tcp://chimera14:5553
[router] async-send 10 token-expert pairs to expert node 7 at tcp://chimera14:5557
[router] async-send 6 token-expert pairs to expert node 0 at tcp://chimera14:5550
[router] async-send 2 token-expert pairs to expert node 5 at tcp://chimera14:5555
[router] async-send 11 token-expert pairs to expert node 6 at tcp://chimera14:5556
[router] async-send 7 token-expert pairs to expert node 1 at tcp://chimera14:5551
[router] async-send 6 token-expert pairs to expert node 2 at tcp://chimera14:5552
[router] async-send 3 token-expert pairs to expert node 4 at tcp://chimera14:5554
[router] async-recv response from expert node 3 latency_ms=19.307374954223633
[router] async-recv response from expert node 7 latency_ms=17.092466354370117
[router] async-recv response from expert node 0 latency_ms=13.707876205444336
[router] async-recv response from expert node 5 latency_ms=5.054950714111328
[router] async-recv response from expert node 6 latency_ms=16.49618148803711
[router] async-recv response from expert node 1 latency_ms=11.04116439819336
[router] async-recv response from expert node 2 latency_ms=11.961221694946289
[router] async-recv response from expert node 4 latency_ms=7.4901580810546875
[router] async-send 7 token-expert pairs to expert node 6 at tcp://chimera14:5556
[router] async-send 15 token-expert pairs to expert node 2 at tcp://chimera14:5552
[router] async-send 2 token-expert pairs to expert node 0 at tcp://chimera14:5550
[router] async-send 8 token-expert pairs to expert node 5 at tcp://chimera14:5555
[router] async-send 2 token-expert pairs to expert node 1 at tcp://chimera14:5551
[router] async-send 9 token-expert pairs to expert node 7 at tcp://chimera14:5557
[router] async-send 11 token-expert pairs to expert node 4 at tcp://chimera14:5554
[router] async-send 2 token-expert pairs to expert node 3 at tcp://chimera14:5553
[router] async-recv response from expert node 6 latency_ms=10.896921157836914
[router] async-recv response from expert node 2 latency_ms=20.42555809020996
[router] async-recv response from expert node 0 latency_ms=4.221200942993164
[router] async-recv response from expert node 5 latency_ms=12.628793716430664
[router] async-recv response from expert node 1 latency_ms=5.001544952392578
[router] async-recv response from expert node 7 latency_ms=14.351606369018555
[router] async-recv response from expert node 4 latency_ms=15.595436096191406
[router] async-recv response from expert node 3 latency_ms=4.999399185180664
[router] async-send 5 token-expert pairs to expert node 2 at tcp://chimera14:5552
[router] async-send 7 token-expert pairs to expert node 5 at tcp://chimera14:5555
[router] async-send 9 token-expert pairs to expert node 0 at tcp://chimera14:5550
[router] async-send 7 token-expert pairs to expert node 1 at tcp://chimera14:5551
[router] async-send 12 token-expert pairs to expert node 4 at tcp://chimera14:5554
[router] async-send 6 token-expert pairs to expert node 7 at tcp://chimera14:5557
[router] async-send 6 token-expert pairs to expert node 6 at tcp://chimera14:5556
[router] async-send 4 token-expert pairs to expert node 3 at tcp://chimera14:5553
[router] async-recv response from expert node 2 latency_ms=9.326457977294922
[router] async-recv response from expert node 5 latency_ms=12.831926345825195
[router] async-recv response from expert node 0 latency_ms=13.988733291625977
[router] async-recv response from expert node 1 latency_ms=8.892297744750977
[router] async-recv response from expert node 4 latency_ms=19.86074447631836
[router] async-recv response from expert node 7 latency_ms=13.822078704833984
[router] async-recv response from expert node 6 latency_ms=12.07733154296875
[router] async-recv response from expert node 3 latency_ms=8.931398391723633
[router] async-send 6 token-expert pairs to expert node 2 at tcp://chimera14:5552
[router] async-send 12 token-expert pairs to expert node 0 at tcp://chimera14:5550
[router] async-send 11 token-expert pairs to expert node 3 at tcp://chimera14:5553
[router] async-send 10 token-expert pairs to expert node 4 at tcp://chimera14:5554
[router] async-send 9 token-expert pairs to expert node 7 at tcp://chimera14:5557
[router] async-send 4 token-expert pairs to expert node 6 at tcp://chimera14:5556
[router] async-send 3 token-expert pairs to expert node 1 at tcp://chimera14:5551
[router] async-send 1 token-expert pairs to expert node 5 at tcp://chimera14:5555
[router] async-recv response from expert node 2 latency_ms=9.251832962036133
[router] async-recv response from expert node 0 latency_ms=15.133857727050781
[router] async-recv response from expert node 3 latency_ms=20.55048942565918
[router] async-recv response from expert node 4 latency_ms=13.119697570800781
[router] async-recv response from expert node 7 latency_ms=15.785455703735352
[router] async-recv response from expert node 6 latency_ms=8.974075317382812
[router] async-recv response from expert node 1 latency_ms=6.731510162353516
[router] async-recv response from expert node 5 latency_ms=2.4950504302978516
[router] async-send 13 token-expert pairs to expert node 1 at tcp://chimera14:5551
[router] async-send 5 token-expert pairs to expert node 5 at tcp://chimera14:5555
[router] async-send 11 token-expert pairs to expert node 2 at tcp://chimera14:5552
[router] async-send 5 token-expert pairs to expert node 7 at tcp://chimera14:5557
[router] async-send 3 token-expert pairs to expert node 0 at tcp://chimera14:5550
[router] async-send 5 token-expert pairs to expert node 4 at tcp://chimera14:5554
[router] async-send 5 token-expert pairs to expert node 3 at tcp://chimera14:5553
[router] async-send 9 token-expert pairs to expert node 6 at tcp://chimera14:5556
[router] async-recv response from expert node 1 latency_ms=19.350290298461914
[router] async-recv response from expert node 5 latency_ms=7.760286331176758
[router] async-recv response from expert node 2 latency_ms=17.763376235961914
[router] async-recv response from expert node 7 latency_ms=11.563301086425781
[router] async-recv response from expert node 0 latency_ms=6.841897964477539
[router] async-recv response from expert node 4 latency_ms=11.328935623168945
[router] async-recv response from expert node 3 latency_ms=9.630203247070312
[router] async-recv response from expert node 6 latency_ms=16.19100570678711
[router] async-send 12 token-expert pairs to expert node 0 at tcp://chimera14:5550
[router] async-send 6 token-expert pairs to expert node 5 at tcp://chimera14:5555
[router] async-send 7 token-expert pairs to expert node 7 at tcp://chimera14:5557
[router] async-send 9 token-expert pairs to expert node 3 at tcp://chimera14:5553
[router] async-send 6 token-expert pairs to expert node 4 at tcp://chimera14:5554
[router] async-send 6 token-expert pairs to expert node 2 at tcp://chimera14:5552
[router] async-send 7 token-expert pairs to expert node 6 at tcp://chimera14:5556
[router] async-send 3 token-expert pairs to expert node 1 at tcp://chimera14:5551
[router] async-recv response from expert node 0 latency_ms=17.651796340942383
[router] async-recv response from expert node 5 latency_ms=11.516094207763672
[router] async-recv response from expert node 7 latency_ms=10.050535202026367
[router] async-recv response from expert node 3 latency_ms=16.769886016845703
[router] async-recv response from expert node 4 latency_ms=11.350154876708984
[router] async-recv response from expert node 2 latency_ms=13.88406753540039
[router] async-recv response from expert node 6 latency_ms=10.468721389770508
[router] async-recv response from expert node 1 latency_ms=6.955146789550781
[router] async-send 6 token-expert pairs to expert node 7 at tcp://chimera14:5557
[router] async-send 11 token-expert pairs to expert node 4 at tcp://chimera14:5554
[router] async-send 6 token-expert pairs to expert node 6 at tcp://chimera14:5556
[router] async-send 10 token-expert pairs to expert node 1 at tcp://chimera14:5551
[router] async-send 6 token-expert pairs to expert node 5 at tcp://chimera14:5555
[router] async-send 7 token-expert pairs to expert node 2 at tcp://chimera14:5552
[router] async-send 6 token-expert pairs to expert node 3 at tcp://chimera14:5553
[router] async-send 4 token-expert pairs to expert node 0 at tcp://chimera14:5550
[router] async-recv response from expert node 7 latency_ms=10.345220565795898
[router] async-recv response from expert node 4 latency_ms=18.016576766967773
[router] async-recv response from expert node 6 latency_ms=9.382486343383789
[router] async-recv response from expert node 1 latency_ms=17.658472061157227
[router] async-recv response from expert node 5 latency_ms=13.458728790283203
[router] async-recv response from expert node 2 latency_ms=14.23335075378418
[router] async-recv response from expert node 3 latency_ms=14.536380767822266
[router] async-recv response from expert node 0 latency_ms=8.632421493530273
[router] async-send 10 token-expert pairs to expert node 7 at tcp://chimera14:5557
[router] async-send 9 token-expert pairs to expert node 6 at tcp://chimera14:5556
[router] async-send 5 token-expert pairs to expert node 0 at tcp://chimera14:5550
[router] async-send 6 token-expert pairs to expert node 2 at tcp://chimera14:5552
[router] async-send 11 token-expert pairs to expert node 1 at tcp://chimera14:5551
[router] async-send 5 token-expert pairs to expert node 4 at tcp://chimera14:5554
[router] async-send 3 token-expert pairs to expert node 5 at tcp://chimera14:5555
[router] async-send 7 token-expert pairs to expert node 3 at tcp://chimera14:5553
[router] async-recv response from expert node 7 latency_ms=17.183780670166016
[router] async-recv response from expert node 6 latency_ms=15.979290008544922
[router] async-recv response from expert node 0 latency_ms=7.674455642700195
[router] async-recv response from expert node 2 latency_ms=11.948347091674805
[router] async-recv response from expert node 1 latency_ms=20.509958267211914
[router] async-recv response from expert node 4 latency_ms=9.456634521484375
[router] async-recv response from expert node 5 latency_ms=7.143259048461914
[router] async-recv response from expert node 3 latency_ms=13.96322250366211
[router] async-send 8 token-expert pairs to expert node 0 at tcp://chimera14:5550
[router] async-send 12 token-expert pairs to expert node 1 at tcp://chimera14:5551
[router] async-send 10 token-expert pairs to expert node 6 at tcp://chimera14:5556
[router] async-send 3 token-expert pairs to expert node 4 at tcp://chimera14:5554
[router] async-send 7 token-expert pairs to expert node 5 at tcp://chimera14:5555
[router] async-send 5 token-expert pairs to expert node 3 at tcp://chimera14:5553
[router] async-send 5 token-expert pairs to expert node 2 at tcp://chimera14:5552
[router] async-send 6 token-expert pairs to expert node 7 at tcp://chimera14:5557
[router] async-recv response from expert node 0 latency_ms=16.577482223510742
[router] async-recv response from expert node 1 latency_ms=16.518115997314453
[router] async-recv response from expert node 6 latency_ms=16.40152931213379
[router] async-recv response from expert node 4 latency_ms=7.386684417724609
[router] async-recv response from expert node 5 latency_ms=13.708829879760742
[router] async-recv response from expert node 3 latency_ms=11.958599090576172
[router] async-recv response from expert node 2 latency_ms=9.700298309326172
[router] async-recv response from expert node 7 latency_ms=11.52181625366211
[router] async-send 10 token-expert pairs to expert node 7 at tcp://chimera14:5557
[router] async-send 11 token-expert pairs to expert node 1 at tcp://chimera14:5551
[router] async-send 13 token-expert pairs to expert node 5 at tcp://chimera14:5555
[router] async-send 6 token-expert pairs to expert node 2 at tcp://chimera14:5552
[router] async-send 4 token-expert pairs to expert node 4 at tcp://chimera14:5554
[router] async-send 3 token-expert pairs to expert node 6 at tcp://chimera14:5556
[router] async-send 8 token-expert pairs to expert node 3 at tcp://chimera14:5553
[router] async-send 1 token-expert pairs to expert node 0 at tcp://chimera14:5550
[router] async-recv response from expert node 7 latency_ms=19.41514015197754
[router] async-recv response from expert node 1 latency_ms=15.09547233581543
[router] async-recv response from expert node 5 latency_ms=23.64373207092285
[router] async-recv response from expert node 2 latency_ms=10.070562362670898
[router] async-recv response from expert node 4 latency_ms=9.838342666625977
[router] async-recv response from expert node 6 latency_ms=6.789922714233398
[router] async-recv response from expert node 3 latency_ms=13.383865356445312
[router] async-recv response from expert node 0 latency_ms=2.6178359985351562
[router] async-send 6 token-expert pairs to expert node 1 at tcp://chimera14:5551
[router] async-send 9 token-expert pairs to expert node 7 at tcp://chimera14:5557
[router] async-send 9 token-expert pairs to expert node 3 at tcp://chimera14:5553
[router] async-send 10 token-expert pairs to expert node 6 at tcp://chimera14:5556
[router] async-send 5 token-expert pairs to expert node 5 at tcp://chimera14:5555
[router] async-send 9 token-expert pairs to expert node 0 at tcp://chimera14:5550
[router] async-send 4 token-expert pairs to expert node 2 at tcp://chimera14:5552
[router] async-send 4 token-expert pairs to expert node 4 at tcp://chimera14:5554
[router] async-recv response from expert node 1 latency_ms=12.946128845214844
[router] async-recv response from expert node 7 latency_ms=16.65949821472168
[router] async-recv response from expert node 3 latency_ms=17.266273498535156
[router] async-recv response from expert node 6 latency_ms=13.44609260559082
[router] async-recv response from expert node 5 latency_ms=11.589527130126953
[router] async-recv response from expert node 0 latency_ms=18.537044525146484
[router] async-recv response from expert node 2 latency_ms=9.354114532470703
[router] async-recv response from expert node 4 latency_ms=9.310722351074219
[router] async-send 16 token-expert pairs to expert node 7 at tcp://chimera14:5557
[router] async-send 9 token-expert pairs to expert node 1 at tcp://chimera14:5551
[router] async-send 8 token-expert pairs to expert node 0 at tcp://chimera14:5550
[router] async-send 4 token-expert pairs to expert node 5 at tcp://chimera14:5555
[router] async-send 4 token-expert pairs to expert node 4 at tcp://chimera14:5554
[router] async-send 7 token-expert pairs to expert node 3 at tcp://chimera14:5553
[router] async-send 9 token-expert pairs to expert node 6 at tcp://chimera14:5556
[router] async-send 7 token-expert pairs to expert node 2 at tcp://chimera14:5552
[router] async-recv response from expert node 7 latency_ms=28.927326202392578
[router] async-recv response from expert node 1 latency_ms=16.350507736206055
[router] async-recv response from expert node 0 latency_ms=11.524438858032227
[router] async-recv response from expert node 5 latency_ms=10.130882263183594
[router] async-recv response from expert node 4 latency_ms=7.514715194702148
[router] async-recv response from expert node 3 latency_ms=14.57071304321289
[router] async-recv response from expert node 6 latency_ms=15.32888412475586
[router] async-recv response from expert node 2 latency_ms=13.945579528808594
[router] async-send 12 token-expert pairs to expert node 2 at tcp://chimera14:5552
[router] async-send 4 token-expert pairs to expert node 1 at tcp://chimera14:5551
[router] async-send 6 token-expert pairs to expert node 5 at tcp://chimera14:5555
[router] async-send 6 token-expert pairs to expert node 4 at tcp://chimera14:5554
[router] async-send 11 token-expert pairs to expert node 0 at tcp://chimera14:5550
[router] async-send 3 token-expert pairs to expert node 6 at tcp://chimera14:5556
[router] async-send 12 token-expert pairs to expert node 3 at tcp://chimera14:5553
[router] async-send 10 token-expert pairs to expert node 7 at tcp://chimera14:5557
[router] async-recv response from expert node 2 latency_ms=18.818140029907227
[router] async-recv response from expert node 1 latency_ms=6.988286972045898
[router] async-recv response from expert node 5 latency_ms=13.514280319213867
[router] async-recv response from expert node 4 latency_ms=12.205839157104492
[router] async-recv response from expert node 0 latency_ms=29.140710830688477
[router] async-recv response from expert node 6 latency_ms=7.3719024658203125
[router] async-recv response from expert node 3 latency_ms=23.87857437133789
[router] async-recv response from expert node 7 latency_ms=16.726016998291016
[router] async-send 9 token-expert pairs to expert node 3 at tcp://chimera14:5553
[router] async-send 9 token-expert pairs to expert node 4 at tcp://chimera14:5554
[router] async-send 14 token-expert pairs to expert node 7 at tcp://chimera14:5557
[router] async-send 3 token-expert pairs to expert node 5 at tcp://chimera14:5555
[router] async-send 6 token-expert pairs to expert node 2 at tcp://chimera14:5552
[router] async-send 4 token-expert pairs to expert node 0 at tcp://chimera14:5550
[router] async-send 13 token-expert pairs to expert node 1 at tcp://chimera14:5551
[router] async-send 6 token-expert pairs to expert node 6 at tcp://chimera14:5556
[router] async-recv response from expert node 3 latency_ms=14.544486999511719
[router] async-recv response from expert node 4 latency_ms=18.9363956451416
[router] async-recv response from expert node 7 latency_ms=23.725271224975586
[router] async-recv response from expert node 5 latency_ms=7.416009902954102
[router] async-recv response from expert node 2 latency_ms=12.234687805175781
[router] async-recv response from expert node 0 latency_ms=7.170438766479492
[router] async-recv response from expert node 1 latency_ms=19.5159912109375
[router] async-recv response from expert node 6 latency_ms=9.757041931152344
[router] async-send 5 token-expert pairs to expert node 4 at tcp://chimera14:5554
[router] async-send 13 token-expert pairs to expert node 7 at tcp://chimera14:5557
[router] async-send 15 token-expert pairs to expert node 1 at tcp://chimera14:5551
[router] async-send 6 token-expert pairs to expert node 5 at tcp://chimera14:5555
[router] async-send 12 token-expert pairs to expert node 6 at tcp://chimera14:5556
[router] async-send 5 token-expert pairs to expert node 3 at tcp://chimera14:5553
[router] async-send 6 token-expert pairs to expert node 2 at tcp://chimera14:5552
[router] async-send 2 token-expert pairs to expert node 0 at tcp://chimera14:5550
[router] async-recv response from expert node 4 latency_ms=11.052846908569336
[router] async-recv response from expert node 7 latency_ms=21.028757095336914
[router] async-recv response from expert node 1 latency_ms=21.84271812438965
[router] async-recv response from expert node 5 latency_ms=12.388467788696289
[router] async-recv response from expert node 6 latency_ms=19.511938095092773
[router] async-recv response from expert node 3 latency_ms=10.449409484863281
[router] async-recv response from expert node 2 latency_ms=13.304948806762695
[router] async-recv response from expert node 0 latency_ms=4.572153091430664
[router] async-send 7 token-expert pairs to expert node 3 at tcp://chimera14:5553
[router] async-send 4 token-expert pairs to expert node 1 at tcp://chimera14:5551
[router] async-send 10 token-expert pairs to expert node 0 at tcp://chimera14:5550
[router] async-send 10 token-expert pairs to expert node 7 at tcp://chimera14:5557
[router] async-send 12 token-expert pairs to expert node 4 at tcp://chimera14:5554
[router] async-send 4 token-expert pairs to expert node 2 at tcp://chimera14:5552
[router] async-send 5 token-expert pairs to expert node 6 at tcp://chimera14:5556
[router] async-send 12 token-expert pairs to expert node 5 at tcp://chimera14:5555
[router] async-recv response from expert node 3 latency_ms=11.333703994750977
[router] async-recv response from expert node 1 latency_ms=7.5511932373046875
[router] async-recv response from expert node 0 latency_ms=15.967369079589844
[router] async-recv response from expert node 7 latency_ms=15.250921249389648
[router] async-recv response from expert node 4 latency_ms=18.14413070678711
[router] async-recv response from expert node 2 latency_ms=8.828878402709961
[router] async-recv response from expert node 6 latency_ms=9.989500045776367
[router] async-recv response from expert node 5 latency_ms=15.826940536499023
[router] async-send 13 token-expert pairs to expert node 3 at tcp://chimera14:5553
[router] async-send 11 token-expert pairs to expert node 7 at tcp://chimera14:5557
[router] async-send 7 token-expert pairs to expert node 0 at tcp://chimera14:5550
[router] async-send 3 token-expert pairs to expert node 5 at tcp://chimera14:5555
[router] async-send 12 token-expert pairs to expert node 6 at tcp://chimera14:5556
[router] async-send 8 token-expert pairs to expert node 1 at tcp://chimera14:5551
[router] async-send 6 token-expert pairs to expert node 2 at tcp://chimera14:5552
[router] async-send 4 token-expert pairs to expert node 4 at tcp://chimera14:5554
[router] async-recv response from expert node 3 latency_ms=19.3636417388916
[router] async-recv response from expert node 7 latency_ms=17.157554626464844
[router] async-recv response from expert node 0 latency_ms=13.911008834838867
[router] async-recv response from expert node 5 latency_ms=6.951570510864258
[router] async-recv response from expert node 6 latency_ms=22.091150283813477
[router] async-recv response from expert node 1 latency_ms=12.781858444213867
[router] async-recv response from expert node 2 latency_ms=11.575460433959961
[router] async-recv response from expert node 4 latency_ms=9.22250747680664
[router] async-send 8 token-expert pairs to expert node 6 at tcp://chimera14:5556
[router] async-send 17 token-expert pairs to expert node 2 at tcp://chimera14:5552
[router] async-send 2 token-expert pairs to expert node 0 at tcp://chimera14:5550
[router] async-send 10 token-expert pairs to expert node 5 at tcp://chimera14:5555
[router] async-send 2 token-expert pairs to expert node 1 at tcp://chimera14:5551
[router] async-send 9 token-expert pairs to expert node 7 at tcp://chimera14:5557
[router] async-send 13 token-expert pairs to expert node 4 at tcp://chimera14:5554
[router] async-send 3 token-expert pairs to expert node 3 at tcp://chimera14:5553
[router] async-recv response from expert node 6 latency_ms=12.671709060668945
[router] async-recv response from expert node 2 latency_ms=21.175384521484375
[router] async-recv response from expert node 0 latency_ms=4.427433013916016
[router] async-recv response from expert node 5 latency_ms=14.799356460571289
[router] async-recv response from expert node 1 latency_ms=4.988670349121094
[router] async-recv response from expert node 7 latency_ms=14.242887496948242
[router] async-recv response from expert node 4 latency_ms=19.80423927307129
[router] async-recv response from expert node 3 latency_ms=6.995439529418945
[router] async-send 5 token-expert pairs to expert node 2 at tcp://chimera14:5552
[router] async-send 9 token-expert pairs to expert node 5 at tcp://chimera14:5555
[router] async-send 11 token-expert pairs to expert node 0 at tcp://chimera14:5550
[router] async-send 8 token-expert pairs to expert node 1 at tcp://chimera14:5551
[router] async-send 12 token-expert pairs to expert node 4 at tcp://chimera14:5554
[router] async-send 7 token-expert pairs to expert node 7 at tcp://chimera14:5557
[router] async-send 6 token-expert pairs to expert node 6 at tcp://chimera14:5556
[router] async-send 6 token-expert pairs to expert node 3 at tcp://chimera14:5553
[router] async-recv response from expert node 2 latency_ms=9.074687957763672
[router] async-recv response from expert node 5 latency_ms=15.84768295288086
[router] async-recv response from expert node 0 latency_ms=17.030715942382812
[router] async-recv response from expert node 1 latency_ms=9.079217910766602
[router] async-recv response from expert node 4 latency_ms=19.465208053588867
[router] async-recv response from expert node 7 latency_ms=14.997243881225586
[router] async-recv response from expert node 6 latency_ms=11.213064193725586
[router] async-recv response from expert node 3 latency_ms=9.454727172851562
[router] async-send 6 token-expert pairs to expert node 2 at tcp://chimera14:5552
[router] async-send 13 token-expert pairs to expert node 0 at tcp://chimera14:5550
[router] async-send 12 token-expert pairs to expert node 3 at tcp://chimera14:5553
[router] async-send 10 token-expert pairs to expert node 4 at tcp://chimera14:5554
[router] async-send 10 token-expert pairs to expert node 7 at tcp://chimera14:5557
[router] async-send 8 token-expert pairs to expert node 6 at tcp://chimera14:5556
[router] async-send 4 token-expert pairs to expert node 1 at tcp://chimera14:5551
[router] async-send 1 token-expert pairs to expert node 5 at tcp://chimera14:5555
[router] async-recv response from expert node 2 latency_ms=9.416341781616211
[router] async-recv response from expert node 0 latency_ms=16.023635864257812
[router] async-recv response from expert node 3 latency_ms=21.4536190032959
[router] async-recv response from expert node 4 latency_ms=12.971639633178711
[router] async-recv response from expert node 7 latency_ms=18.681049346923828
[router] async-recv response from expert node 6 latency_ms=17.43626594543457
[router] async-recv response from expert node 1 latency_ms=8.806943893432617
[router] async-recv response from expert node 5 latency_ms=2.5162696838378906
[router] async-send 14 token-expert pairs to expert node 1 at tcp://chimera14:5551
[router] async-send 5 token-expert pairs to expert node 5 at tcp://chimera14:5555
[router] async-send 11 token-expert pairs to expert node 2 at tcp://chimera14:5552
[router] async-send 6 token-expert pairs to expert node 7 at tcp://chimera14:5557
[router] async-send 3 token-expert pairs to expert node 0 at tcp://chimera14:5550
[router] async-send 7 token-expert pairs to expert node 4 at tcp://chimera14:5554
[router] async-send 8 token-expert pairs to expert node 3 at tcp://chimera14:5553
[router] async-send 10 token-expert pairs to expert node 6 at tcp://chimera14:5556
[router] async-recv response from expert node 1 latency_ms=19.780397415161133
[router] async-recv response from expert node 5 latency_ms=8.362531661987305
[router] async-recv response from expert node 2 latency_ms=17.934083938598633
[router] async-recv response from expert node 7 latency_ms=11.423349380493164
[router] async-recv response from expert node 0 latency_ms=7.044315338134766
[router] async-recv response from expert node 4 latency_ms=15.212774276733398
[router] async-recv response from expert node 3 latency_ms=13.939142227172852
[router] async-recv response from expert node 6 latency_ms=16.663312911987305
[router] async-send 12 token-expert pairs to expert node 0 at tcp://chimera14:5550
[router] async-send 6 token-expert pairs to expert node 5 at tcp://chimera14:5555
[router] async-send 7 token-expert pairs to expert node 7 at tcp://chimera14:5557
[router] async-send 13 token-expert pairs to expert node 3 at tcp://chimera14:5553
[router] async-send 6 token-expert pairs to expert node 4 at tcp://chimera14:5554
[router] async-send 8 token-expert pairs to expert node 2 at tcp://chimera14:5552
[router] async-send 8 token-expert pairs to expert node 6 at tcp://chimera14:5556
[router] async-send 4 token-expert pairs to expert node 1 at tcp://chimera14:5551
[router] async-recv response from expert node 0 latency_ms=16.005277633666992
[router] async-recv response from expert node 5 latency_ms=11.128902435302734
[router] async-recv response from expert node 7 latency_ms=9.923934936523438
[router] async-recv response from expert node 3 latency_ms=22.027015686035156
[router] async-recv response from expert node 4 latency_ms=11.815786361694336
[router] async-recv response from expert node 2 latency_ms=17.843246459960938
[router] async-recv response from expert node 6 latency_ms=12.198686599731445
[router] async-recv response from expert node 1 latency_ms=9.266138076782227
[router] async-send 8 token-expert pairs to expert node 7 at tcp://chimera14:5557
[router] async-send 11 token-expert pairs to expert node 4 at tcp://chimera14:5554
[router] async-send 6 token-expert pairs to expert node 6 at tcp://chimera14:5556
[router] async-send 13 token-expert pairs to expert node 1 at tcp://chimera14:5551
[router] async-send 7 token-expert pairs to expert node 5 at tcp://chimera14:5555
[router] async-send 7 token-expert pairs to expert node 2 at tcp://chimera14:5552
[router] async-send 8 token-expert pairs to expert node 3 at tcp://chimera14:5553
[router] async-send 4 token-expert pairs to expert node 0 at tcp://chimera14:5550
[router] async-recv response from expert node 7 latency_ms=14.510154724121094
[router] async-recv response from expert node 4 latency_ms=17.91691780090332
[router] async-recv response from expert node 6 latency_ms=9.717226028442383
[router] async-recv response from expert node 1 latency_ms=20.429611206054688
[router] async-recv response from expert node 5 latency_ms=13.787269592285156
[router] async-recv response from expert node 2 latency_ms=12.19487190246582
[router] async-recv response from expert node 3 latency_ms=16.972064971923828
[router] async-recv response from expert node 0 latency_ms=8.646011352539062
[router] async-send 10 token-expert pairs to expert node 7 at tcp://chimera14:5557
[router] async-send 10 token-expert pairs to expert node 6 at tcp://chimera14:5556
[router] async-send 8 token-expert pairs to expert node 0 at tcp://chimera14:5550
[router] async-send 6 token-expert pairs to expert node 2 at tcp://chimera14:5552
[router] async-send 11 token-expert pairs to expert node 1 at tcp://chimera14:5551
[router] async-send 6 token-expert pairs to expert node 4 at tcp://chimera14:5554
[router] async-send 4 token-expert pairs to expert node 5 at tcp://chimera14:5555
[router] async-send 9 token-expert pairs to expert node 3 at tcp://chimera14:5553
[router] async-recv response from expert node 7 latency_ms=17.270326614379883
[router] async-recv response from expert node 6 latency_ms=17.732858657836914
[router] async-recv response from expert node 0 latency_ms=14.289140701293945
[router] async-recv response from expert node 2 latency_ms=13.030290603637695
[router] async-recv response from expert node 1 latency_ms=20.380020141601562
[router] async-recv response from expert node 4 latency_ms=12.095451354980469
[router] async-recv response from expert node 5 latency_ms=9.241819381713867
[router] async-recv response from expert node 3 latency_ms=14.785289764404297
[router] async-send 9 token-expert pairs to expert node 0 at tcp://chimera14:5550
[router] async-send 13 token-expert pairs to expert node 1 at tcp://chimera14:5551
[router] async-send 10 token-expert pairs to expert node 6 at tcp://chimera14:5556
[router] async-send 4 token-expert pairs to expert node 4 at tcp://chimera14:5554
[router] async-send 7 token-expert pairs to expert node 5 at tcp://chimera14:5555
[router] async-send 7 token-expert pairs to expert node 3 at tcp://chimera14:5553
[router] async-send 6 token-expert pairs to expert node 2 at tcp://chimera14:5552
[router] async-send 8 token-expert pairs to expert node 7 at tcp://chimera14:5557
[router] async-recv response from expert node 0 latency_ms=18.732547760009766
[router] async-recv response from expert node 1 latency_ms=17.276287078857422
[router] async-recv response from expert node 6 latency_ms=16.596078872680664
[router] async-recv response from expert node 4 latency_ms=9.845733642578125
[router] async-recv response from expert node 5 latency_ms=14.051198959350586
[router] async-recv response from expert node 3 latency_ms=15.083789825439453
[router] async-recv response from expert node 2 latency_ms=10.280370712280273
[router] async-recv response from expert node 7 latency_ms=14.790058135986328
[router] async-send 11 token-expert pairs to expert node 7 at tcp://chimera14:5557
[router] async-send 13 token-expert pairs to expert node 1 at tcp://chimera14:5551
[router] async-send 15 token-expert pairs to expert node 5 at tcp://chimera14:5555
[router] async-send 6 token-expert pairs to expert node 2 at tcp://chimera14:5552
[router] async-send 4 token-expert pairs to expert node 4 at tcp://chimera14:5554
[router] async-send 5 token-expert pairs to expert node 6 at tcp://chimera14:5556
[router] async-send 9 token-expert pairs to expert node 3 at tcp://chimera14:5553
[router] async-send 1 token-expert pairs to expert node 0 at tcp://chimera14:5550
[router] async-recv response from expert node 7 latency_ms=21.116971969604492
[router] async-recv response from expert node 1 latency_ms=20.079851150512695
[router] async-recv response from expert node 5 latency_ms=25.803565979003906
[router] async-recv response from expert node 2 latency_ms=10.195732116699219
[router] async-recv response from expert node 4 latency_ms=9.538412094116211
[router] async-recv response from expert node 6 latency_ms=9.807109832763672
[router] async-recv response from expert node 3 latency_ms=13.80157470703125
[router] async-recv response from expert node 0 latency_ms=2.5064945220947266
[router] async-send 6 token-expert pairs to expert node 1 at tcp://chimera14:5551
[router] async-send 9 token-expert pairs to expert node 7 at tcp://chimera14:5557
[router] async-send 12 token-expert pairs to expert node 3 at tcp://chimera14:5553
[router] async-send 13 token-expert pairs to expert node 6 at tcp://chimera14:5556
[router] async-send 6 token-expert pairs to expert node 5 at tcp://chimera14:5555
[router] async-send 9 token-expert pairs to expert node 0 at tcp://chimera14:5550
[router] async-send 5 token-expert pairs to expert node 2 at tcp://chimera14:5552
[router] async-send 4 token-expert pairs to expert node 4 at tcp://chimera14:5554
[router] async-recv response from expert node 1 latency_ms=13.000965118408203
[router] async-recv response from expert node 7 latency_ms=16.925573348999023
[router] async-recv response from expert node 3 latency_ms=21.552085876464844
[router] async-recv response from expert node 6 latency_ms=17.452716827392578
[router] async-recv response from expert node 5 latency_ms=12.438774108886719
[router] async-recv response from expert node 0 latency_ms=18.958568572998047
[router] async-recv response from expert node 2 latency_ms=11.275053024291992
[router] async-recv response from expert node 4 latency_ms=9.641647338867188
[router] async-send 18 token-expert pairs to expert node 7 at tcp://chimera14:5557
[router] async-send 9 token-expert pairs to expert node 1 at tcp://chimera14:5551
[router] async-send 9 token-expert pairs to expert node 0 at tcp://chimera14:5550
[router] async-send 5 token-expert pairs to expert node 5 at tcp://chimera14:5555
[router] async-send 4 token-expert pairs to expert node 4 at tcp://chimera14:5554
[router] async-send 8 token-expert pairs to expert node 3 at tcp://chimera14:5553
[router] async-send 10 token-expert pairs to expert node 6 at tcp://chimera14:5556
[router] async-send 9 token-expert pairs to expert node 2 at tcp://chimera14:5552
[router] async-recv response from expert node 7 latency_ms=27.985811233520508
[router] async-recv response from expert node 1 latency_ms=16.55292510986328
[router] async-recv response from expert node 0 latency_ms=11.766910552978516
[router] async-recv response from expert node 5 latency_ms=11.829376220703125
[router] async-recv response from expert node 4 latency_ms=7.300853729248047
[router] async-recv response from expert node 3 latency_ms=14.558076858520508
[router] async-recv response from expert node 6 latency_ms=15.488386154174805
[router] async-recv response from expert node 2 latency_ms=16.86716079711914
[router] async-send 13 token-expert pairs to expert node 2 at tcp://chimera14:5552
[router] async-send 6 token-expert pairs to expert node 1 at tcp://chimera14:5551
[router] async-send 8 token-expert pairs to expert node 5 at tcp://chimera14:5555
[router] async-send 6 token-expert pairs to expert node 4 at tcp://chimera14:5554
[router] async-send 12 token-expert pairs to expert node 0 at tcp://chimera14:5550
[router] async-send 3 token-expert pairs to expert node 6 at tcp://chimera14:5556
[router] async-send 14 token-expert pairs to expert node 3 at tcp://chimera14:5553
[router] async-send 10 token-expert pairs to expert node 7 at tcp://chimera14:5557
[router] async-recv response from expert node 2 latency_ms=20.200729370117188
[router] async-recv response from expert node 1 latency_ms=9.837627410888672
[router] async-recv response from expert node 5 latency_ms=17.892837524414062
[router] async-recv response from expert node 4 latency_ms=11.891603469848633
[router] async-recv response from expert node 0 latency_ms=20.768165588378906
[router] async-recv response from expert node 6 latency_ms=7.324695587158203
[router] async-recv response from expert node 3 latency_ms=24.390697479248047
[router] async-recv response from expert node 7 latency_ms=16.920089721679688
[router] async-send 10 token-expert pairs to expert node 3 at tcp://chimera14:5553
[router] async-send 11 token-expert pairs to expert node 4 at tcp://chimera14:5554
[router] async-send 15 token-expert pairs to expert node 7 at tcp://chimera14:5557
[router] async-send 3 token-expert pairs to expert node 5 at tcp://chimera14:5555
[router] async-send 7 token-expert pairs to expert node 2 at tcp://chimera14:5552
[router] async-send 4 token-expert pairs to expert node 0 at tcp://chimera14:5550
[router] async-send 14 token-expert pairs to expert node 1 at tcp://chimera14:5551
[router] async-send 8 token-expert pairs to expert node 6 at tcp://chimera14:5556
[router] async-recv response from expert node 3 latency_ms=14.888286590576172
[router] async-recv response from expert node 4 latency_ms=22.4609375
[router] async-recv response from expert node 7 latency_ms=24.213552474975586
[router] async-recv response from expert node 5 latency_ms=7.2956085205078125
[router] async-recv response from expert node 2 latency_ms=13.936996459960938
[router] async-recv response from expert node 0 latency_ms=7.470369338989258
[router] async-recv response from expert node 1 latency_ms=19.4549560546875
[router] async-recv response from expert node 6 latency_ms=10.994672775268555
[router] async-send 6 token-expert pairs to expert node 4 at tcp://chimera14:5554
[router] async-send 15 token-expert pairs to expert node 7 at tcp://chimera14:5557
[router] async-send 17 token-expert pairs to expert node 1 at tcp://chimera14:5551
[router] async-send 6 token-expert pairs to expert node 5 at tcp://chimera14:5555
[router] async-send 13 token-expert pairs to expert node 6 at tcp://chimera14:5556
[router] async-send 6 token-expert pairs to expert node 3 at tcp://chimera14:5553
[router] async-send 6 token-expert pairs to expert node 2 at tcp://chimera14:5552
[router] async-send 3 token-expert pairs to expert node 0 at tcp://chimera14:5550
[router] async-recv response from expert node 4 latency_ms=12.908458709716797
[router] async-recv response from expert node 7 latency_ms=22.457361221313477
[router] async-recv response from expert node 1 latency_ms=22.487401962280273
[router] async-recv response from expert node 5 latency_ms=11.798381805419922
[router] async-recv response from expert node 6 latency_ms=20.123958587646484
[router] async-recv response from expert node 3 latency_ms=11.701583862304688
[router] async-recv response from expert node 2 latency_ms=13.099431991577148
[router] async-recv response from expert node 0 latency_ms=6.955623626708984
[router] async-send 9 token-expert pairs to expert node 3 at tcp://chimera14:5553
[router] async-send 4 token-expert pairs to expert node 1 at tcp://chimera14:5551
[router] async-send 10 token-expert pairs to expert node 0 at tcp://chimera14:5550
[router] async-send 11 token-expert pairs to expert node 7 at tcp://chimera14:5557
[router] async-send 14 token-expert pairs to expert node 4 at tcp://chimera14:5554
[router] async-send 5 token-expert pairs to expert node 2 at tcp://chimera14:5552
[router] async-send 5 token-expert pairs to expert node 6 at tcp://chimera14:5556
[router] async-send 14 token-expert pairs to expert node 5 at tcp://chimera14:5555
[router] async-recv response from expert node 3 latency_ms=13.710498809814453
[router] async-recv response from expert node 1 latency_ms=7.3070526123046875
[router] async-recv response from expert node 0 latency_ms=15.581846237182617
[router] async-recv response from expert node 7 latency_ms=15.766143798828125
[router] async-recv response from expert node 4 latency_ms=19.266366958618164
[router] async-recv response from expert node 2 latency_ms=9.269237518310547
[router] async-recv response from expert node 6 latency_ms=9.850263595581055
[router] async-recv response from expert node 5 latency_ms=16.236066818237305
[router] async-send 14 token-expert pairs to expert node 3 at tcp://chimera14:5553
[router] async-send 13 token-expert pairs to expert node 7 at tcp://chimera14:5557
[router] async-send 8 token-expert pairs to expert node 0 at tcp://chimera14:5550
[router] async-send 3 token-expert pairs to expert node 5 at tcp://chimera14:5555
[router] async-send 13 token-expert pairs to expert node 6 at tcp://chimera14:5556
[router] async-send 9 token-expert pairs to expert node 1 at tcp://chimera14:5551
[router] async-send 8 token-expert pairs to expert node 2 at tcp://chimera14:5552
[router] async-send 4 token-expert pairs to expert node 4 at tcp://chimera14:5554
[router] async-recv response from expert node 3 latency_ms=19.93536949157715
[router] async-recv response from expert node 7 latency_ms=18.046855926513672
[router] async-recv response from expert node 0 latency_ms=14.269828796386719
[router] async-recv response from expert node 5 latency_ms=6.700992584228516
[router] async-recv response from expert node 6 latency_ms=20.440340042114258
[router] async-recv response from expert node 1 latency_ms=12.881278991699219
[router] async-recv response from expert node 2 latency_ms=14.027833938598633
[router] async-recv response from expert node 4 latency_ms=9.248971939086914
[router] async-send 9 token-expert pairs to expert node 6 at tcp://chimera14:5556
[router] async-send 19 token-expert pairs to expert node 2 at tcp://chimera14:5552
[router] async-send 2 token-expert pairs to expert node 0 at tcp://chimera14:5550
[router] async-send 12 token-expert pairs to expert node 5 at tcp://chimera14:5555
[router] async-send 2 token-expert pairs to expert node 1 at tcp://chimera14:5551
[router] async-send 10 token-expert pairs to expert node 7 at tcp://chimera14:5557
[router] async-send 15 token-expert pairs to expert node 4 at tcp://chimera14:5554
[router] async-send 3 token-expert pairs to expert node 3 at tcp://chimera14:5553
[router] async-recv response from expert node 6 latency_ms=14.708757400512695
[router] async-recv response from expert node 2 latency_ms=24.21092987060547
[router] async-recv response from expert node 0 latency_ms=4.631519317626953
[router] async-recv response from expert node 5 latency_ms=17.742156982421875
[router] async-recv response from expert node 1 latency_ms=4.9457550048828125
[router] async-recv response from expert node 7 latency_ms=14.790534973144531
[router] async-recv response from expert node 4 latency_ms=20.545005798339844
[router] async-recv response from expert node 3 latency_ms=7.048606872558594
[router] async-send 6 token-expert pairs to expert node 2 at tcp://chimera14:5552
[router] async-send 10 token-expert pairs to expert node 5 at tcp://chimera14:5555
[router] async-send 12 token-expert pairs to expert node 0 at tcp://chimera14:5550
[router] async-send 10 token-expert pairs to expert node 1 at tcp://chimera14:5551
[router] async-send 13 token-expert pairs to expert node 4 at tcp://chimera14:5554
[router] async-send 7 token-expert pairs to expert node 7 at tcp://chimera14:5557
[router] async-send 7 token-expert pairs to expert node 6 at tcp://chimera14:5556
[router] async-send 7 token-expert pairs to expert node 3 at tcp://chimera14:5553
[router] async-recv response from expert node 2 latency_ms=9.154081344604492
[router] async-recv response from expert node 5 latency_ms=19.123554229736328
[router] async-recv response from expert node 0 latency_ms=18.238544464111328
[router] async-recv response from expert node 1 latency_ms=12.556076049804688
[router] async-recv response from expert node 4 latency_ms=22.253990173339844
[router] async-recv response from expert node 7 latency_ms=15.697479248046875
[router] async-recv response from expert node 6 latency_ms=12.497901916503906
[router] async-recv response from expert node 3 latency_ms=10.358095169067383
[router] async-send 8 token-expert pairs to expert node 2 at tcp://chimera14:5552
[router] async-send 14 token-expert pairs to expert node 0 at tcp://chimera14:5550
[router] async-send 13 token-expert pairs to expert node 3 at tcp://chimera14:5553
[router] async-send 11 token-expert pairs to expert node 4 at tcp://chimera14:5554
[router] async-send 10 token-expert pairs to expert node 7 at tcp://chimera14:5557
[router] async-send 8 token-expert pairs to expert node 6 at tcp://chimera14:5556
[router] async-send 6 token-expert pairs to expert node 1 at tcp://chimera14:5551
[router] async-send 2 token-expert pairs to expert node 5 at tcp://chimera14:5555
[router] async-recv response from expert node 2 latency_ms=10.84136962890625
[router] async-recv response from expert node 0 latency_ms=16.575336456298828
[router] async-recv response from expert node 3 latency_ms=23.61154556274414
[router] async-recv response from expert node 4 latency_ms=14.051675796508789
[router] async-recv response from expert node 7 latency_ms=19.106626510620117
[router] async-recv response from expert node 6 latency_ms=17.679214477539062
[router] async-recv response from expert node 1 latency_ms=11.739253997802734
[router] async-recv response from expert node 5 latency_ms=5.32221794128418
[router] async-send 16 token-expert pairs to expert node 1 at tcp://chimera14:5551
[router] async-send 6 token-expert pairs to expert node 5 at tcp://chimera14:5555
[router] async-send 14 token-expert pairs to expert node 2 at tcp://chimera14:5552
[router] async-send 6 token-expert pairs to expert node 7 at tcp://chimera14:5557
[router] async-send 3 token-expert pairs to expert node 0 at tcp://chimera14:5550
[router] async-send 8 token-expert pairs to expert node 4 at tcp://chimera14:5554
[router] async-send 8 token-expert pairs to expert node 3 at tcp://chimera14:5553
[router] async-send 11 token-expert pairs to expert node 6 at tcp://chimera14:5556
[router] async-recv response from expert node 1 latency_ms=21.166324615478516
[router] async-recv response from expert node 5 latency_ms=8.163928985595703
[router] async-recv response from expert node 2 latency_ms=21.939992904663086
[router] async-recv response from expert node 7 latency_ms=11.564254760742188
[router] async-recv response from expert node 0 latency_ms=6.899356842041016
[router] async-recv response from expert node 4 latency_ms=15.958786010742188
[router] async-recv response from expert node 3 latency_ms=14.132499694824219
[router] async-recv response from expert node 6 latency_ms=17.594575881958008
[router] async-send 13 token-expert pairs to expert node 0 at tcp://chimera14:5550
[router] async-send 6 token-expert pairs to expert node 5 at tcp://chimera14:5555
[router] async-send 8 token-expert pairs to expert node 7 at tcp://chimera14:5557
[router] async-send 14 token-expert pairs to expert node 3 at tcp://chimera14:5553
[router] async-send 6 token-expert pairs to expert node 4 at tcp://chimera14:5554
[router] async-send 10 token-expert pairs to expert node 2 at tcp://chimera14:5552
[router] async-send 9 token-expert pairs to expert node 6 at tcp://chimera14:5556
[router] async-send 6 token-expert pairs to expert node 1 at tcp://chimera14:5551
[router] async-recv response from expert node 0 latency_ms=18.501758575439453
[router] async-recv response from expert node 5 latency_ms=11.497259140014648
[router] async-recv response from expert node 7 latency_ms=12.705087661743164
[router] async-recv response from expert node 3 latency_ms=26.170015335083008
[router] async-recv response from expert node 4 latency_ms=11.555910110473633
[router] async-recv response from expert node 2 latency_ms=20.369768142700195
[router] async-recv response from expert node 6 latency_ms=12.931346893310547
[router] async-recv response from expert node 1 latency_ms=12.372732162475586
[router] async-send 8 token-expert pairs to expert node 7 at tcp://chimera14:5557
[router] async-send 13 token-expert pairs to expert node 4 at tcp://chimera14:5554
[router] async-send 7 token-expert pairs to expert node 6 at tcp://chimera14:5556
[router] async-send 14 token-expert pairs to expert node 1 at tcp://chimera14:5551
[router] async-send 8 token-expert pairs to expert node 5 at tcp://chimera14:5555
[router] async-send 9 token-expert pairs to expert node 2 at tcp://chimera14:5552
[router] async-send 9 token-expert pairs to expert node 3 at tcp://chimera14:5553
[router] async-send 4 token-expert pairs to expert node 0 at tcp://chimera14:5550
[router] async-recv response from expert node 7 latency_ms=14.631032943725586
[router] async-recv response from expert node 4 latency_ms=21.78025245666504
[router] async-recv response from expert node 6 latency_ms=11.85917854309082
[router] async-recv response from expert node 1 latency_ms=20.2481746673584
[router] async-recv response from expert node 5 latency_ms=16.057252883911133
[router] async-recv response from expert node 2 latency_ms=16.609907150268555
[router] async-recv response from expert node 3 latency_ms=19.05989646911621
[router] async-recv response from expert node 0 latency_ms=8.712053298950195
[router] async-send 11 token-expert pairs to expert node 7 at tcp://chimera14:5557
[router] async-send 11 token-expert pairs to expert node 6 at tcp://chimera14:5556
[router] async-send 8 token-expert pairs to expert node 0 at tcp://chimera14:5550
[router] async-send 8 token-expert pairs to expert node 2 at tcp://chimera14:5552
[router] async-send 12 token-expert pairs to expert node 1 at tcp://chimera14:5551
[router] async-send 8 token-expert pairs to expert node 4 at tcp://chimera14:5554
[router] async-send 5 token-expert pairs to expert node 5 at tcp://chimera14:5555
[router] async-send 9 token-expert pairs to expert node 3 at tcp://chimera14:5553
[router] async-recv response from expert node 7 latency_ms=19.26589012145996
[router] async-recv response from expert node 6 latency_ms=18.46766471862793
[router] async-recv response from expert node 0 latency_ms=14.877557754516602
[router] async-recv response from expert node 2 latency_ms=16.54791831970215
[router] async-recv response from expert node 1 latency_ms=20.505428314208984
[router] async-recv response from expert node 4 latency_ms=15.845298767089844
[router] async-recv response from expert node 5 latency_ms=11.3372802734375
[router] async-recv response from expert node 3 latency_ms=15.006542205810547
[router] async-send 10 token-expert pairs to expert node 0 at tcp://chimera14:5550
[router] async-send 14 token-expert pairs to expert node 1 at tcp://chimera14:5551
[router] async-send 12 token-expert pairs to expert node 6 at tcp://chimera14:5556
[router] async-send 4 token-expert pairs to expert node 4 at tcp://chimera14:5554
[router] async-send 8 token-expert pairs to expert node 5 at tcp://chimera14:5555
[router] async-send 9 token-expert pairs to expert node 3 at tcp://chimera14:5553
[router] async-send 7 token-expert pairs to expert node 2 at tcp://chimera14:5552
[router] async-send 8 token-expert pairs to expert node 7 at tcp://chimera14:5557
[router] async-recv response from expert node 0 latency_ms=21.143674850463867
[router] async-recv response from expert node 1 latency_ms=17.749786376953125
[router] async-recv response from expert node 6 latency_ms=19.07038688659668
[router] async-recv response from expert node 4 latency_ms=9.82809066772461
[router] async-recv response from expert node 5 latency_ms=16.535520553588867
[router] async-recv response from expert node 3 latency_ms=19.320011138916016
[router] async-recv response from expert node 2 latency_ms=12.860536575317383
[router] async-recv response from expert node 7 latency_ms=14.951944351196289
[router] async-send 12 token-expert pairs to expert node 7 at tcp://chimera14:5557
[router] async-send 13 token-expert pairs to expert node 1 at tcp://chimera14:5551
[router] async-send 16 token-expert pairs to expert node 5 at tcp://chimera14:5555
[router] async-send 6 token-expert pairs to expert node 2 at tcp://chimera14:5552
[router] async-send 6 token-expert pairs to expert node 4 at tcp://chimera14:5554
[router] async-send 6 token-expert pairs to expert node 6 at tcp://chimera14:5556
[router] async-send 11 token-expert pairs to expert node 3 at tcp://chimera14:5553
[router] async-send 2 token-expert pairs to expert node 0 at tcp://chimera14:5550
[router] async-recv response from expert node 7 latency_ms=21.981000900268555
[router] async-recv response from expert node 1 latency_ms=19.950151443481445
[router] async-recv response from expert node 5 latency_ms=26.527881622314453
[router] async-recv response from expert node 2 latency_ms=10.326862335205078
[router] async-recv response from expert node 4 latency_ms=14.209508895874023
[router] async-recv response from expert node 6 latency_ms=10.28752326965332
[router] async-recv response from expert node 3 latency_ms=17.166852951049805
[router] async-recv response from expert node 0 latency_ms=4.824161529541016
[router] async-send 9 token-expert pairs to expert node 1 at tcp://chimera14:5551
[router] async-send 10 token-expert pairs to expert node 7 at tcp://chimera14:5557
[router] async-send 13 token-expert pairs to expert node 3 at tcp://chimera14:5553
[router] async-send 14 token-expert pairs to expert node 6 at tcp://chimera14:5556
[router] async-send 7 token-expert pairs to expert node 5 at tcp://chimera14:5555
[router] async-send 9 token-expert pairs to expert node 0 at tcp://chimera14:5550
[router] async-send 5 token-expert pairs to expert node 2 at tcp://chimera14:5552
[router] async-send 5 token-expert pairs to expert node 4 at tcp://chimera14:5554
[router] async-recv response from expert node 1 latency_ms=18.239736557006836
[router] async-recv response from expert node 7 latency_ms=18.94354820251465
[router] async-recv response from expert node 3 latency_ms=22.71556854248047
[router] async-recv response from expert node 6 latency_ms=17.819881439208984
[router] async-recv response from expert node 5 latency_ms=14.85133171081543
[router] async-recv response from expert node 0 latency_ms=18.76091957092285
[router] async-recv response from expert node 2 latency_ms=11.377573013305664
[router] async-recv response from expert node 4 latency_ms=12.110233306884766
[router] async-send 20 token-expert pairs to expert node 7 at tcp://chimera14:5557
[router] async-send 9 token-expert pairs to expert node 1 at tcp://chimera14:5551
[router] async-send 10 token-expert pairs to expert node 0 at tcp://chimera14:5550
[router] async-send 5 token-expert pairs to expert node 5 at tcp://chimera14:5555
[router] async-send 5 token-expert pairs to expert node 4 at tcp://chimera14:5554
[router] async-send 9 token-expert pairs to expert node 3 at tcp://chimera14:5553
[router] async-send 11 token-expert pairs to expert node 6 at tcp://chimera14:5556
[router] async-send 11 token-expert pairs to expert node 2 at tcp://chimera14:5552
[router] async-recv response from expert node 7 latency_ms=28.000593185424805
[router] async-recv response from expert node 1 latency_ms=16.265869140625
[router] async-recv response from expert node 0 latency_ms=12.517929077148438
[router] async-recv response from expert node 5 latency_ms=11.756658554077148
[router] async-recv response from expert node 4 latency_ms=9.63282585144043
[router] async-recv response from expert node 3 latency_ms=15.377044677734375
[router] async-recv response from expert node 6 latency_ms=17.453670501708984
[router] async-recv response from expert node 2 latency_ms=19.75870132446289
[router] async-send 15 token-expert pairs to expert node 2 at tcp://chimera14:5552
[router] async-send 8 token-expert pairs to expert node 1 at tcp://chimera14:5551
[router] async-send 9 token-expert pairs to expert node 5 at tcp://chimera14:5555
[router] async-send 7 token-expert pairs to expert node 4 at tcp://chimera14:5554
[router] async-send 12 token-expert pairs to expert node 0 at tcp://chimera14:5550
[router] async-send 5 token-expert pairs to expert node 6 at tcp://chimera14:5556
[router] async-send 14 token-expert pairs to expert node 3 at tcp://chimera14:5553
[router] async-send 10 token-expert pairs to expert node 7 at tcp://chimera14:5557
[router] async-recv response from expert node 2 latency_ms=23.714542388916016
[router] async-recv response from expert node 1 latency_ms=12.916088104248047
[router] async-recv response from expert node 5 latency_ms=20.465612411499023
[router] async-recv response from expert node 4 latency_ms=14.696121215820312
[router] async-recv response from expert node 0 latency_ms=21.117210388183594
[router] async-recv response from expert node 6 latency_ms=11.411190032958984
[router] async-recv response from expert node 3 latency_ms=25.057315826416016
[router] async-recv response from expert node 7 latency_ms=17.26531982421875
[router] async-send 14 token-expert pairs to expert node 3 at tcp://chimera14:5553
[router] async-send 12 token-expert pairs to expert node 4 at tcp://chimera14:5554
[router] async-send 15 token-expert pairs to expert node 7 at tcp://chimera14:5557
[router] async-send 4 token-expert pairs to expert node 5 at tcp://chimera14:5555
[router] async-send 7 token-expert pairs to expert node 2 at tcp://chimera14:5552
[router] async-send 4 token-expert pairs to expert node 0 at tcp://chimera14:5550
[router] async-send 14 token-expert pairs to expert node 1 at tcp://chimera14:5551
[router] async-send 10 token-expert pairs to expert node 6 at tcp://chimera14:5556
[router] async-recv response from expert node 3 latency_ms=21.104097366333008
[router] async-recv response from expert node 4 latency_ms=24.46269989013672
[router] async-recv response from expert node 7 latency_ms=25.275707244873047
[router] async-recv response from expert node 5 latency_ms=9.344339370727539
[router] async-recv response from expert node 2 latency_ms=14.611959457397461
[router] async-recv response from expert node 0 latency_ms=7.538318634033203
[router] async-recv response from expert node 1 latency_ms=19.278526306152344
[router] async-recv response from expert node 6 latency_ms=13.963937759399414
[router] async-send 7 token-expert pairs to expert node 4 at tcp://chimera14:5554
[router] async-send 17 token-expert pairs to expert node 7 at tcp://chimera14:5557
[router] async-send 19 token-expert pairs to expert node 1 at tcp://chimera14:5551
[router] async-send 7 token-expert pairs to expert node 5 at tcp://chimera14:5555
[router] async-send 13 token-expert pairs to expert node 6 at tcp://chimera14:5556
[router] async-send 6 token-expert pairs to expert node 3 at tcp://chimera14:5553
[router] async-send 7 token-expert pairs to expert node 2 at tcp://chimera14:5552
[router] async-send 4 token-expert pairs to expert node 0 at tcp://chimera14:5550
[router] async-recv response from expert node 4 latency_ms=13.287782669067383
[router] async-recv response from expert node 7 latency_ms=23.710012435913086
[router] async-recv response from expert node 1 latency_ms=25.79474449157715
[router] async-recv response from expert node 5 latency_ms=14.75214958190918
[router] async-recv response from expert node 6 latency_ms=20.322799682617188
[router] async-recv response from expert node 3 latency_ms=12.091875076293945
[router] async-recv response from expert node 2 latency_ms=15.637397766113281
[router] async-recv response from expert node 0 latency_ms=9.575128555297852
[router] async-send 11 token-expert pairs to expert node 3 at tcp://chimera14:5553
[router] async-send 5 token-expert pairs to expert node 1 at tcp://chimera14:5551
[router] async-send 12 token-expert pairs to expert node 0 at tcp://chimera14:5550
[router] async-send 13 token-expert pairs to expert node 7 at tcp://chimera14:5557
[router] async-send 14 token-expert pairs to expert node 4 at tcp://chimera14:5554
[router] async-send 5 token-expert pairs to expert node 2 at tcp://chimera14:5552
[router] async-send 5 token-expert pairs to expert node 6 at tcp://chimera14:5556
[router] async-send 15 token-expert pairs to expert node 5 at tcp://chimera14:5555
[router] async-recv response from expert node 3 latency_ms=16.113996505737305
[router] async-recv response from expert node 1 latency_ms=8.769512176513672
[router] async-recv response from expert node 0 latency_ms=19.725561141967773
[router] async-recv response from expert node 7 latency_ms=18.51177215576172
[router] async-recv response from expert node 4 latency_ms=18.789291381835938
[router] async-recv response from expert node 2 latency_ms=9.300708770751953
[router] async-recv response from expert node 6 latency_ms=9.880304336547852
[router] async-recv response from expert node 5 latency_ms=17.229080200195312
[router] async-send 14 token-expert pairs to expert node 3 at tcp://chimera14:5553
[router] async-send 14 token-expert pairs to expert node 7 at tcp://chimera14:5557
[router] async-send 8 token-expert pairs to expert node 0 at tcp://chimera14:5550
[router] async-send 4 token-expert pairs to expert node 5 at tcp://chimera14:5555
[router] async-send 15 token-expert pairs to expert node 6 at tcp://chimera14:5556
[router] async-send 10 token-expert pairs to expert node 1 at tcp://chimera14:5551
[router] async-send 9 token-expert pairs to expert node 2 at tcp://chimera14:5552
[router] async-send 6 token-expert pairs to expert node 4 at tcp://chimera14:5554
[router] async-recv response from expert node 3 latency_ms=19.773244857788086
[router] async-recv response from expert node 7 latency_ms=20.89381217956543
[router] async-recv response from expert node 0 latency_ms=14.619588851928711
[router] async-recv response from expert node 5 latency_ms=9.379148483276367
[router] async-recv response from expert node 6 latency_ms=25.07758140563965
[router] async-recv response from expert node 1 latency_ms=14.835596084594727
[router] async-recv response from expert node 2 latency_ms=16.521930694580078
[router] async-recv response from expert node 4 latency_ms=12.122631072998047
[router] async-send 9 token-expert pairs to expert node 6 at tcp://chimera14:5556
[router] async-send 20 token-expert pairs to expert node 2 at tcp://chimera14:5552
[router] async-send 3 token-expert pairs to expert node 0 at tcp://chimera14:5550
[router] async-send 14 token-expert pairs to expert node 5 at tcp://chimera14:5555
[router] async-send 2 token-expert pairs to expert node 1 at tcp://chimera14:5551
[router] async-send 11 token-expert pairs to expert node 7 at tcp://chimera14:5557
[router] async-send 16 token-expert pairs to expert node 4 at tcp://chimera14:5554
[router] async-send 5 token-expert pairs to expert node 3 at tcp://chimera14:5553
[router] async-recv response from expert node 6 latency_ms=14.587640762329102
[router] async-recv response from expert node 2 latency_ms=24.696826934814453
[router] async-recv response from expert node 0 latency_ms=7.125616073608398
[router] async-recv response from expert node 5 latency_ms=20.44057846069336
[router] async-recv response from expert node 1 latency_ms=5.0334930419921875
[router] async-recv response from expert node 7 latency_ms=15.778064727783203
[router] async-recv response from expert node 4 latency_ms=21.39902114868164
[router] async-recv response from expert node 3 latency_ms=9.346246719360352
[router] async-send 6 token-expert pairs to expert node 2 at tcp://chimera14:5552
[router] async-send 10 token-expert pairs to expert node 5 at tcp://chimera14:5555
[router] async-send 13 token-expert pairs to expert node 0 at tcp://chimera14:5550
[router] async-send 11 token-expert pairs to expert node 1 at tcp://chimera14:5551
[router] async-send 15 token-expert pairs to expert node 4 at tcp://chimera14:5554
[router] async-send 8 token-expert pairs to expert node 7 at tcp://chimera14:5557
[router] async-send 7 token-expert pairs to expert node 6 at tcp://chimera14:5556
[router] async-send 10 token-expert pairs to expert node 3 at tcp://chimera14:5553
[router] async-recv response from expert node 2 latency_ms=9.871721267700195
[router] async-recv response from expert node 5 latency_ms=18.993854522705078
[router] async-recv response from expert node 0 latency_ms=18.78213882446289
[router] async-recv response from expert node 1 latency_ms=14.559745788574219
[router] async-recv response from expert node 4 latency_ms=26.84617042541504
[router] async-recv response from expert node 7 latency_ms=17.994403839111328
[router] async-recv response from expert node 6 latency_ms=12.24207878112793
[router] async-recv response from expert node 3 latency_ms=16.05844497680664
[router] async-send 12 token-expert pairs to expert node 2 at tcp://chimera14:5552
[router] async-send 15 token-expert pairs to expert node 0 at tcp://chimera14:5550
[router] async-send 14 token-expert pairs to expert node 3 at tcp://chimera14:5553
[router] async-send 12 token-expert pairs to expert node 4 at tcp://chimera14:5554
[router] async-send 9 token-expert pairs to expert node 7 at tcp://chimera14:5557
[router] async-send 9 token-expert pairs to expert node 6 at tcp://chimera14:5556
[router] async-send 6 token-expert pairs to expert node 1 at tcp://chimera14:5551
[router] async-send 3 token-expert pairs to expert node 5 at tcp://chimera14:5555
[router] async-recv response from expert node 2 latency_ms=15.264034271240234
[router] async-recv response from expert node 0 latency_ms=17.633438110351562
[router] async-recv response from expert node 3 latency_ms=24.715662002563477
[router] async-recv response from expert node 4 latency_ms=15.021085739135742
[router] async-recv response from expert node 7 latency_ms=16.647815704345703
[router] async-recv response from expert node 6 latency_ms=20.940542221069336
[router] async-recv response from expert node 1 latency_ms=12.022733688354492
[router] async-recv response from expert node 5 latency_ms=7.457971572875977
[router] async-send 16 token-expert pairs to expert node 1 at tcp://chimera14:5551
[router] async-send 6 token-expert pairs to expert node 5 at tcp://chimera14:5555
[router] async-send 16 token-expert pairs to expert node 2 at tcp://chimera14:5552
[router] async-send 7 token-expert pairs to expert node 7 at tcp://chimera14:5557
[router] async-send 4 token-expert pairs to expert node 0 at tcp://chimera14:5550
[router] async-send 11 token-expert pairs to expert node 4 at tcp://chimera14:5554
[router] async-send 8 token-expert pairs to expert node 3 at tcp://chimera14:5553
[router] async-send 12 token-expert pairs to expert node 6 at tcp://chimera14:5556
[router] async-recv response from expert node 1 latency_ms=21.140098571777344
[router] async-recv response from expert node 5 latency_ms=8.435487747192383
[router] async-recv response from expert node 2 latency_ms=24.896621704101562
[router] async-recv response from expert node 7 latency_ms=14.264345169067383
[router] async-recv response from expert node 0 latency_ms=9.309530258178711
[router] async-recv response from expert node 4 latency_ms=21.59857749938965
[router] async-recv response from expert node 3 latency_ms=14.177322387695312
[router] async-recv response from expert node 6 latency_ms=17.882108688354492
[router] async-send 14 token-expert pairs to expert node 0 at tcp://chimera14:5550
[router] async-send 7 token-expert pairs to expert node 5 at tcp://chimera14:5555
[router] async-send 8 token-expert pairs to expert node 7 at tcp://chimera14:5557
[router] async-send 15 token-expert pairs to expert node 3 at tcp://chimera14:5553
[router] async-send 8 token-expert pairs to expert node 4 at tcp://chimera14:5554
[router] async-send 10 token-expert pairs to expert node 2 at tcp://chimera14:5552
[router] async-send 12 token-expert pairs to expert node 6 at tcp://chimera14:5556
[router] async-send 6 token-expert pairs to expert node 1 at tcp://chimera14:5551
[router] async-recv response from expert node 0 latency_ms=20.485401153564453
[router] async-recv response from expert node 5 latency_ms=13.942718505859375
[router] async-recv response from expert node 7 latency_ms=12.612581253051758
[router] async-recv response from expert node 3 latency_ms=26.085376739501953
[router] async-recv response from expert node 4 latency_ms=16.39866828918457
[router] async-recv response from expert node 2 latency_ms=19.178152084350586
[router] async-recv response from expert node 6 latency_ms=16.425609588623047
[router] async-recv response from expert node 1 latency_ms=12.247323989868164
[router] async-send 9 token-expert pairs to expert node 7 at tcp://chimera14:5557
[router] async-send 13 token-expert pairs to expert node 4 at tcp://chimera14:5554
[router] async-send 9 token-expert pairs to expert node 6 at tcp://chimera14:5556
[router] async-send 16 token-expert pairs to expert node 1 at tcp://chimera14:5551
[router] async-send 8 token-expert pairs to expert node 5 at tcp://chimera14:5555
[router] async-send 9 token-expert pairs to expert node 2 at tcp://chimera14:5552
[router] async-send 11 token-expert pairs to expert node 3 at tcp://chimera14:5553
[router] async-send 5 token-expert pairs to expert node 0 at tcp://chimera14:5550
[router] async-recv response from expert node 7 latency_ms=16.776323318481445
[router] async-recv response from expert node 4 latency_ms=21.404266357421875
[router] async-recv response from expert node 6 latency_ms=16.103029251098633
[router] async-recv response from expert node 1 latency_ms=23.3461856842041
[router] async-recv response from expert node 5 latency_ms=16.153335571289062
[router] async-recv response from expert node 2 latency_ms=16.937255859375
[router] async-recv response from expert node 3 latency_ms=22.17411994934082
[router] async-recv response from expert node 0 latency_ms=10.931968688964844
[router] async-send 11 token-expert pairs to expert node 7 at tcp://chimera14:5557
[router] async-send 11 token-expert pairs to expert node 6 at tcp://chimera14:5556
[router] async-send 11 token-expert pairs to expert node 0 at tcp://chimera14:5550
[router] async-send 10 token-expert pairs to expert node 2 at tcp://chimera14:5552
[router] async-send 12 token-expert pairs to expert node 1 at tcp://chimera14:5551
[router] async-send 9 token-expert pairs to expert node 4 at tcp://chimera14:5554
[router] async-send 7 token-expert pairs to expert node 5 at tcp://chimera14:5555
[router] async-send 9 token-expert pairs to expert node 3 at tcp://chimera14:5553
[router] async-recv response from expert node 7 latency_ms=19.066572189331055
[router] async-recv response from expert node 6 latency_ms=18.53799819946289
[router] async-recv response from expert node 0 latency_ms=22.351741790771484
[router] async-recv response from expert node 2 latency_ms=20.97034454345703
[router] async-recv response from expert node 1 latency_ms=20.682573318481445
[router] async-recv response from expert node 4 latency_ms=15.956640243530273
[router] async-recv response from expert node 5 latency_ms=15.146970748901367
[router] async-recv response from expert node 3 latency_ms=15.55013656616211
[router] async-send 12 token-expert pairs to expert node 0 at tcp://chimera14:5550
[router] async-send 15 token-expert pairs to expert node 1 at tcp://chimera14:5551
[router] async-send 14 token-expert pairs to expert node 6 at tcp://chimera14:5556
[router] async-send 5 token-expert pairs to expert node 4 at tcp://chimera14:5554
[router] async-send 9 token-expert pairs to expert node 5 at tcp://chimera14:5555
[router] async-send 9 token-expert pairs to expert node 3 at tcp://chimera14:5553
[router] async-send 8 token-expert pairs to expert node 2 at tcp://chimera14:5552
[router] async-send 8 token-expert pairs to expert node 7 at tcp://chimera14:5557
[router] async-recv response from expert node 0 latency_ms=24.15156364440918
[router] async-recv response from expert node 1 latency_ms=17.609596252441406
[router] async-recv response from expert node 6 latency_ms=21.274089813232422
[router] async-recv response from expert node 4 latency_ms=11.232614517211914
[router] async-recv response from expert node 5 latency_ms=17.25935935974121
[router] async-recv response from expert node 3 latency_ms=18.886804580688477
[router] async-recv response from expert node 2 latency_ms=13.241052627563477
[router] async-recv response from expert node 7 latency_ms=14.455795288085938
[router] async-send 13 token-expert pairs to expert node 7 at tcp://chimera14:5557
[router] async-send 13 token-expert pairs to expert node 1 at tcp://chimera14:5551
[router] async-send 18 token-expert pairs to expert node 5 at tcp://chimera14:5555
[router] async-send 7 token-expert pairs to expert node 2 at tcp://chimera14:5552
[router] async-send 8 token-expert pairs to expert node 4 at tcp://chimera14:5554
[router] async-send 6 token-expert pairs to expert node 6 at tcp://chimera14:5556
[router] async-send 12 token-expert pairs to expert node 3 at tcp://chimera14:5553
[router] async-send 3 token-expert pairs to expert node 0 at tcp://chimera14:5550
[router] async-recv response from expert node 7 latency_ms=22.5067138671875
[router] async-recv response from expert node 1 latency_ms=20.60079574584961
[router] async-recv response from expert node 5 latency_ms=29.445409774780273
[router] async-recv response from expert node 2 latency_ms=12.981414794921875
[router] async-recv response from expert node 4 latency_ms=19.622087478637695
[router] async-recv response from expert node 6 latency_ms=10.41102409362793
[router] async-recv response from expert node 3 latency_ms=18.173933029174805
[router] async-recv response from expert node 0 latency_ms=6.887912750244141
[router] async-send 11 token-expert pairs to expert node 1 at tcp://chimera14:5551
[router] async-send 10 token-expert pairs to expert node 7 at tcp://chimera14:5557
[router] async-send 15 token-expert pairs to expert node 3 at tcp://chimera14:5553
[router] async-send 16 token-expert pairs to expert node 6 at tcp://chimera14:5556
[router] async-send 9 token-expert pairs to expert node 0 at tcp://chimera14:5550
[router] async-send 7 token-expert pairs to expert node 5 at tcp://chimera14:5555
[router] async-send 6 token-expert pairs to expert node 4 at tcp://chimera14:5554
[router] async-send 6 token-expert pairs to expert node 2 at tcp://chimera14:5552
[router] async-recv response from expert node 1 latency_ms=21.433591842651367
[router] async-recv response from expert node 7 latency_ms=18.770217895507812
[router] async-recv response from expert node 3 latency_ms=25.71392059326172
[router] async-recv response from expert node 6 latency_ms=20.847082138061523
[router] async-recv response from expert node 0 latency_ms=18.727540969848633
[router] async-recv response from expert node 5 latency_ms=14.772653579711914
[router] async-recv response from expert node 4 latency_ms=14.418363571166992
[router] async-recv response from expert node 2 latency_ms=14.507055282592773
[router] async-send 21 token-expert pairs to expert node 7 at tcp://chimera14:5557
[router] async-send 10 token-expert pairs to expert node 1 at tcp://chimera14:5551
[router] async-send 12 token-expert pairs to expert node 0 at tcp://chimera14:5550
[router] async-send 6 token-expert pairs to expert node 5 at tcp://chimera14:5555
[router] async-send 6 token-expert pairs to expert node 4 at tcp://chimera14:5554
[router] async-send 10 token-expert pairs to expert node 3 at tcp://chimera14:5553
[router] async-send 12 token-expert pairs to expert node 6 at tcp://chimera14:5556
[router] async-send 11 token-expert pairs to expert node 2 at tcp://chimera14:5552
[router] async-recv response from expert node 7 latency_ms=29.367923736572266
[router] async-recv response from expert node 1 latency_ms=18.878459930419922
[router] async-recv response from expert node 0 latency_ms=14.748811721801758
[router] async-recv response from expert node 5 latency_ms=13.480424880981445
[router] async-recv response from expert node 4 latency_ms=12.193918228149414
[router] async-recv response from expert node 3 latency_ms=16.11018180847168
[router] async-recv response from expert node 6 latency_ms=18.074750900268555
[router] async-recv response from expert node 2 latency_ms=19.0126895904541
[router] async-send 16 token-expert pairs to expert node 2 at tcp://chimera14:5552
[router] async-send 9 token-expert pairs to expert node 1 at tcp://chimera14:5551
[router] async-send 9 token-expert pairs to expert node 5 at tcp://chimera14:5555
[router] async-send 9 token-expert pairs to expert node 4 at tcp://chimera14:5554
[router] async-send 14 token-expert pairs to expert node 0 at tcp://chimera14:5550
[router] async-send 5 token-expert pairs to expert node 6 at tcp://chimera14:5556
[router] async-send 14 token-expert pairs to expert node 3 at tcp://chimera14:5553
[router] async-send 12 token-expert pairs to expert node 7 at tcp://chimera14:5557
[router] async-recv response from expert node 2 latency_ms=25.452375411987305
[router] async-recv response from expert node 1 latency_ms=12.857913970947266
[router] async-recv response from expert node 5 latency_ms=19.777297973632812
[router] async-recv response from expert node 4 latency_ms=17.733097076416016
[router] async-recv response from expert node 0 latency_ms=22.050857543945312
[router] async-recv response from expert node 6 latency_ms=11.307477951049805
[router] async-recv response from expert node 3 latency_ms=24.608373641967773
[router] async-recv response from expert node 7 latency_ms=19.882917404174805
[router] async-send 14 token-expert pairs to expert node 3 at tcp://chimera14:5553
[router] async-send 13 token-expert pairs to expert node 4 at tcp://chimera14:5554
[router] async-send 15 token-expert pairs to expert node 7 at tcp://chimera14:5557
[router] async-send 4 token-expert pairs to expert node 5 at tcp://chimera14:5555
[router] async-send 8 token-expert pairs to expert node 2 at tcp://chimera14:5552
[router] async-send 5 token-expert pairs to expert node 0 at tcp://chimera14:5550
[router] async-send 16 token-expert pairs to expert node 1 at tcp://chimera14:5551
[router] async-send 13 token-expert pairs to expert node 6 at tcp://chimera14:5556
[router] async-recv response from expert node 3 latency_ms=21.258831024169922
[router] async-recv response from expert node 4 latency_ms=25.054931640625
[router] async-recv response from expert node 7 latency_ms=25.27642250061035
[router] async-recv response from expert node 5 latency_ms=9.458065032958984
[router] async-recv response from expert node 2 latency_ms=16.97850227355957
[router] async-recv response from expert node 0 latency_ms=8.081912994384766
[router] async-recv response from expert node 1 latency_ms=21.227598190307617
[router] async-recv response from expert node 6 latency_ms=18.187761306762695
[router] async-send 7 token-expert pairs to expert node 4 at tcp://chimera14:5554
[router] async-send 18 token-expert pairs to expert node 7 at tcp://chimera14:5557
[router] async-send 22 token-expert pairs to expert node 1 at tcp://chimera14:5551
[router] async-send 7 token-expert pairs to expert node 5 at tcp://chimera14:5555
[router] async-send 15 token-expert pairs to expert node 6 at tcp://chimera14:5556
[router] async-send 7 token-expert pairs to expert node 3 at tcp://chimera14:5553
[router] async-send 8 token-expert pairs to expert node 2 at tcp://chimera14:5552
[router] async-send 4 token-expert pairs to expert node 0 at tcp://chimera14:5550
[router] async-recv response from expert node 4 latency_ms=13.159036636352539
[router] async-recv response from expert node 7 latency_ms=24.631500244140625
[router] async-recv response from expert node 1 latency_ms=28.124094009399414
[router] async-recv response from expert node 5 latency_ms=14.269828796386719
[router] async-recv response from expert node 6 latency_ms=20.450353622436523
[router] async-recv response from expert node 3 latency_ms=12.462377548217773
[router] async-recv response from expert node 2 latency_ms=17.8682804107666
[router] async-recv response from expert node 0 latency_ms=9.470939636230469
[router] async-send 11 token-expert pairs to expert node 3 at tcp://chimera14:5553
[router] async-send 6 token-expert pairs to expert node 1 at tcp://chimera14:5551
[router] async-send 12 token-expert pairs to expert node 0 at tcp://chimera14:5550
[router] async-send 14 token-expert pairs to expert node 7 at tcp://chimera14:5557
[router] async-send 16 token-expert pairs to expert node 4 at tcp://chimera14:5554
[router] async-send 7 token-expert pairs to expert node 2 at tcp://chimera14:5552
[router] async-send 5 token-expert pairs to expert node 6 at tcp://chimera14:5556
[router] async-send 17 token-expert pairs to expert node 5 at tcp://chimera14:5555
[router] async-recv response from expert node 3 latency_ms=15.987396240234375
[router] async-recv response from expert node 1 latency_ms=11.230230331420898
[router] async-recv response from expert node 0 latency_ms=19.308805465698242
[router] async-recv response from expert node 7 latency_ms=18.553733825683594
[router] async-recv response from expert node 4 latency_ms=19.6683406829834
[router] async-recv response from expert node 2 latency_ms=12.063980102539062
[router] async-recv response from expert node 6 latency_ms=9.405374526977539
[router] async-recv response from expert node 5 latency_ms=18.41282844543457
[router] async-send 17 token-expert pairs to expert node 3 at tcp://chimera14:5553
[router] async-send 15 token-expert pairs to expert node 7 at tcp://chimera14:5557
[router] async-send 8 token-expert pairs to expert node 0 at tcp://chimera14:5550
[router] async-send 4 token-expert pairs to expert node 5 at tcp://chimera14:5555
[router] async-send 16 token-expert pairs to expert node 6 at tcp://chimera14:5556
[router] async-send 12 token-expert pairs to expert node 1 at tcp://chimera14:5551
[router] async-send 9 token-expert pairs to expert node 2 at tcp://chimera14:5552
[router] async-send 7 token-expert pairs to expert node 4 at tcp://chimera14:5554
[router] async-recv response from expert node 3 latency_ms=23.67997169494629
[router] async-recv response from expert node 7 latency_ms=21.028518676757812
[router] async-recv response from expert node 0 latency_ms=14.50037956237793
[router] async-recv response from expert node 5 latency_ms=9.081363677978516
[router] async-recv response from expert node 6 latency_ms=26.339292526245117
[router] async-recv response from expert node 1 latency_ms=15.499114990234375
[router] async-recv response from expert node 2 latency_ms=16.625642776489258
[router] async-recv response from expert node 4 latency_ms=12.362480163574219
[router] async-send 11 token-expert pairs to expert node 6 at tcp://chimera14:5556
[router] async-send 21 token-expert pairs to expert node 2 at tcp://chimera14:5552
[router] async-send 3 token-expert pairs to expert node 0 at tcp://chimera14:5550
[router] async-send 16 token-expert pairs to expert node 5 at tcp://chimera14:5555
[router] async-send 2 token-expert pairs to expert node 1 at tcp://chimera14:5551
[router] async-send 11 token-expert pairs to expert node 7 at tcp://chimera14:5557
[router] async-send 18 token-expert pairs to expert node 4 at tcp://chimera14:5554
[router] async-send 6 token-expert pairs to expert node 3 at tcp://chimera14:5553
[router] async-recv response from expert node 6 latency_ms=17.305374145507812
[router] async-recv response from expert node 2 latency_ms=24.07360076904297
[router] async-recv response from expert node 0 latency_ms=6.689786911010742
[router] async-recv response from expert node 5 latency_ms=22.654056549072266
[router] async-recv response from expert node 1 latency_ms=4.762887954711914
[router] async-recv response from expert node 7 latency_ms=15.299797058105469
[router] async-recv response from expert node 4 latency_ms=21.433353424072266
[router] async-recv response from expert node 3 latency_ms=9.912490844726562
[router] async-send 7 token-expert pairs to expert node 2 at tcp://chimera14:5552
[router] async-send 11 token-expert pairs to expert node 5 at tcp://chimera14:5555
[router] async-send 14 token-expert pairs to expert node 0 at tcp://chimera14:5550
[router] async-send 12 token-expert pairs to expert node 1 at tcp://chimera14:5551
[router] async-send 17 token-expert pairs to expert node 4 at tcp://chimera14:5554
[router] async-send 9 token-expert pairs to expert node 7 at tcp://chimera14:5557
[router] async-send 7 token-expert pairs to expert node 6 at tcp://chimera14:5556
[router] async-send 11 token-expert pairs to expert node 3 at tcp://chimera14:5553
[router] async-recv response from expert node 2 latency_ms=11.940479278564453
[router] async-recv response from expert node 5 latency_ms=19.02461051940918
[router] async-recv response from expert node 0 latency_ms=19.595861434936523
[router] async-recv response from expert node 1 latency_ms=16.794681549072266
[router] async-recv response from expert node 4 latency_ms=30.23552894592285
[router] async-recv response from expert node 7 latency_ms=18.3718204498291
[router] async-recv response from expert node 6 latency_ms=12.268304824829102
[router] async-recv response from expert node 3 latency_ms=16.459226608276367
[router] async-send 13 token-expert pairs to expert node 2 at tcp://chimera14:5552
[router] async-send 17 token-expert pairs to expert node 0 at tcp://chimera14:5550
[router] async-send 15 token-expert pairs to expert node 3 at tcp://chimera14:5553
[router] async-send 11 token-expert pairs to expert node 4 at tcp://chimera14:5554
[router] async-send 11 token-expert pairs to expert node 7 at tcp://chimera14:5557
[router] async-send 11 token-expert pairs to expert node 6 at tcp://chimera14:5556
[router] async-send 7 token-expert pairs to expert node 1 at tcp://chimera14:5551
[router] async-send 3 token-expert pairs to expert node 5 at tcp://chimera14:5555
[router] async-recv response from expert node 2 latency_ms=17.019033432006836
[router] async-recv response from expert node 0 latency_ms=18.49651336669922
[router] async-recv response from expert node 3 latency_ms=27.3892879486084
[router] async-recv response from expert node 4 latency_ms=14.16468620300293
[router] async-recv response from expert node 7 latency_ms=19.782066345214844
[router] async-recv response from expert node 6 latency_ms=22.876977920532227
[router] async-recv response from expert node 1 latency_ms=14.030218124389648
[router] async-recv response from expert node 5 latency_ms=7.138490676879883
[router] async-send 17 token-expert pairs to expert node 1 at tcp://chimera14:5551
[router] async-send 6 token-expert pairs to expert node 5 at tcp://chimera14:5555
[router] async-send 16 token-expert pairs to expert node 2 at tcp://chimera14:5552
[router] async-send 8 token-expert pairs to expert node 7 at tcp://chimera14:5557
[router] async-send 5 token-expert pairs to expert node 0 at tcp://chimera14:5550
[router] async-send 13 token-expert pairs to expert node 4 at tcp://chimera14:5554
[router] async-send 10 token-expert pairs to expert node 3 at tcp://chimera14:5553
[router] async-send 13 token-expert pairs to expert node 6 at tcp://chimera14:5556
[router] async-recv response from expert node 1 latency_ms=23.455142974853516
[router] async-recv response from expert node 5 latency_ms=8.475780487060547
[router] async-recv response from expert node 2 latency_ms=24.756669998168945
[router] async-recv response from expert node 7 latency_ms=14.351129531860352
[router] async-recv response from expert node 0 latency_ms=11.070728302001953
[router] async-recv response from expert node 4 latency_ms=25.041580200195312
[router] async-recv response from expert node 3 latency_ms=14.808893203735352
[router] async-recv response from expert node 6 latency_ms=18.076658248901367
[router] async-send 14 token-expert pairs to expert node 0 at tcp://chimera14:5550
[router] async-send 8 token-expert pairs to expert node 5 at tcp://chimera14:5555
[router] async-send 9 token-expert pairs to expert node 7 at tcp://chimera14:5557
[router] async-send 17 token-expert pairs to expert node 3 at tcp://chimera14:5553
[router] async-send 8 token-expert pairs to expert node 4 at tcp://chimera14:5554
[router] async-send 11 token-expert pairs to expert node 2 at tcp://chimera14:5552
[router] async-send 14 token-expert pairs to expert node 6 at tcp://chimera14:5556
[router] async-send 7 token-expert pairs to expert node 1 at tcp://chimera14:5551
[router] async-recv response from expert node 0 latency_ms=21.093130111694336
[router] async-recv response from expert node 5 latency_ms=15.803337097167969
[router] async-recv response from expert node 7 latency_ms=15.272378921508789
[router] async-recv response from expert node 3 latency_ms=29.093503952026367
[router] async-recv response from expert node 4 latency_ms=15.865325927734375
[router] async-recv response from expert node 2 latency_ms=20.0040340423584
[router] async-recv response from expert node 6 latency_ms=18.477201461791992
[router] async-recv response from expert node 1 latency_ms=14.68038558959961
[router] async-send 12 token-expert pairs to expert node 7 at tcp://chimera14:5557
[router] async-send 13 token-expert pairs to expert node 4 at tcp://chimera14:5554
[router] async-send 9 token-expert pairs to expert node 6 at tcp://chimera14:5556
[router] async-send 18 token-expert pairs to expert node 1 at tcp://chimera14:5551
[router] async-send 8 token-expert pairs to expert node 5 at tcp://chimera14:5555
[router] async-send 9 token-expert pairs to expert node 2 at tcp://chimera14:5552
[router] async-send 12 token-expert pairs to expert node 3 at tcp://chimera14:5553
[router] async-send 7 token-expert pairs to expert node 0 at tcp://chimera14:5550
[router] async-recv response from expert node 7 latency_ms=21.14725112915039
[router] async-recv response from expert node 4 latency_ms=21.9419002532959
[router] async-recv response from expert node 6 latency_ms=16.259193420410156
[router] async-recv response from expert node 1 latency_ms=26.376724243164062
[router] async-recv response from expert node 5 latency_ms=16.831398010253906
[router] async-recv response from expert node 2 latency_ms=17.78101921081543
[router] async-recv response from expert node 3 latency_ms=23.337364196777344
[router] async-recv response from expert node 0 latency_ms=15.150070190429688
[router] async-send 12 token-expert pairs to expert node 7 at tcp://chimera14:5557
[router] async-send 12 token-expert pairs to expert node 6 at tcp://chimera14:5556
[router] async-send 13 token-expert pairs to expert node 0 at tcp://chimera14:5550
[router] async-send 13 token-expert pairs to expert node 2 at tcp://chimera14:5552
[router] async-send 12 token-expert pairs to expert node 1 at tcp://chimera14:5551
[router] async-send 9 token-expert pairs to expert node 4 at tcp://chimera14:5554
[router] async-send 8 token-expert pairs to expert node 5 at tcp://chimera14:5555
[router] async-send 9 token-expert pairs to expert node 3 at tcp://chimera14:5553
[router] async-recv response from expert node 7 latency_ms=19.438982009887695
[router] async-recv response from expert node 6 latency_ms=20.794153213500977
[router] async-recv response from expert node 0 latency_ms=25.641202926635742
[router] async-recv response from expert node 2 latency_ms=24.282455444335938
[router] async-recv response from expert node 1 latency_ms=21.04926109313965
[router] async-recv response from expert node 4 latency_ms=16.40176773071289
[router] async-recv response from expert node 5 latency_ms=17.420530319213867
[router] async-recv response from expert node 3 latency_ms=15.490531921386719
[router] async-send 13 token-expert pairs to expert node 0 at tcp://chimera14:5550
[router] async-send 16 token-expert pairs to expert node 1 at tcp://chimera14:5551
[router] async-send 15 token-expert pairs to expert node 6 at tcp://chimera14:5556
[router] async-send 6 token-expert pairs to expert node 4 at tcp://chimera14:5554
[router] async-send 10 token-expert pairs to expert node 5 at tcp://chimera14:5555
[router] async-send 11 token-expert pairs to expert node 3 at tcp://chimera14:5553
[router] async-send 8 token-expert pairs to expert node 2 at tcp://chimera14:5552
[router] async-send 9 token-expert pairs to expert node 7 at tcp://chimera14:5557
[router] async-recv response from expert node 0 latency_ms=25.121688842773438
[router] async-recv response from expert node 1 latency_ms=18.860340118408203
[router] async-recv response from expert node 6 latency_ms=23.69403839111328
[router] async-recv response from expert node 4 latency_ms=14.191389083862305
[router] async-recv response from expert node 5 latency_ms=19.878149032592773
[router] async-recv response from expert node 3 latency_ms=21.613597869873047
[router] async-recv response from expert node 2 latency_ms=13.365030288696289
[router] async-recv response from expert node 7 latency_ms=15.640020370483398
[router] async-send 13 token-expert pairs to expert node 7 at tcp://chimera14:5557
[router] async-send 13 token-expert pairs to expert node 1 at tcp://chimera14:5551
[router] async-send 21 token-expert pairs to expert node 5 at tcp://chimera14:5555
[router] async-send 8 token-expert pairs to expert node 2 at tcp://chimera14:5552
[router] async-send 10 token-expert pairs to expert node 4 at tcp://chimera14:5554
[router] async-send 6 token-expert pairs to expert node 6 at tcp://chimera14:5556
[router] async-send 13 token-expert pairs to expert node 3 at tcp://chimera14:5553
[router] async-send 4 token-expert pairs to expert node 0 at tcp://chimera14:5550
[router] async-recv response from expert node 7 latency_ms=23.657560348510742
[router] async-recv response from expert node 1 latency_ms=20.567893981933594
[router] async-recv response from expert node 5 latency_ms=30.436277389526367
[router] async-recv response from expert node 2 latency_ms=14.826774597167969
[router] async-recv response from expert node 4 latency_ms=23.906469345092773
[router] async-recv response from expert node 6 latency_ms=10.57291030883789
[router] async-recv response from expert node 3 latency_ms=18.789052963256836
[router] async-recv response from expert node 0 latency_ms=7.494449615478516
[router] async-send 11 token-expert pairs to expert node 1 at tcp://chimera14:5551
[router] async-send 10 token-expert pairs to expert node 7 at tcp://chimera14:5557
[router] async-send 16 token-expert pairs to expert node 3 at tcp://chimera14:5553
[router] async-send 18 token-expert pairs to expert node 6 at tcp://chimera14:5556
[router] async-send 11 token-expert pairs to expert node 0 at tcp://chimera14:5550
[router] async-send 8 token-expert pairs to expert node 5 at tcp://chimera14:5555
[router] async-send 6 token-expert pairs to expert node 4 at tcp://chimera14:5554
[router] async-send 8 token-expert pairs to expert node 2 at tcp://chimera14:5552
[router] async-recv response from expert node 1 latency_ms=20.740032196044922
[router] async-recv response from expert node 7 latency_ms=18.970966339111328
[router] async-recv response from expert node 3 latency_ms=26.839733123779297
[router] async-recv response from expert node 6 latency_ms=24.533510208129883
[router] async-recv response from expert node 0 latency_ms=21.289587020874023
[router] async-recv response from expert node 5 latency_ms=17.37046241760254
[router] async-recv response from expert node 4 latency_ms=14.666557312011719
[router] async-recv response from expert node 2 latency_ms=18.24784278869629
[router] async-send 21 token-expert pairs to expert node 7 at tcp://chimera14:5557
[router] async-send 10 token-expert pairs to expert node 1 at tcp://chimera14:5551
[router] async-send 13 token-expert pairs to expert node 0 at tcp://chimera14:5550
[router] async-send 10 token-expert pairs to expert node 5 at tcp://chimera14:5555
[router] async-send 6 token-expert pairs to expert node 4 at tcp://chimera14:5554
[router] async-send 12 token-expert pairs to expert node 3 at tcp://chimera14:5553
[router] async-send 13 token-expert pairs to expert node 6 at tcp://chimera14:5556
[router] async-send 11 token-expert pairs to expert node 2 at tcp://chimera14:5552
[router] async-recv response from expert node 7 latency_ms=29.143095016479492
[router] async-recv response from expert node 1 latency_ms=18.756866455078125
[router] async-recv response from expert node 0 latency_ms=15.823602676391602
[router] async-recv response from expert node 5 latency_ms=19.172191619873047
[router] async-recv response from expert node 4 latency_ms=12.05134391784668
[router] async-recv response from expert node 3 latency_ms=19.12069320678711
[router] async-recv response from expert node 6 latency_ms=20.499706268310547
[router] async-recv response from expert node 2 latency_ms=19.927501678466797
[router] async-send 17 token-expert pairs to expert node 2 at tcp://chimera14:5552
[router] async-send 10 token-expert pairs to expert node 1 at tcp://chimera14:5551
[router] async-send 10 token-expert pairs to expert node 5 at tcp://chimera14:5555
[router] async-send 11 token-expert pairs to expert node 4 at tcp://chimera14:5554
[router] async-send 14 token-expert pairs to expert node 0 at tcp://chimera14:5550
[router] async-send 6 token-expert pairs to expert node 6 at tcp://chimera14:5556
[router] async-send 15 token-expert pairs to expert node 3 at tcp://chimera14:5553
[router] async-send 13 token-expert pairs to expert node 7 at tcp://chimera14:5557
[router] async-recv response from expert node 2 latency_ms=26.051759719848633
[router] async-recv response from expert node 1 latency_ms=14.890909194946289
[router] async-recv response from expert node 5 latency_ms=20.64800262451172
[router] async-recv response from expert node 4 latency_ms=20.007848739624023
[router] async-recv response from expert node 0 latency_ms=21.698474884033203
[router] async-recv response from expert node 6 latency_ms=13.667106628417969
[router] async-recv response from expert node 3 latency_ms=27.329206466674805
[router] async-recv response from expert node 7 latency_ms=22.73082733154297
[router] async-send 14 token-expert pairs to expert node 3 at tcp://chimera14:5553
[router] async-send 14 token-expert pairs to expert node 4 at tcp://chimera14:5554
[router] async-send 17 token-expert pairs to expert node 7 at tcp://chimera14:5557
[router] async-send 4 token-expert pairs to expert node 5 at tcp://chimera14:5555
[router] async-send 9 token-expert pairs to expert node 2 at tcp://chimera14:5552
[router] async-send 6 token-expert pairs to expert node 0 at tcp://chimera14:5550
[router] async-send 18 token-expert pairs to expert node 1 at tcp://chimera14:5551
[router] async-send 14 token-expert pairs to expert node 6 at tcp://chimera14:5556
[router] async-recv response from expert node 3 latency_ms=21.09360694885254
[router] async-recv response from expert node 4 latency_ms=25.52509307861328
[router] async-recv response from expert node 7 latency_ms=27.92811393737793
[router] async-recv response from expert node 5 latency_ms=9.221076965332031
[router] async-recv response from expert node 2 latency_ms=18.343687057495117
[router] async-recv response from expert node 0 latency_ms=8.560895919799805
[router] async-recv response from expert node 1 latency_ms=23.377656936645508
[router] async-recv response from expert node 6 latency_ms=18.7380313873291
[router] async-send 8 token-expert pairs to expert node 4 at tcp://chimera14:5554
[router] async-send 19 token-expert pairs to expert node 7 at tcp://chimera14:5557
[router] async-send 23 token-expert pairs to expert node 1 at tcp://chimera14:5551
[router] async-send 8 token-expert pairs to expert node 5 at tcp://chimera14:5555
[router] async-send 17 token-expert pairs to expert node 6 at tcp://chimera14:5556
[router] async-send 8 token-expert pairs to expert node 3 at tcp://chimera14:5553
[router] async-send 8 token-expert pairs to expert node 2 at tcp://chimera14:5552
[router] async-send 5 token-expert pairs to expert node 0 at tcp://chimera14:5550
[router] async-recv response from expert node 4 latency_ms=13.218164443969727
[router] async-recv response from expert node 7 latency_ms=26.69048309326172
[router] async-recv response from expert node 1 latency_ms=29.315710067749023
[router] async-recv response from expert node 5 latency_ms=17.02594757080078
[router] async-recv response from expert node 6 latency_ms=21.65818214416504
[router] async-recv response from expert node 3 latency_ms=13.527393341064453
[router] async-recv response from expert node 2 latency_ms=18.189668655395508
[router] async-recv response from expert node 0 latency_ms=9.98234748840332
[router] async-send 11 token-expert pairs to expert node 3 at tcp://chimera14:5553
[router] async-send 7 token-expert pairs to expert node 1 at tcp://chimera14:5551
[router] async-send 12 token-expert pairs to expert node 0 at tcp://chimera14:5550
[router] async-send 15 token-expert pairs to expert node 7 at tcp://chimera14:5557
[router] async-send 19 token-expert pairs to expert node 4 at tcp://chimera14:5554
[router] async-send 8 token-expert pairs to expert node 2 at tcp://chimera14:5552
[router] async-send 6 token-expert pairs to expert node 6 at tcp://chimera14:5556
[router] async-send 18 token-expert pairs to expert node 5 at tcp://chimera14:5555
[router] async-recv response from expert node 3 latency_ms=16.10589027404785
[router] async-recv response from expert node 1 latency_ms=13.830900192260742
[router] async-recv response from expert node 0 latency_ms=20.050764083862305
[router] async-recv response from expert node 7 latency_ms=19.340038299560547
[router] async-recv response from expert node 4 latency_ms=25.1009464263916
[router] async-recv response from expert node 2 latency_ms=12.671232223510742
[router] async-recv response from expert node 6 latency_ms=11.999368667602539
[router] async-recv response from expert node 5 latency_ms=19.094228744506836
[router] async-send 19 token-expert pairs to expert node 3 at tcp://chimera14:5553
[router] async-send 16 token-expert pairs to expert node 7 at tcp://chimera14:5557
[router] async-send 9 token-expert pairs to expert node 0 at tcp://chimera14:5550
[router] async-send 4 token-expert pairs to expert node 5 at tcp://chimera14:5555
[router] async-send 17 token-expert pairs to expert node 6 at tcp://chimera14:5556
[router] async-send 15 token-expert pairs to expert node 1 at tcp://chimera14:5551
[router] async-send 9 token-expert pairs to expert node 2 at tcp://chimera14:5552
[router] async-send 7 token-expert pairs to expert node 4 at tcp://chimera14:5554
[router] async-recv response from expert node 3 latency_ms=25.18486976623535
[router] async-recv response from expert node 7 latency_ms=22.34649658203125
[router] async-recv response from expert node 0 latency_ms=14.952421188354492
[router] async-recv response from expert node 5 latency_ms=9.299039840698242
[router] async-recv response from expert node 6 latency_ms=26.604890823364258
[router] async-recv response from expert node 1 latency_ms=19.67763900756836
[router] async-recv response from expert node 2 latency_ms=16.901493072509766
[router] async-recv response from expert node 4 latency_ms=12.823104858398438
[router] async-send 12 token-expert pairs to expert node 6 at tcp://chimera14:5556
[router] async-send 22 token-expert pairs to expert node 2 at tcp://chimera14:5552
[router] async-send 3 token-expert pairs to expert node 0 at tcp://chimera14:5550
[router] async-send 19 token-expert pairs to expert node 5 at tcp://chimera14:5555
[router] async-send 2 token-expert pairs to expert node 1 at tcp://chimera14:5551
[router] async-send 11 token-expert pairs to expert node 7 at tcp://chimera14:5557
[router] async-send 20 token-expert pairs to expert node 4 at tcp://chimera14:5554
[router] async-send 7 token-expert pairs to expert node 3 at tcp://chimera14:5553
[router] async-recv response from expert node 6 latency_ms=17.937183380126953
[router] async-recv response from expert node 2 latency_ms=24.390220642089844
[router] async-recv response from expert node 0 latency_ms=6.992578506469727
[router] async-recv response from expert node 5 latency_ms=35.72273254394531
[router] async-recv response from expert node 1 latency_ms=4.958868026733398
[router] async-recv response from expert node 7 latency_ms=15.038251876831055
[router] async-recv response from expert node 4 latency_ms=22.8729248046875
[router] async-recv response from expert node 3 latency_ms=10.854005813598633
[router] async-send 7 token-expert pairs to expert node 2 at tcp://chimera14:5552
[router] async-send 12 token-expert pairs to expert node 5 at tcp://chimera14:5555
[router] async-send 16 token-expert pairs to expert node 0 at tcp://chimera14:5550
[router] async-send 13 token-expert pairs to expert node 1 at tcp://chimera14:5551
[router] async-send 18 token-expert pairs to expert node 4 at tcp://chimera14:5554
[router] async-send 10 token-expert pairs to expert node 7 at tcp://chimera14:5557
[router] async-send 7 token-expert pairs to expert node 6 at tcp://chimera14:5556
[router] async-send 13 token-expert pairs to expert node 3 at tcp://chimera14:5553
[router] async-recv response from expert node 2 latency_ms=12.103080749511719
[router] async-recv response from expert node 5 latency_ms=19.55413818359375
[router] async-recv response from expert node 0 latency_ms=22.141456604003906
[router] async-recv response from expert node 1 latency_ms=18.419981002807617
[router] async-recv response from expert node 4 latency_ms=30.337810516357422
[router] async-recv response from expert node 7 latency_ms=18.85056495666504
[router] async-recv response from expert node 6 latency_ms=12.162923812866211
[router] async-recv response from expert node 3 latency_ms=18.22376251220703
[router] async-send 13 token-expert pairs to expert node 2 at tcp://chimera14:5552
[router] async-send 18 token-expert pairs to expert node 0 at tcp://chimera14:5550
[router] async-send 15 token-expert pairs to expert node 3 at tcp://chimera14:5553
[router] async-send 11 token-expert pairs to expert node 4 at tcp://chimera14:5554
[router] async-send 14 token-expert pairs to expert node 7 at tcp://chimera14:5557
[router] async-send 14 token-expert pairs to expert node 6 at tcp://chimera14:5556
[router] async-send 8 token-expert pairs to expert node 1 at tcp://chimera14:5551
[router] async-send 3 token-expert pairs to expert node 5 at tcp://chimera14:5555
[router] async-recv response from expert node 2 latency_ms=16.914844512939453
[router] async-recv response from expert node 0 latency_ms=18.644332885742188
[router] async-recv response from expert node 3 latency_ms=26.19481086730957
[router] async-recv response from expert node 4 latency_ms=14.027595520019531
[router] async-recv response from expert node 7 latency_ms=23.179054260253906
[router] async-recv response from expert node 6 latency_ms=23.18120002746582
[router] async-recv response from expert node 1 latency_ms=14.14179801940918
[router] async-recv response from expert node 5 latency_ms=6.7348480224609375
[router] async-send 18 token-expert pairs to expert node 1 at tcp://chimera14:5551
[router] async-send 6 token-expert pairs to expert node 5 at tcp://chimera14:5555
[router] async-send 16 token-expert pairs to expert node 2 at tcp://chimera14:5552
[router] async-send 9 token-expert pairs to expert node 7 at tcp://chimera14:5557
[router] async-send 5 token-expert pairs to expert node 0 at tcp://chimera14:5550
[router] async-send 14 token-expert pairs to expert node 4 at tcp://chimera14:5554
[router] async-send 14 token-expert pairs to expert node 3 at tcp://chimera14:5553
[router] async-send 14 token-expert pairs to expert node 6 at tcp://chimera14:5556
[router] async-recv response from expert node 1 latency_ms=23.882389068603516
[router] async-recv response from expert node 5 latency_ms=8.372068405151367
[router] async-recv response from expert node 2 latency_ms=24.95598793029785
[router] async-recv response from expert node 7 latency_ms=15.045166015625
[router] async-recv response from expert node 0 latency_ms=11.078834533691406
[router] async-recv response from expert node 4 latency_ms=24.976015090942383
[router] async-recv response from expert node 3 latency_ms=20.841360092163086
[router] async-recv response from expert node 6 latency_ms=20.238637924194336
[router] async-send 15 token-expert pairs to expert node 0 at tcp://chimera14:5550
[router] async-send 8 token-expert pairs to expert node 5 at tcp://chimera14:5555
[router] async-send 9 token-expert pairs to expert node 7 at tcp://chimera14:5557
[router] async-send 19 token-expert pairs to expert node 3 at tcp://chimera14:5553
[router] async-send 10 token-expert pairs to expert node 4 at tcp://chimera14:5554
[router] async-send 13 token-expert pairs to expert node 2 at tcp://chimera14:5552
[router] async-send 15 token-expert pairs to expert node 6 at tcp://chimera14:5556
[router] async-send 7 token-expert pairs to expert node 1 at tcp://chimera14:5551
[router] async-recv response from expert node 0 latency_ms=20.854711532592773
[router] async-recv response from expert node 5 latency_ms=15.266895294189453
[router] async-recv response from expert node 7 latency_ms=15.126943588256836
[router] async-recv response from expert node 3 latency_ms=30.56621551513672
[router] async-recv response from expert node 4 latency_ms=20.433902740478516
[router] async-recv response from expert node 2 latency_ms=20.490407943725586
[router] async-recv response from expert node 6 latency_ms=18.985271453857422
[router] async-recv response from expert node 1 latency_ms=14.653921127319336
[router] async-send 13 token-expert pairs to expert node 7 at tcp://chimera14:5557
[router] async-send 14 token-expert pairs to expert node 4 at tcp://chimera14:5554
[router] async-send 10 token-expert pairs to expert node 6 at tcp://chimera14:5556
[router] async-send 20 token-expert pairs to expert node 1 at tcp://chimera14:5551
[router] async-send 9 token-expert pairs to expert node 5 at tcp://chimera14:5555
[router] async-send 10 token-expert pairs to expert node 2 at tcp://chimera14:5552
[router] async-send 13 token-expert pairs to expert node 3 at tcp://chimera14:5553
[router] async-send 7 token-expert pairs to expert node 0 at tcp://chimera14:5550
[router] async-recv response from expert node 7 latency_ms=21.492958068847656
[router] async-recv response from expert node 4 latency_ms=23.74744415283203
[router] async-recv response from expert node 6 latency_ms=18.59307289123535
[router] async-recv response from expert node 1 latency_ms=29.554128646850586
[router] async-recv response from expert node 5 latency_ms=18.74995231628418
[router] async-recv response from expert node 2 latency_ms=19.88530158996582
[router] async-recv response from expert node 3 latency_ms=24.037599563598633
[router] async-recv response from expert node 0 latency_ms=15.503168106079102
[router] async-send 13 token-expert pairs to expert node 7 at tcp://chimera14:5557
[router] async-send 15 token-expert pairs to expert node 6 at tcp://chimera14:5556
[router] async-send 13 token-expert pairs to expert node 0 at tcp://chimera14:5550
[router] async-send 14 token-expert pairs to expert node 2 at tcp://chimera14:5552
[router] async-send 13 token-expert pairs to expert node 1 at tcp://chimera14:5551
[router] async-send 10 token-expert pairs to expert node 4 at tcp://chimera14:5554
[router] async-send 8 token-expert pairs to expert node 5 at tcp://chimera14:5555
[router] async-send 10 token-expert pairs to expert node 3 at tcp://chimera14:5553
[router] async-recv response from expert node 7 latency_ms=20.065784454345703
[router] async-recv response from expert node 6 latency_ms=26.4132022857666
[router] async-recv response from expert node 0 latency_ms=25.98428726196289
[router] async-recv response from expert node 2 latency_ms=24.60622787475586
[router] async-recv response from expert node 1 latency_ms=24.384737014770508
[router] async-recv response from expert node 4 latency_ms=18.20850372314453
[router] async-recv response from expert node 5 latency_ms=17.49563217163086
[router] async-recv response from expert node 3 latency_ms=15.577554702758789
[router] async-send 13 token-expert pairs to expert node 0 at tcp://chimera14:5550
[router] async-send 17 token-expert pairs to expert node 1 at tcp://chimera14:5551
[router] async-send 16 token-expert pairs to expert node 6 at tcp://chimera14:5556
[router] async-send 7 token-expert pairs to expert node 4 at tcp://chimera14:5554
[router] async-send 11 token-expert pairs to expert node 5 at tcp://chimera14:5555
[router] async-send 12 token-expert pairs to expert node 3 at tcp://chimera14:5553
[router] async-send 10 token-expert pairs to expert node 2 at tcp://chimera14:5552
[router] async-send 10 token-expert pairs to expert node 7 at tcp://chimera14:5557
[router] async-recv response from expert node 0 latency_ms=24.646759033203125
[router] async-recv response from expert node 1 latency_ms=19.174814224243164
[router] async-recv response from expert node 6 latency_ms=23.303985595703125
[router] async-recv response from expert node 4 latency_ms=16.275882720947266
[router] async-recv response from expert node 5 latency_ms=22.68052101135254
[router] async-recv response from expert node 3 latency_ms=21.886110305786133
[router] async-recv response from expert node 2 latency_ms=16.46280288696289
[router] async-recv response from expert node 7 latency_ms=15.980005264282227
[router] async-send 14 token-expert pairs to expert node 7 at tcp://chimera14:5557
[router] async-send 14 token-expert pairs to expert node 1 at tcp://chimera14:5551
[router] async-send 23 token-expert pairs to expert node 5 at tcp://chimera14:5555
[router] async-send 9 token-expert pairs to expert node 2 at tcp://chimera14:5552
[router] async-send 11 token-expert pairs to expert node 4 at tcp://chimera14:5554
[router] async-send 7 token-expert pairs to expert node 6 at tcp://chimera14:5556
[router] async-send 14 token-expert pairs to expert node 3 at tcp://chimera14:5553
[router] async-send 4 token-expert pairs to expert node 0 at tcp://chimera14:5550
[router] async-recv response from expert node 7 latency_ms=22.530555725097656
[router] async-recv response from expert node 1 latency_ms=21.926164627075195
[router] async-recv response from expert node 5 latency_ms=33.1265926361084
[router] async-recv response from expert node 2 latency_ms=16.75724983215332
[router] async-recv response from expert node 4 latency_ms=25.03681182861328
[router] async-recv response from expert node 6 latency_ms=10.840654373168945
[router] async-recv response from expert node 3 latency_ms=18.540143966674805
[router] async-recv response from expert node 0 latency_ms=7.367610931396484
[router] async-send 14 token-expert pairs to expert node 1 at tcp://chimera14:5551
[router] async-send 11 token-expert pairs to expert node 7 at tcp://chimera14:5557
[router] async-send 16 token-expert pairs to expert node 3 at tcp://chimera14:5553
[router] async-send 20 token-expert pairs to expert node 6 at tcp://chimera14:5556
[router] async-send 12 token-expert pairs to expert node 0 at tcp://chimera14:5550
[router] async-send 9 token-expert pairs to expert node 5 at tcp://chimera14:5555
[router] async-send 6 token-expert pairs to expert node 4 at tcp://chimera14:5554
[router] async-send 8 token-expert pairs to expert node 2 at tcp://chimera14:5552
[router] async-recv response from expert node 1 latency_ms=25.45619010925293
[router] async-recv response from expert node 7 latency_ms=18.861770629882812
[router] async-recv response from expert node 3 latency_ms=25.356769561767578
[router] async-recv response from expert node 6 latency_ms=25.275707244873047
[router] async-recv response from expert node 0 latency_ms=22.355318069458008
[router] async-recv response from expert node 5 latency_ms=18.692970275878906
[router] async-recv response from expert node 4 latency_ms=13.857364654541016
[router] async-recv response from expert node 2 latency_ms=17.518043518066406
[router] async-send 23 token-expert pairs to expert node 7 at tcp://chimera14:5557
[router] async-send 10 token-expert pairs to expert node 1 at tcp://chimera14:5551
[router] async-send 14 token-expert pairs to expert node 0 at tcp://chimera14:5550
[router] async-send 11 token-expert pairs to expert node 5 at tcp://chimera14:5555
[router] async-send 7 token-expert pairs to expert node 4 at tcp://chimera14:5554
[router] async-send 13 token-expert pairs to expert node 3 at tcp://chimera14:5553
[router] async-send 14 token-expert pairs to expert node 6 at tcp://chimera14:5556
[router] async-send 12 token-expert pairs to expert node 2 at tcp://chimera14:5552
[router] async-recv response from expert node 7 latency_ms=28.720855712890625
[router] async-recv response from expert node 1 latency_ms=17.935752868652344
[router] async-recv response from expert node 0 latency_ms=15.990018844604492
[router] async-recv response from expert node 5 latency_ms=20.2486515045166
[router] async-recv response from expert node 4 latency_ms=11.995077133178711
[router] async-recv response from expert node 3 latency_ms=18.964290618896484
[router] async-recv response from expert node 6 latency_ms=27.442216873168945
[router] async-recv response from expert node 2 latency_ms=21.210193634033203
[router] async-send 18 token-expert pairs to expert node 2 at tcp://chimera14:5552
[router] async-send 11 token-expert pairs to expert node 1 at tcp://chimera14:5551
[router] async-send 10 token-expert pairs to expert node 5 at tcp://chimera14:5555
[router] async-send 12 token-expert pairs to expert node 4 at tcp://chimera14:5554
[router] async-send 15 token-expert pairs to expert node 0 at tcp://chimera14:5550
[router] async-send 7 token-expert pairs to expert node 6 at tcp://chimera14:5556
[router] async-send 16 token-expert pairs to expert node 3 at tcp://chimera14:5553
[router] async-send 15 token-expert pairs to expert node 7 at tcp://chimera14:5557
[router] async-recv response from expert node 2 latency_ms=26.51381492614746
[router] async-recv response from expert node 1 latency_ms=17.292499542236328
[router] async-recv response from expert node 5 latency_ms=20.119428634643555
[router] async-recv response from expert node 4 latency_ms=21.661996841430664
[router] async-recv response from expert node 0 latency_ms=23.76270294189453
[router] async-recv response from expert node 6 latency_ms=14.901876449584961
[router] async-recv response from expert node 3 latency_ms=27.15015411376953
[router] async-recv response from expert node 7 latency_ms=25.016069412231445
[router] async-send 15 token-expert pairs to expert node 3 at tcp://chimera14:5553
[router] async-send 15 token-expert pairs to expert node 4 at tcp://chimera14:5554
[router] async-send 18 token-expert pairs to expert node 7 at tcp://chimera14:5557
[router] async-send 4 token-expert pairs to expert node 5 at tcp://chimera14:5555
[router] async-send 11 token-expert pairs to expert node 2 at tcp://chimera14:5552
[router] async-send 7 token-expert pairs to expert node 0 at tcp://chimera14:5550
[router] async-send 19 token-expert pairs to expert node 1 at tcp://chimera14:5551
[router] async-send 15 token-expert pairs to expert node 6 at tcp://chimera14:5556
[router] async-recv response from expert node 3 latency_ms=23.279905319213867
[router] async-recv response from expert node 4 latency_ms=25.30503273010254
[router] async-recv response from expert node 7 latency_ms=27.362346649169922
[router] async-recv response from expert node 5 latency_ms=9.099006652832031
[router] async-recv response from expert node 2 latency_ms=20.28632164001465
[router] async-recv response from expert node 0 latency_ms=9.986639022827148
[router] async-recv response from expert node 1 latency_ms=24.428129196166992
[router] async-recv response from expert node 6 latency_ms=18.544673919677734
[router] async-send 8 token-expert pairs to expert node 4 at tcp://chimera14:5554
[router] async-send 20 token-expert pairs to expert node 7 at tcp://chimera14:5557
[router] async-send 25 token-expert pairs to expert node 1 at tcp://chimera14:5551
[router] async-send 9 token-expert pairs to expert node 5 at tcp://chimera14:5555
[router] async-send 18 token-expert pairs to expert node 6 at tcp://chimera14:5556
[router] async-send 9 token-expert pairs to expert node 3 at tcp://chimera14:5553
[router] async-send 10 token-expert pairs to expert node 2 at tcp://chimera14:5552
[router] async-send 5 token-expert pairs to expert node 0 at tcp://chimera14:5550
[router] async-recv response from expert node 4 latency_ms=13.42916488647461
[router] async-recv response from expert node 7 latency_ms=29.4497013092041
[router] async-recv response from expert node 1 latency_ms=31.658172607421875
[router] async-recv response from expert node 5 latency_ms=18.906593322753906
[router] async-recv response from expert node 6 latency_ms=23.241043090820312
[router] async-recv response from expert node 3 latency_ms=13.577461242675781
[router] async-recv response from expert node 2 latency_ms=20.31254768371582
[router] async-recv response from expert node 0 latency_ms=10.060787200927734
[router] async-send 12 token-expert pairs to expert node 3 at tcp://chimera14:5553
[router] async-send 7 token-expert pairs to expert node 1 at tcp://chimera14:5551
[router] async-send 13 token-expert pairs to expert node 0 at tcp://chimera14:5550
[router] async-send 17 token-expert pairs to expert node 7 at tcp://chimera14:5557
[router] async-send 19 token-expert pairs to expert node 4 at tcp://chimera14:5554
[router] async-send 9 token-expert pairs to expert node 2 at tcp://chimera14:5552
[router] async-send 6 token-expert pairs to expert node 6 at tcp://chimera14:5556
[router] async-send 21 token-expert pairs to expert node 5 at tcp://chimera14:5555
[router] async-recv response from expert node 3 latency_ms=18.190383911132812
[router] async-recv response from expert node 1 latency_ms=14.246463775634766
[router] async-recv response from expert node 0 latency_ms=20.006895065307617
[router] async-recv response from expert node 7 latency_ms=20.57337760925293
[router] async-recv response from expert node 4 latency_ms=25.305509567260742
[router] async-recv response from expert node 2 latency_ms=13.373851776123047
[router] async-recv response from expert node 6 latency_ms=12.07113265991211
[router] async-recv response from expert node 5 latency_ms=21.291732788085938
[router] async-send 20 token-expert pairs to expert node 3 at tcp://chimera14:5553
[router] async-send 17 token-expert pairs to expert node 7 at tcp://chimera14:5557
[router] async-send 10 token-expert pairs to expert node 0 at tcp://chimera14:5550
[router] async-send 4 token-expert pairs to expert node 5 at tcp://chimera14:5555
[router] async-send 18 token-expert pairs to expert node 6 at tcp://chimera14:5556
[router] async-send 18 token-expert pairs to expert node 1 at tcp://chimera14:5551
[router] async-send 10 token-expert pairs to expert node 2 at tcp://chimera14:5552
[router] async-send 7 token-expert pairs to expert node 4 at tcp://chimera14:5554
[router] async-recv response from expert node 3 latency_ms=28.127670288085938
[router] async-recv response from expert node 7 latency_ms=22.367238998413086
[router] async-recv response from expert node 0 latency_ms=15.505790710449219
[router] async-recv response from expert node 5 latency_ms=9.131193161010742
[router] async-recv response from expert node 6 latency_ms=27.010202407836914
[router] async-recv response from expert node 1 latency_ms=21.512508392333984
[router] async-recv response from expert node 2 latency_ms=16.98589324951172
[router] async-recv response from expert node 4 latency_ms=12.71510124206543
[router] async-send 13 token-expert pairs to expert node 6 at tcp://chimera14:5556
[router] async-send 23 token-expert pairs to expert node 2 at tcp://chimera14:5552
[router] async-send 3 token-expert pairs to expert node 0 at tcp://chimera14:5550
[router] async-send 20 token-expert pairs to expert node 5 at tcp://chimera14:5555
[router] async-send 3 token-expert pairs to expert node 1 at tcp://chimera14:5551
[router] async-send 14 token-expert pairs to expert node 7 at tcp://chimera14:5557
[router] async-send 21 token-expert pairs to expert node 4 at tcp://chimera14:5554
[router] async-send 7 token-expert pairs to expert node 3 at tcp://chimera14:5553
[router] async-recv response from expert node 6 latency_ms=17.913341522216797
[router] async-recv response from expert node 2 latency_ms=25.369882583618164
[router] async-recv response from expert node 0 latency_ms=6.541967391967773
[router] async-recv response from expert node 5 latency_ms=27.141094207763672
[router] async-recv response from expert node 1 latency_ms=7.203340530395508
[router] async-recv response from expert node 7 latency_ms=19.126176834106445
[router] async-recv response from expert node 4 latency_ms=24.633407592773438
[router] async-recv response from expert node 3 latency_ms=10.51473617553711
[router] async-send 8 token-expert pairs to expert node 2 at tcp://chimera14:5552
[router] async-send 13 token-expert pairs to expert node 5 at tcp://chimera14:5555
[router] async-send 17 token-expert pairs to expert node 0 at tcp://chimera14:5550
[router] async-send 13 token-expert pairs to expert node 1 at tcp://chimera14:5551
[router] async-send 21 token-expert pairs to expert node 4 at tcp://chimera14:5554
[router] async-send 11 token-expert pairs to expert node 7 at tcp://chimera14:5557
[router] async-send 8 token-expert pairs to expert node 6 at tcp://chimera14:5556
[router] async-send 13 token-expert pairs to expert node 3 at tcp://chimera14:5553
[router] async-recv response from expert node 2 latency_ms=12.842893600463867
[router] async-recv response from expert node 5 latency_ms=20.453214645385742
[router] async-recv response from expert node 0 latency_ms=22.289276123046875
[router] async-recv response from expert node 1 latency_ms=18.457889556884766
[router] async-recv response from expert node 4 latency_ms=32.46331214904785
[router] async-recv response from expert node 7 latency_ms=19.298076629638672
[router] async-recv response from expert node 6 latency_ms=12.877702713012695
[router] async-recv response from expert node 3 latency_ms=18.521547317504883
[router] async-send 15 token-expert pairs to expert node 2 at tcp://chimera14:5552
[router] async-send 19 token-expert pairs to expert node 0 at tcp://chimera14:5550
[router] async-send 14 token-expert pairs to expert node 3 at tcp://chimera14:5553
[router] async-send 12 token-expert pairs to expert node 4 at tcp://chimera14:5554
[router] async-send 15 token-expert pairs to expert node 7 at tcp://chimera14:5557
[router] async-send 15 token-expert pairs to expert node 6 at tcp://chimera14:5556
[router] async-send 11 token-expert pairs to expert node 1 at tcp://chimera14:5551
[router] async-send 3 token-expert pairs to expert node 5 at tcp://chimera14:5555
[router] async-recv response from expert node 2 latency_ms=19.483327865600586
[router] async-recv response from expert node 0 latency_ms=18.868446350097656
[router] async-recv response from expert node 3 latency_ms=24.68585968017578
[router] async-recv response from expert node 4 latency_ms=14.541149139404297
[router] async-recv response from expert node 7 latency_ms=24.968862533569336
[router] async-recv response from expert node 6 latency_ms=25.946617126464844
[router] async-recv response from expert node 1 latency_ms=19.226789474487305
[router] async-recv response from expert node 5 latency_ms=7.637500762939453
[router] async-send 19 token-expert pairs to expert node 1 at tcp://chimera14:5551
[router] async-send 6 token-expert pairs to expert node 5 at tcp://chimera14:5555
[router] async-send 19 token-expert pairs to expert node 2 at tcp://chimera14:5552
[router] async-send 10 token-expert pairs to expert node 7 at tcp://chimera14:5557
[router] async-send 5 token-expert pairs to expert node 0 at tcp://chimera14:5550
[router] async-send 15 token-expert pairs to expert node 4 at tcp://chimera14:5554
[router] async-send 14 token-expert pairs to expert node 3 at tcp://chimera14:5553
[router] async-send 16 token-expert pairs to expert node 6 at tcp://chimera14:5556
[router] async-recv response from expert node 1 latency_ms=23.797273635864258
[router] async-recv response from expert node 5 latency_ms=8.176803588867188
[router] async-recv response from expert node 2 latency_ms=25.094270706176758
[router] async-recv response from expert node 7 latency_ms=13.571977615356445
[router] async-recv response from expert node 0 latency_ms=10.523796081542969
[router] async-recv response from expert node 4 latency_ms=24.684429168701172
[router] async-recv response from expert node 3 latency_ms=19.440650939941406
[router] async-recv response from expert node 6 latency_ms=21.695375442504883
[router] async-send 15 token-expert pairs to expert node 0 at tcp://chimera14:5550
[router] async-send 8 token-expert pairs to expert node 5 at tcp://chimera14:5555
[router] async-send 10 token-expert pairs to expert node 7 at tcp://chimera14:5557
[router] async-send 21 token-expert pairs to expert node 3 at tcp://chimera14:5553
[router] async-send 11 token-expert pairs to expert node 4 at tcp://chimera14:5554
[router] async-send 17 token-expert pairs to expert node 2 at tcp://chimera14:5552
[router] async-send 15 token-expert pairs to expert node 6 at tcp://chimera14:5556
[router] async-send 7 token-expert pairs to expert node 1 at tcp://chimera14:5551
[router] async-recv response from expert node 0 latency_ms=21.85821533203125
[router] async-recv response from expert node 5 latency_ms=15.14887809753418
[router] async-recv response from expert node 7 latency_ms=15.053033828735352
[router] async-recv response from expert node 3 latency_ms=32.50408172607422
[router] async-recv response from expert node 4 latency_ms=22.69721031188965
[router] async-recv response from expert node 2 latency_ms=25.91419219970703
[router] async-recv response from expert node 6 latency_ms=18.063783645629883
[router] async-recv response from expert node 1 latency_ms=14.406681060791016
[router] async-send 14 token-expert pairs to expert node 7 at tcp://chimera14:5557
[router] async-send 15 token-expert pairs to expert node 4 at tcp://chimera14:5554
[router] async-send 12 token-expert pairs to expert node 6 at tcp://chimera14:5556
[router] async-send 21 token-expert pairs to expert node 1 at tcp://chimera14:5551
[router] async-send 9 token-expert pairs to expert node 5 at tcp://chimera14:5555
[router] async-send 10 token-expert pairs to expert node 2 at tcp://chimera14:5552
[router] async-send 16 token-expert pairs to expert node 3 at tcp://chimera14:5553
[router] async-send 7 token-expert pairs to expert node 0 at tcp://chimera14:5550
[router] async-recv response from expert node 7 latency_ms=23.66042137145996
[router] async-recv response from expert node 4 latency_ms=23.725032806396484
[router] async-recv response from expert node 6 latency_ms=20.13254165649414
[router] async-recv response from expert node 1 latency_ms=29.787540435791016
[router] async-recv response from expert node 5 latency_ms=17.158985137939453
[router] async-recv response from expert node 2 latency_ms=19.063472747802734
[router] async-recv response from expert node 3 latency_ms=24.4753360748291
[router] async-recv response from expert node 0 latency_ms=15.178203582763672
[router] async-send 15 token-expert pairs to expert node 7 at tcp://chimera14:5557
[router] async-send 16 token-expert pairs to expert node 6 at tcp://chimera14:5556
[router] async-send 14 token-expert pairs to expert node 0 at tcp://chimera14:5550
[router] async-send 16 token-expert pairs to expert node 2 at tcp://chimera14:5552
[router] async-send 13 token-expert pairs to expert node 1 at tcp://chimera14:5551
[router] async-send 11 token-expert pairs to expert node 4 at tcp://chimera14:5554
[router] async-send 9 token-expert pairs to expert node 5 at tcp://chimera14:5555
[router] async-send 10 token-expert pairs to expert node 3 at tcp://chimera14:5553
[router] async-recv response from expert node 7 latency_ms=20.93672752380371
[router] async-recv response from expert node 6 latency_ms=26.77011489868164
[router] async-recv response from expert node 0 latency_ms=36.35549545288086
[router] async-recv response from expert node 2 latency_ms=27.490854263305664
[router] async-recv response from expert node 1 latency_ms=24.150371551513672
[router] async-recv response from expert node 4 latency_ms=18.33820343017578
[router] async-recv response from expert node 5 latency_ms=18.48292350769043
[router] async-recv response from expert node 3 latency_ms=15.967607498168945
[router] async-send 13 token-expert pairs to expert node 0 at tcp://chimera14:5550
[router] async-send 19 token-expert pairs to expert node 1 at tcp://chimera14:5551
[router] async-send 16 token-expert pairs to expert node 6 at tcp://chimera14:5556
[router] async-send 10 token-expert pairs to expert node 4 at tcp://chimera14:5554
[router] async-send 11 token-expert pairs to expert node 5 at tcp://chimera14:5555
[router] async-send 14 token-expert pairs to expert node 3 at tcp://chimera14:5553
[router] async-send 10 token-expert pairs to expert node 2 at tcp://chimera14:5552
[router] async-send 11 token-expert pairs to expert node 7 at tcp://chimera14:5557
[router] async-recv response from expert node 0 latency_ms=26.442289352416992
[router] async-recv response from expert node 1 latency_ms=21.791934967041016
[router] async-recv response from expert node 6 latency_ms=23.990154266357422
[router] async-recv response from expert node 4 latency_ms=23.378372192382812
[router] async-recv response from expert node 5 latency_ms=22.461414337158203
[router] async-recv response from expert node 3 latency_ms=26.375293731689453
[router] async-recv response from expert node 2 latency_ms=16.32523536682129
[router] async-recv response from expert node 7 latency_ms=18.492937088012695
[router] async-send 14 token-expert pairs to expert node 7 at tcp://chimera14:5557
[router] async-send 15 token-expert pairs to expert node 1 at tcp://chimera14:5551
[router] async-send 23 token-expert pairs to expert node 5 at tcp://chimera14:5555
[router] async-send 11 token-expert pairs to expert node 2 at tcp://chimera14:5552
[router] async-send 11 token-expert pairs to expert node 4 at tcp://chimera14:5554
[router] async-send 9 token-expert pairs to expert node 6 at tcp://chimera14:5556
[router] async-send 16 token-expert pairs to expert node 3 at tcp://chimera14:5553
[router] async-send 5 token-expert pairs to expert node 0 at tcp://chimera14:5550
[router] async-recv response from expert node 7 latency_ms=22.811412811279297
[router] async-recv response from expert node 1 latency_ms=24.11961555480957
[router] async-recv response from expert node 5 latency_ms=35.01248359680176
[router] async-recv response from expert node 2 latency_ms=19.324779510498047
[router] async-recv response from expert node 4 latency_ms=25.014877319335938
[router] async-recv response from expert node 6 latency_ms=13.388395309448242
[router] async-recv response from expert node 3 latency_ms=21.30603790283203
[router] async-recv response from expert node 0 latency_ms=9.767532348632812
[router] async-send 16 token-expert pairs to expert node 1 at tcp://chimera14:5551
[router] async-send 12 token-expert pairs to expert node 7 at tcp://chimera14:5557
[router] async-send 17 token-expert pairs to expert node 3 at tcp://chimera14:5553
[router] async-send 21 token-expert pairs to expert node 6 at tcp://chimera14:5556
[router] async-send 13 token-expert pairs to expert node 0 at tcp://chimera14:5550
[router] async-send 10 token-expert pairs to expert node 5 at tcp://chimera14:5555
[router] async-send 7 token-expert pairs to expert node 4 at tcp://chimera14:5554
[router] async-send 8 token-expert pairs to expert node 2 at tcp://chimera14:5552
[router] async-recv response from expert node 1 latency_ms=27.657032012939453
[router] async-recv response from expert node 7 latency_ms=21.908283233642578
[router] async-recv response from expert node 3 latency_ms=26.463031768798828
[router] async-recv response from expert node 6 latency_ms=25.59828758239746
[router] async-recv response from expert node 0 latency_ms=25.727033615112305
[router] async-recv response from expert node 5 latency_ms=19.672155380249023
[router] async-recv response from expert node 4 latency_ms=14.732122421264648
[router] async-recv response from expert node 2 latency_ms=18.1887149810791
[router] async-send 23 token-expert pairs to expert node 7 at tcp://chimera14:5557
[router] async-send 12 token-expert pairs to expert node 1 at tcp://chimera14:5551
[router] async-send 15 token-expert pairs to expert node 0 at tcp://chimera14:5550
[router] async-send 11 token-expert pairs to expert node 5 at tcp://chimera14:5555
[router] async-send 8 token-expert pairs to expert node 4 at tcp://chimera14:5554
[router] async-send 14 token-expert pairs to expert node 3 at tcp://chimera14:5553
[router] async-send 15 token-expert pairs to expert node 6 at tcp://chimera14:5556
[router] async-send 14 token-expert pairs to expert node 2 at tcp://chimera14:5552
[router] async-recv response from expert node 7 latency_ms=30.048847198486328
[router] async-recv response from expert node 1 latency_ms=21.558284759521484
[router] async-recv response from expert node 0 latency_ms=17.175674438476562
[router] async-recv response from expert node 5 latency_ms=21.593809127807617
[router] async-recv response from expert node 4 latency_ms=15.141010284423828
[router] async-recv response from expert node 3 latency_ms=21.749019622802734
[router] async-recv response from expert node 6 latency_ms=21.153688430786133
[router] async-recv response from expert node 2 latency_ms=25.50339698791504
[router] async-send 20 token-expert pairs to expert node 2 at tcp://chimera14:5552
[router] async-send 11 token-expert pairs to expert node 1 at tcp://chimera14:5551
[router] async-send 10 token-expert pairs to expert node 5 at tcp://chimera14:5555
[router] async-send 13 token-expert pairs to expert node 4 at tcp://chimera14:5554
[router] async-send 18 token-expert pairs to expert node 0 at tcp://chimera14:5550
[router] async-send 8 token-expert pairs to expert node 6 at tcp://chimera14:5556
[router] async-send 16 token-expert pairs to expert node 3 at tcp://chimera14:5553
[router] async-send 16 token-expert pairs to expert node 7 at tcp://chimera14:5557
[router] async-recv response from expert node 2 latency_ms=27.696847915649414
[router] async-recv response from expert node 1 latency_ms=16.710758209228516
[router] async-recv response from expert node 5 latency_ms=20.189523696899414
[router] async-recv response from expert node 4 latency_ms=24.088144302368164
[router] async-recv response from expert node 0 latency_ms=25.890588760375977
[router] async-recv response from expert node 6 latency_ms=15.619277954101562
[router] async-recv response from expert node 3 latency_ms=27.286291122436523
[router] async-recv response from expert node 7 latency_ms=25.797128677368164
[router] async-send 16 token-expert pairs to expert node 3 at tcp://chimera14:5553
[router] async-send 16 token-expert pairs to expert node 4 at tcp://chimera14:5554
[router] async-send 18 token-expert pairs to expert node 7 at tcp://chimera14:5557
[router] async-send 5 token-expert pairs to expert node 5 at tcp://chimera14:5555
[router] async-send 14 token-expert pairs to expert node 2 at tcp://chimera14:5552
[router] async-send 7 token-expert pairs to expert node 0 at tcp://chimera14:5550
[router] async-send 20 token-expert pairs to expert node 1 at tcp://chimera14:5551
[router] async-send 16 token-expert pairs to expert node 6 at tcp://chimera14:5556
[router] async-recv response from expert node 3 latency_ms=26.186466217041016
[router] async-recv response from expert node 4 latency_ms=26.182174682617188
[router] async-recv response from expert node 7 latency_ms=27.711868286132812
[router] async-recv response from expert node 5 latency_ms=11.425018310546875
[router] async-recv response from expert node 2 latency_ms=24.096250534057617
[router] async-recv response from expert node 0 latency_ms=10.36381721496582
[router] async-recv response from expert node 1 latency_ms=24.6274471282959
[router] async-recv response from expert node 6 latency_ms=19.718408584594727
[router] async-send 10 token-expert pairs to expert node 4 at tcp://chimera14:5554
[router] async-send 21 token-expert pairs to expert node 7 at tcp://chimera14:5557
[router] async-send 26 token-expert pairs to expert node 1 at tcp://chimera14:5551
[router] async-send 10 token-expert pairs to expert node 5 at tcp://chimera14:5555
[router] async-send 19 token-expert pairs to expert node 6 at tcp://chimera14:5556
[router] async-send 11 token-expert pairs to expert node 3 at tcp://chimera14:5553
[router] async-send 10 token-expert pairs to expert node 2 at tcp://chimera14:5552
[router] async-send 5 token-expert pairs to expert node 0 at tcp://chimera14:5550
[router] async-recv response from expert node 4 latency_ms=15.46168327331543
[router] async-recv response from expert node 7 latency_ms=28.603553771972656
[router] async-recv response from expert node 1 latency_ms=29.783010482788086
[router] async-recv response from expert node 5 latency_ms=18.677711486816406
[router] async-recv response from expert node 6 latency_ms=22.922039031982422
[router] async-recv response from expert node 3 latency_ms=16.2503719329834
[router] async-recv response from expert node 2 latency_ms=19.87314224243164
[router] async-recv response from expert node 0 latency_ms=9.68623161315918
[router] async-send 13 token-expert pairs to expert node 3 at tcp://chimera14:5553
[router] async-send 7 token-expert pairs to expert node 1 at tcp://chimera14:5551
[router] async-send 14 token-expert pairs to expert node 0 at tcp://chimera14:5550
[router] async-send 19 token-expert pairs to expert node 7 at tcp://chimera14:5557
[router] async-send 20 token-expert pairs to expert node 4 at tcp://chimera14:5554
[router] async-send 10 token-expert pairs to expert node 2 at tcp://chimera14:5552
[router] async-send 6 token-expert pairs to expert node 6 at tcp://chimera14:5556
[router] async-send 23 token-expert pairs to expert node 5 at tcp://chimera14:5555
[router] async-recv response from expert node 3 latency_ms=17.772912979125977
[router] async-recv response from expert node 1 latency_ms=13.435125350952148
[router] async-recv response from expert node 0 latency_ms=20.80678939819336
[router] async-recv response from expert node 7 latency_ms=23.145437240600586
[router] async-recv response from expert node 4 latency_ms=25.52652359008789
[router] async-recv response from expert node 2 latency_ms=15.540122985839844
[router] async-recv response from expert node 6 latency_ms=11.917591094970703
[router] async-recv response from expert node 5 latency_ms=22.272586822509766
[router] async-send 22 token-expert pairs to expert node 3 at tcp://chimera14:5553
[router] async-send 17 token-expert pairs to expert node 7 at tcp://chimera14:5557
[router] async-send 12 token-expert pairs to expert node 0 at tcp://chimera14:5550
[router] async-send 4 token-expert pairs to expert node 5 at tcp://chimera14:5555
[router] async-send 18 token-expert pairs to expert node 6 at tcp://chimera14:5556
[router] async-send 21 token-expert pairs to expert node 1 at tcp://chimera14:5551
[router] async-send 10 token-expert pairs to expert node 2 at tcp://chimera14:5552
[router] async-send 8 token-expert pairs to expert node 4 at tcp://chimera14:5554
[router] async-recv response from expert node 3 latency_ms=28.53107452392578
[router] async-recv response from expert node 7 latency_ms=22.045373916625977
[router] async-recv response from expert node 0 latency_ms=17.618417739868164
[router] async-recv response from expert node 5 latency_ms=9.063720703125
[router] async-recv response from expert node 6 latency_ms=27.284860610961914
[router] async-recv response from expert node 1 latency_ms=23.549795150756836
[router] async-recv response from expert node 2 latency_ms=16.702651977539062
[router] async-recv response from expert node 4 latency_ms=13.144969940185547
[router] async-send 13 token-expert pairs to expert node 6 at tcp://chimera14:5556
[router] async-send 24 token-expert pairs to expert node 2 at tcp://chimera14:5552
[router] async-send 3 token-expert pairs to expert node 0 at tcp://chimera14:5550
[router] async-send 22 token-expert pairs to expert node 5 at tcp://chimera14:5555
[router] async-send 5 token-expert pairs to expert node 1 at tcp://chimera14:5551
[router] async-send 14 token-expert pairs to expert node 7 at tcp://chimera14:5557
[router] async-send 23 token-expert pairs to expert node 4 at tcp://chimera14:5554
[router] async-send 8 token-expert pairs to expert node 3 at tcp://chimera14:5553
[router] async-recv response from expert node 6 latency_ms=17.90452003479004
[router] async-recv response from expert node 2 latency_ms=25.40302276611328
[router] async-recv response from expert node 0 latency_ms=6.577968597412109
[router] async-recv response from expert node 5 latency_ms=27.119874954223633
[router] async-recv response from expert node 1 latency_ms=11.188268661499023
[router] async-recv response from expert node 7 latency_ms=18.97454261779785
[router] async-recv response from expert node 4 latency_ms=25.19679069519043
[router] async-recv response from expert node 3 latency_ms=9.955406188964844
[router] async-send 8 token-expert pairs to expert node 2 at tcp://chimera14:5552
[router] async-send 13 token-expert pairs to expert node 5 at tcp://chimera14:5555
[router] async-send 18 token-expert pairs to expert node 0 at tcp://chimera14:5550
[router] async-send 15 token-expert pairs to expert node 1 at tcp://chimera14:5551
[router] async-send 24 token-expert pairs to expert node 4 at tcp://chimera14:5554
[router] async-send 12 token-expert pairs to expert node 7 at tcp://chimera14:5557
[router] async-send 8 token-expert pairs to expert node 6 at tcp://chimera14:5556
[router] async-send 14 token-expert pairs to expert node 3 at tcp://chimera14:5553
[router] async-recv response from expert node 2 latency_ms=11.643648147583008
[router] async-recv response from expert node 5 latency_ms=18.871784210205078
[router] async-recv response from expert node 0 latency_ms=22.256135940551758
[router] async-recv response from expert node 1 latency_ms=20.473241806030273
[router] async-recv response from expert node 4 latency_ms=32.06491470336914
[router] async-recv response from expert node 7 latency_ms=20.719528198242188
[router] async-recv response from expert node 6 latency_ms=12.5885009765625
[router] async-recv response from expert node 3 latency_ms=18.160343170166016
[router] async-send 18 token-expert pairs to expert node 2 at tcp://chimera14:5552
[router] async-send 20 token-expert pairs to expert node 0 at tcp://chimera14:5550
[router] async-send 15 token-expert pairs to expert node 3 at tcp://chimera14:5553
[router] async-send 12 token-expert pairs to expert node 4 at tcp://chimera14:5554
[router] async-send 16 token-expert pairs to expert node 7 at tcp://chimera14:5557
[router] async-send 15 token-expert pairs to expert node 6 at tcp://chimera14:5556
[router] async-send 12 token-expert pairs to expert node 1 at tcp://chimera14:5551
[router] async-send 4 token-expert pairs to expert node 5 at tcp://chimera14:5555
[router] async-recv response from expert node 2 latency_ms=20.25151252746582
[router] async-recv response from expert node 0 latency_ms=18.438339233398438
[router] async-recv response from expert node 3 latency_ms=24.207592010498047
[router] async-recv response from expert node 4 latency_ms=13.77415657043457
[router] async-recv response from expert node 7 latency_ms=24.317502975463867
[router] async-recv response from expert node 6 latency_ms=24.723291397094727
[router] async-recv response from expert node 1 latency_ms=18.64337921142578
[router] async-recv response from expert node 5 latency_ms=7.228851318359375
[router] async-send 20 token-expert pairs to expert node 1 at tcp://chimera14:5551
[router] async-send 6 token-expert pairs to expert node 5 at tcp://chimera14:5555
[router] async-send 21 token-expert pairs to expert node 2 at tcp://chimera14:5552
[router] async-send 12 token-expert pairs to expert node 7 at tcp://chimera14:5557
[router] async-send 5 token-expert pairs to expert node 0 at tcp://chimera14:5550
[router] async-send 16 token-expert pairs to expert node 4 at tcp://chimera14:5554
[router] async-send 14 token-expert pairs to expert node 3 at tcp://chimera14:5553
[router] async-send 18 token-expert pairs to expert node 6 at tcp://chimera14:5556
[router] async-recv response from expert node 1 latency_ms=23.42677116394043
[router] async-recv response from expert node 5 latency_ms=7.869243621826172
[router] async-recv response from expert node 2 latency_ms=25.81930160522461
[router] async-recv response from expert node 7 latency_ms=15.703439712524414
[router] async-recv response from expert node 0 latency_ms=10.738611221313477
[router] async-recv response from expert node 4 latency_ms=24.915456771850586
[router] async-recv response from expert node 3 latency_ms=20.192861557006836
[router] async-recv response from expert node 6 latency_ms=22.98259735107422
[router] async-send 15 token-expert pairs to expert node 0 at tcp://chimera14:5550
[router] async-send 8 token-expert pairs to expert node 5 at tcp://chimera14:5555
[router] async-send 12 token-expert pairs to expert node 7 at tcp://chimera14:5557
[router] async-send 23 token-expert pairs to expert node 3 at tcp://chimera14:5553
[router] async-send 11 token-expert pairs to expert node 4 at tcp://chimera14:5554
[router] async-send 20 token-expert pairs to expert node 2 at tcp://chimera14:5552
[router] async-send 16 token-expert pairs to expert node 6 at tcp://chimera14:5556
[router] async-send 7 token-expert pairs to expert node 1 at tcp://chimera14:5551
[router] async-recv response from expert node 0 latency_ms=21.661996841430664
[router] async-recv response from expert node 5 latency_ms=14.77813720703125
[router] async-recv response from expert node 7 latency_ms=17.340898513793945
[router] async-recv response from expert node 3 latency_ms=31.726837158203125
[router] async-recv response from expert node 4 latency_ms=21.47364616394043
[router] async-recv response from expert node 2 latency_ms=27.21238136291504
[router] async-recv response from expert node 6 latency_ms=18.588542938232422
[router] async-recv response from expert node 1 latency_ms=13.415813446044922
[router] async-send 15 token-expert pairs to expert node 7 at tcp://chimera14:5557
[router] async-send 17 token-expert pairs to expert node 4 at tcp://chimera14:5554
[router] async-send 12 token-expert pairs to expert node 6 at tcp://chimera14:5556
[router] async-send 22 token-expert pairs to expert node 1 at tcp://chimera14:5551
[router] async-send 9 token-expert pairs to expert node 5 at tcp://chimera14:5555
[router] async-send 11 token-expert pairs to expert node 2 at tcp://chimera14:5552
[router] async-send 19 token-expert pairs to expert node 3 at tcp://chimera14:5553
[router] async-send 7 token-expert pairs to expert node 0 at tcp://chimera14:5550
[router] async-recv response from expert node 7 latency_ms=22.185802459716797
[router] async-recv response from expert node 4 latency_ms=23.04220199584961
[router] async-recv response from expert node 6 latency_ms=19.422054290771484
[router] async-recv response from expert node 1 latency_ms=27.888774871826172
[router] async-recv response from expert node 5 latency_ms=15.58375358581543
[router] async-recv response from expert node 2 latency_ms=18.906354904174805
[router] async-recv response from expert node 3 latency_ms=28.434276580810547
[router] async-recv response from expert node 0 latency_ms=14.483213424682617
[router] async-send 16 token-expert pairs to expert node 7 at tcp://chimera14:5557
[router] async-send 17 token-expert pairs to expert node 6 at tcp://chimera14:5556
[router] async-send 14 token-expert pairs to expert node 0 at tcp://chimera14:5550
[router] async-send 18 token-expert pairs to expert node 2 at tcp://chimera14:5552
[router] async-send 14 token-expert pairs to expert node 1 at tcp://chimera14:5551
[router] async-send 14 token-expert pairs to expert node 4 at tcp://chimera14:5554
[router] async-send 9 token-expert pairs to expert node 5 at tcp://chimera14:5555
[router] async-send 10 token-expert pairs to expert node 3 at tcp://chimera14:5553
[router] async-recv response from expert node 7 latency_ms=23.29850196838379
[router] async-recv response from expert node 6 latency_ms=30.697345733642578
[router] async-recv response from expert node 0 latency_ms=29.87980842590332
[router] async-recv response from expert node 2 latency_ms=33.403873443603516
[router] async-recv response from expert node 1 latency_ms=27.791738510131836
[router] async-recv response from expert node 4 latency_ms=23.192882537841797
[router] async-recv response from expert node 5 latency_ms=21.106958389282227
[router] async-recv response from expert node 3 latency_ms=18.151044845581055
[router] async-send 14 token-expert pairs to expert node 0 at tcp://chimera14:5550
[router] async-send 20 token-expert pairs to expert node 1 at tcp://chimera14:5551
[router] async-send 18 token-expert pairs to expert node 6 at tcp://chimera14:5556
[router] async-send 10 token-expert pairs to expert node 4 at tcp://chimera14:5554
[router] async-send 12 token-expert pairs to expert node 5 at tcp://chimera14:5555
[router] async-send 15 token-expert pairs to expert node 3 at tcp://chimera14:5553
[router] async-send 11 token-expert pairs to expert node 2 at tcp://chimera14:5552
[router] async-send 12 token-expert pairs to expert node 7 at tcp://chimera14:5557
[router] async-recv response from expert node 0 latency_ms=30.821561813354492
[router] async-recv response from expert node 1 latency_ms=25.20132064819336
[router] async-recv response from expert node 6 latency_ms=28.792142868041992
[router] async-recv response from expert node 4 latency_ms=26.94535255432129
[router] async-recv response from expert node 5 latency_ms=26.694297790527344
[router] async-recv response from expert node 3 latency_ms=31.07595443725586
[router] async-recv response from expert node 2 latency_ms=19.769668579101562
[router] async-recv response from expert node 7 latency_ms=21.167516708374023
[router] async-send 15 token-expert pairs to expert node 7 at tcp://chimera14:5557
[router] async-send 15 token-expert pairs to expert node 1 at tcp://chimera14:5551
[router] async-send 24 token-expert pairs to expert node 5 at tcp://chimera14:5555
[router] async-send 12 token-expert pairs to expert node 2 at tcp://chimera14:5552
[router] async-send 12 token-expert pairs to expert node 4 at tcp://chimera14:5554
[router] async-send 10 token-expert pairs to expert node 6 at tcp://chimera14:5556
[router] async-send 18 token-expert pairs to expert node 3 at tcp://chimera14:5553
[router] async-send 6 token-expert pairs to expert node 0 at tcp://chimera14:5550
[router] async-recv response from expert node 7 latency_ms=26.56245231628418
[router] async-recv response from expert node 1 latency_ms=26.842117309570312
[router] async-recv response from expert node 5 latency_ms=40.29226303100586
[router] async-recv response from expert node 2 latency_ms=24.48129653930664
[router] async-recv response from expert node 4 latency_ms=31.58736228942871
[router] async-recv response from expert node 6 latency_ms=15.682697296142578
[router] async-recv response from expert node 3 latency_ms=25.40111541748047
[router] async-recv response from expert node 0 latency_ms=13.295173645019531
[router] async-send 19 token-expert pairs to expert node 1 at tcp://chimera14:5551
[router] async-send 13 token-expert pairs to expert node 7 at tcp://chimera14:5557
[router] async-send 17 token-expert pairs to expert node 3 at tcp://chimera14:5553
[router] async-send 22 token-expert pairs to expert node 6 at tcp://chimera14:5556
[router] async-send 13 token-expert pairs to expert node 0 at tcp://chimera14:5550
[router] async-send 12 token-expert pairs to expert node 5 at tcp://chimera14:5555
[router] async-send 8 token-expert pairs to expert node 4 at tcp://chimera14:5554
[router] async-send 8 token-expert pairs to expert node 2 at tcp://chimera14:5552
[router] async-recv response from expert node 1 latency_ms=34.027099609375
[router] async-recv response from expert node 7 latency_ms=25.897979736328125
[router] async-recv response from expert node 3 latency_ms=30.965566635131836
[router] async-recv response from expert node 6 latency_ms=30.550718307495117
[router] async-recv response from expert node 0 latency_ms=30.867576599121094
[router] async-recv response from expert node 5 latency_ms=27.306556701660156
[router] async-recv response from expert node 4 latency_ms=18.58043670654297
[router] async-recv response from expert node 2 latency_ms=22.358179092407227
[router] async-send 25 token-expert pairs to expert node 7 at tcp://chimera14:5557
[router] async-send 12 token-expert pairs to expert node 1 at tcp://chimera14:5551
[router] async-send 16 token-expert pairs to expert node 0 at tcp://chimera14:5550
[router] async-send 11 token-expert pairs to expert node 5 at tcp://chimera14:5555
[router] async-send 10 token-expert pairs to expert node 4 at tcp://chimera14:5554
[router] async-send 15 token-expert pairs to expert node 3 at tcp://chimera14:5553
[router] async-send 16 token-expert pairs to expert node 6 at tcp://chimera14:5556
[router] async-send 15 token-expert pairs to expert node 2 at tcp://chimera14:5552
[router] async-recv response from expert node 7 latency_ms=35.24899482727051
[router] async-recv response from expert node 1 latency_ms=25.023460388183594
[router] async-recv response from expert node 0 latency_ms=19.62876319885254
[router] async-recv response from expert node 5 latency_ms=24.301767349243164
[router] async-recv response from expert node 4 latency_ms=20.36309242248535
[router] async-recv response from expert node 3 latency_ms=25.090456008911133
[router] async-recv response from expert node 6 latency_ms=24.9636173248291
[router] async-recv response from expert node 2 latency_ms=30.148029327392578
[router] async-send 22 token-expert pairs to expert node 2 at tcp://chimera14:5552
[router] async-send 11 token-expert pairs to expert node 1 at tcp://chimera14:5551
[router] async-send 11 token-expert pairs to expert node 5 at tcp://chimera14:5555
[router] async-send 13 token-expert pairs to expert node 4 at tcp://chimera14:5554
[router] async-send 21 token-expert pairs to expert node 0 at tcp://chimera14:5550
[router] async-send 9 token-expert pairs to expert node 6 at tcp://chimera14:5556
[router] async-send 17 token-expert pairs to expert node 3 at tcp://chimera14:5553
[router] async-send 16 token-expert pairs to expert node 7 at tcp://chimera14:5557
[router] async-recv response from expert node 2 latency_ms=34.264326095581055
[router] async-recv response from expert node 1 latency_ms=20.20573616027832
[router] async-recv response from expert node 5 latency_ms=24.46436882019043
[router] async-recv response from expert node 4 latency_ms=27.574777603149414
[router] async-recv response from expert node 0 latency_ms=30.506610870361328
[router] async-recv response from expert node 6 latency_ms=18.952131271362305
[router] async-recv response from expert node 3 latency_ms=33.48398208618164
[router] async-recv response from expert node 7 latency_ms=28.76424789428711
[router] async-send 17 token-expert pairs to expert node 3 at tcp://chimera14:5553
[router] async-send 16 token-expert pairs to expert node 4 at tcp://chimera14:5554
[router] async-send 18 token-expert pairs to expert node 7 at tcp://chimera14:5557
[router] async-send 6 token-expert pairs to expert node 5 at tcp://chimera14:5555
[router] async-send 16 token-expert pairs to expert node 2 at tcp://chimera14:5552
[router] async-send 8 token-expert pairs to expert node 0 at tcp://chimera14:5550
[router] async-send 21 token-expert pairs to expert node 1 at tcp://chimera14:5551
[router] async-send 18 token-expert pairs to expert node 6 at tcp://chimera14:5556
[router] async-recv response from expert node 3 latency_ms=32.570600509643555
[router] async-recv response from expert node 4 latency_ms=31.271696090698242
[router] async-recv response from expert node 7 latency_ms=32.34505653381348
[router] async-recv response from expert node 5 latency_ms=16.17598533630371
[router] async-recv response from expert node 2 latency_ms=29.011011123657227
[router] async-recv response from expert node 0 latency_ms=14.690876007080078
[router] async-recv response from expert node 1 latency_ms=28.507709503173828
[router] async-recv response from expert node 6 latency_ms=26.41892433166504
[router] async-send 12 token-expert pairs to expert node 4 at tcp://chimera14:5554
[router] async-send 22 token-expert pairs to expert node 7 at tcp://chimera14:5557
[router] async-send 27 token-expert pairs to expert node 1 at tcp://chimera14:5551
[router] async-send 12 token-expert pairs to expert node 5 at tcp://chimera14:5555
[router] async-send 20 token-expert pairs to expert node 6 at tcp://chimera14:5556
[router] async-send 12 token-expert pairs to expert node 3 at tcp://chimera14:5553
[router] async-send 10 token-expert pairs to expert node 2 at tcp://chimera14:5552
[router] async-send 5 token-expert pairs to expert node 0 at tcp://chimera14:5550
[router] async-recv response from expert node 4 latency_ms=22.85599708557129
[router] async-recv response from expert node 7 latency_ms=33.89692306518555
[router] async-recv response from expert node 1 latency_ms=36.25035285949707
[router] async-recv response from expert node 5 latency_ms=25.698423385620117
[router] async-recv response from expert node 6 latency_ms=26.52740478515625
[router] async-recv response from expert node 3 latency_ms=21.277904510498047
[router] async-recv response from expert node 2 latency_ms=24.052858352661133
[router] async-recv response from expert node 0 latency_ms=11.481523513793945
[router] async-send 15 token-expert pairs to expert node 3 at tcp://chimera14:5553
[router] async-send 7 token-expert pairs to expert node 1 at tcp://chimera14:5551
[router] async-send 15 token-expert pairs to expert node 0 at tcp://chimera14:5550
[router] async-send 20 token-expert pairs to expert node 7 at tcp://chimera14:5557
[router] async-send 21 token-expert pairs to expert node 4 at tcp://chimera14:5554
[router] async-send 11 token-expert pairs to expert node 2 at tcp://chimera14:5552
[router] async-send 7 token-expert pairs to expert node 6 at tcp://chimera14:5556
[router] async-send 24 token-expert pairs to expert node 5 at tcp://chimera14:5555
[router] async-recv response from expert node 3 latency_ms=26.897907257080078
[router] async-recv response from expert node 1 latency_ms=16.183853149414062
[router] async-recv response from expert node 0 latency_ms=24.28293228149414
[router] async-recv response from expert node 7 latency_ms=30.008316040039062
[router] async-recv response from expert node 4 latency_ms=30.360698699951172
[router] async-recv response from expert node 2 latency_ms=20.485639572143555
[router] async-recv response from expert node 6 latency_ms=17.035722732543945
[router] async-recv response from expert node 5 latency_ms=25.905609130859375
[router] async-send 24 token-expert pairs to expert node 3 at tcp://chimera14:5553
[router] async-send 17 token-expert pairs to expert node 7 at tcp://chimera14:5557
[router] async-send 14 token-expert pairs to expert node 0 at tcp://chimera14:5550
[router] async-send 4 token-expert pairs to expert node 5 at tcp://chimera14:5555
[router] async-send 18 token-expert pairs to expert node 6 at tcp://chimera14:5556
[router] async-send 24 token-expert pairs to expert node 1 at tcp://chimera14:5551
[router] async-send 10 token-expert pairs to expert node 2 at tcp://chimera14:5552
[router] async-send 9 token-expert pairs to expert node 4 at tcp://chimera14:5554
[router] async-recv response from expert node 3 latency_ms=33.687591552734375
[router] async-recv response from expert node 7 latency_ms=25.498151779174805
[router] async-recv response from expert node 0 latency_ms=21.269798278808594
[router] async-recv response from expert node 5 latency_ms=10.659456253051758
[router] async-recv response from expert node 6 latency_ms=30.955791473388672
[router] async-recv response from expert node 1 latency_ms=27.658939361572266
[router] async-recv response from expert node 2 latency_ms=19.05512809753418
[router] async-recv response from expert node 4 latency_ms=15.254497528076172
[router] async-send 13 token-expert pairs to expert node 6 at tcp://chimera14:5556
[router] async-send 25 token-expert pairs to expert node 2 at tcp://chimera14:5552
[router] async-send 4 token-expert pairs to expert node 0 at tcp://chimera14:5550
[router] async-send 24 token-expert pairs to expert node 5 at tcp://chimera14:5555
[router] async-send 7 token-expert pairs to expert node 1 at tcp://chimera14:5551
[router] async-send 14 token-expert pairs to expert node 7 at tcp://chimera14:5557
[router] async-send 23 token-expert pairs to expert node 4 at tcp://chimera14:5554
[router] async-send 10 token-expert pairs to expert node 3 at tcp://chimera14:5553
[router] async-recv response from expert node 6 latency_ms=20.743608474731445
[router] async-recv response from expert node 2 latency_ms=30.611276626586914
[router] async-recv response from expert node 0 latency_ms=10.798454284667969
[router] async-recv response from expert node 5 latency_ms=31.71539306640625
[router] async-recv response from expert node 1 latency_ms=16.286611557006836
[router] async-recv response from expert node 7 latency_ms=21.532535552978516
[router] async-recv response from expert node 4 latency_ms=27.68230438232422
[router] async-recv response from expert node 3 latency_ms=15.687227249145508
[router] async-send 8 token-expert pairs to expert node 2 at tcp://chimera14:5552
[router] async-send 13 token-expert pairs to expert node 5 at tcp://chimera14:5555
[router] async-send 19 token-expert pairs to expert node 0 at tcp://chimera14:5550
[router] async-send 17 token-expert pairs to expert node 1 at tcp://chimera14:5551
[router] async-send 26 token-expert pairs to expert node 4 at tcp://chimera14:5554
[router] async-send 13 token-expert pairs to expert node 7 at tcp://chimera14:5557
[router] async-send 9 token-expert pairs to expert node 6 at tcp://chimera14:5556
[router] async-send 15 token-expert pairs to expert node 3 at tcp://chimera14:5553
[router] async-recv response from expert node 2 latency_ms=14.50490951538086
[router] async-recv response from expert node 5 latency_ms=22.782564163208008
[router] async-recv response from expert node 0 latency_ms=26.523113250732422
[router] async-recv response from expert node 1 latency_ms=27.467966079711914
[router] async-recv response from expert node 4 latency_ms=39.46709632873535
[router] async-recv response from expert node 7 latency_ms=30.487537384033203
[router] async-recv response from expert node 6 latency_ms=17.49587059020996
[router] async-recv response from expert node 3 latency_ms=21.88706398010254
[router] async-send 21 token-expert pairs to expert node 2 at tcp://chimera14:5552
[router] async-send 21 token-expert pairs to expert node 0 at tcp://chimera14:5550
[router] async-send 16 token-expert pairs to expert node 3 at tcp://chimera14:5553
[router] async-send 12 token-expert pairs to expert node 4 at tcp://chimera14:5554
[router] async-send 17 token-expert pairs to expert node 7 at tcp://chimera14:5557
[router] async-send 15 token-expert pairs to expert node 6 at tcp://chimera14:5556
[router] async-send 13 token-expert pairs to expert node 1 at tcp://chimera14:5551
[router] async-send 5 token-expert pairs to expert node 5 at tcp://chimera14:5555
[router] async-recv response from expert node 2 latency_ms=25.138378143310547
[router] async-recv response from expert node 0 latency_ms=22.537708282470703
[router] async-recv response from expert node 3 latency_ms=30.177831649780273
[router] async-recv response from expert node 4 latency_ms=16.325950622558594
[router] async-recv response from expert node 7 latency_ms=29.793500900268555
[router] async-recv response from expert node 6 latency_ms=30.346155166625977
[router] async-recv response from expert node 1 latency_ms=23.43297004699707
[router] async-recv response from expert node 5 latency_ms=9.362936019897461
[router] async-send 20 token-expert pairs to expert node 1 at tcp://chimera14:5551
[router] async-send 7 token-expert pairs to expert node 5 at tcp://chimera14:5555
[router] async-send 23 token-expert pairs to expert node 2 at tcp://chimera14:5552
[router] async-send 13 token-expert pairs to expert node 7 at tcp://chimera14:5557
[router] async-send 6 token-expert pairs to expert node 0 at tcp://chimera14:5550
[router] async-send 17 token-expert pairs to expert node 4 at tcp://chimera14:5554
[router] async-send 15 token-expert pairs to expert node 3 at tcp://chimera14:5553
[router] async-send 19 token-expert pairs to expert node 6 at tcp://chimera14:5556
[router] async-recv response from expert node 1 latency_ms=28.47003936767578
[router] async-recv response from expert node 5 latency_ms=12.655973434448242
[router] async-recv response from expert node 2 latency_ms=31.698942184448242
[router] async-recv response from expert node 7 latency_ms=18.685340881347656
[router] async-recv response from expert node 0 latency_ms=15.614986419677734
[router] async-recv response from expert node 4 latency_ms=29.99567985534668
[router] async-recv response from expert node 3 latency_ms=26.696205139160156
[router] async-recv response from expert node 6 latency_ms=27.320384979248047
[router] async-send 15 token-expert pairs to expert node 0 at tcp://chimera14:5550
[router] async-send 9 token-expert pairs to expert node 5 at tcp://chimera14:5555
[router] async-send 12 token-expert pairs to expert node 7 at tcp://chimera14:5557
[router] async-send 25 token-expert pairs to expert node 3 at tcp://chimera14:5553
[router] async-send 11 token-expert pairs to expert node 4 at tcp://chimera14:5554
[router] async-send 23 token-expert pairs to expert node 2 at tcp://chimera14:5552
[router] async-send 17 token-expert pairs to expert node 6 at tcp://chimera14:5556
[router] async-send 8 token-expert pairs to expert node 1 at tcp://chimera14:5551
[router] async-recv response from expert node 0 latency_ms=26.5657901763916
[router] async-recv response from expert node 5 latency_ms=20.598411560058594
[router] async-recv response from expert node 7 latency_ms=20.711898803710938
[router] async-recv response from expert node 3 latency_ms=39.52217102050781
[router] async-recv response from expert node 4 latency_ms=27.21548080444336
[router] async-recv response from expert node 2 latency_ms=34.43408012390137
[router] async-recv response from expert node 6 latency_ms=22.77064323425293
[router] async-recv response from expert node 1 latency_ms=19.490957260131836
[router] async-send 16 token-expert pairs to expert node 7 at tcp://chimera14:5557
[router] async-send 19 token-expert pairs to expert node 4 at tcp://chimera14:5554
[router] async-send 13 token-expert pairs to expert node 6 at tcp://chimera14:5556
[router] async-send 22 token-expert pairs to expert node 1 at tcp://chimera14:5551
[router] async-send 10 token-expert pairs to expert node 5 at tcp://chimera14:5555
[router] async-send 13 token-expert pairs to expert node 2 at tcp://chimera14:5552
[router] async-send 20 token-expert pairs to expert node 3 at tcp://chimera14:5553
[router] async-send 7 token-expert pairs to expert node 0 at tcp://chimera14:5550
[router] async-recv response from expert node 7 latency_ms=28.789758682250977
[router] async-recv response from expert node 4 latency_ms=30.068635940551758
[router] async-recv response from expert node 6 latency_ms=25.76279640197754
[router] async-recv response from expert node 1 latency_ms=34.73782539367676
[router] async-recv response from expert node 5 latency_ms=22.081613540649414
[router] async-recv response from expert node 2 latency_ms=27.388811111450195
[router] async-recv response from expert node 3 latency_ms=31.719207763671875
[router] async-recv response from expert node 0 latency_ms=18.593549728393555
[router] async-send 17 token-expert pairs to expert node 7 at tcp://chimera14:5557
[router] async-send 18 token-expert pairs to expert node 6 at tcp://chimera14:5556
[router] async-send 14 token-expert pairs to expert node 0 at tcp://chimera14:5550
[router] async-send 20 token-expert pairs to expert node 2 at tcp://chimera14:5552
[router] async-send 15 token-expert pairs to expert node 1 at tcp://chimera14:5551
[router] async-send 17 token-expert pairs to expert node 4 at tcp://chimera14:5554
[router] async-send 9 token-expert pairs to expert node 5 at tcp://chimera14:5555
[router] async-send 10 token-expert pairs to expert node 3 at tcp://chimera14:5553
[router] async-recv response from expert node 7 latency_ms=25.58422088623047
[router] async-recv response from expert node 6 latency_ms=31.838655471801758
[router] async-recv response from expert node 0 latency_ms=30.599117279052734
[router] async-recv response from expert node 2 latency_ms=35.0031852722168
[router] async-recv response from expert node 1 latency_ms=28.741836547851562
[router] async-recv response from expert node 4 latency_ms=26.56722068786621
[router] async-recv response from expert node 5 latency_ms=20.457744598388672
[router] async-recv response from expert node 3 latency_ms=18.526315689086914
[router] async-send 14 token-expert pairs to expert node 0 at tcp://chimera14:5550
[router] async-send 21 token-expert pairs to expert node 1 at tcp://chimera14:5551
[router] async-send 20 token-expert pairs to expert node 6 at tcp://chimera14:5556
[router] async-send 11 token-expert pairs to expert node 4 at tcp://chimera14:5554
[router] async-send 13 token-expert pairs to expert node 5 at tcp://chimera14:5555
[router] async-send 16 token-expert pairs to expert node 3 at tcp://chimera14:5553
[router] async-send 12 token-expert pairs to expert node 2 at tcp://chimera14:5552
[router] async-send 13 token-expert pairs to expert node 7 at tcp://chimera14:5557
[router] async-recv response from expert node 0 latency_ms=32.04488754272461
[router] async-recv response from expert node 1 latency_ms=26.11517906188965
[router] async-recv response from expert node 6 latency_ms=30.440330505371094
[router] async-recv response from expert node 4 latency_ms=29.671907424926758
[router] async-recv response from expert node 5 latency_ms=27.041196823120117
[router] async-recv response from expert node 3 latency_ms=41.55921936035156
[router] async-recv response from expert node 2 latency_ms=19.75703239440918
[router] async-recv response from expert node 7 latency_ms=21.95596694946289
[router] async-send 16 token-expert pairs to expert node 7 at tcp://chimera14:5557
[router] async-send 15 token-expert pairs to expert node 1 at tcp://chimera14:5551
[router] async-send 25 token-expert pairs to expert node 5 at tcp://chimera14:5555
[router] async-send 12 token-expert pairs to expert node 2 at tcp://chimera14:5552
[router] async-send 13 token-expert pairs to expert node 4 at tcp://chimera14:5554
[router] async-send 11 token-expert pairs to expert node 6 at tcp://chimera14:5556
[router] async-send 21 token-expert pairs to expert node 3 at tcp://chimera14:5553
[router] async-send 7 token-expert pairs to expert node 0 at tcp://chimera14:5550
[router] async-recv response from expert node 7 latency_ms=27.482032775878906
[router] async-recv response from expert node 1 latency_ms=27.970314025878906
[router] async-recv response from expert node 5 latency_ms=41.066884994506836
[router] async-recv response from expert node 2 latency_ms=24.982690811157227
[router] async-recv response from expert node 4 latency_ms=32.64164924621582
[router] async-recv response from expert node 6 latency_ms=16.69931411743164
[router] async-recv response from expert node 3 latency_ms=29.51836585998535
[router] async-recv response from expert node 0 latency_ms=14.604806900024414
[router] async-send 22 token-expert pairs to expert node 1 at tcp://chimera14:5551
[router] async-send 15 token-expert pairs to expert node 7 at tcp://chimera14:5557
[router] async-send 17 token-expert pairs to expert node 3 at tcp://chimera14:5553
[router] async-send 23 token-expert pairs to expert node 6 at tcp://chimera14:5556
[router] async-send 13 token-expert pairs to expert node 0 at tcp://chimera14:5550
[router] async-send 13 token-expert pairs to expert node 5 at tcp://chimera14:5555
[router] async-send 9 token-expert pairs to expert node 4 at tcp://chimera14:5554
[router] async-send 8 token-expert pairs to expert node 2 at tcp://chimera14:5552
[router] async-recv response from expert node 1 latency_ms=35.338640213012695
[router] async-recv response from expert node 7 latency_ms=28.929948806762695
[router] async-recv response from expert node 3 latency_ms=31.03494644165039
[router] async-recv response from expert node 6 latency_ms=31.40544891357422
[router] async-recv response from expert node 0 latency_ms=30.718326568603516
[router] async-recv response from expert node 5 latency_ms=28.545618057250977
[router] async-recv response from expert node 4 latency_ms=20.045995712280273
[router] async-recv response from expert node 2 latency_ms=23.040294647216797
[router] async-send 27 token-expert pairs to expert node 7 at tcp://chimera14:5557
[router] async-send 12 token-expert pairs to expert node 1 at tcp://chimera14:5551
[router] async-send 18 token-expert pairs to expert node 0 at tcp://chimera14:5550
[router] async-send 12 token-expert pairs to expert node 5 at tcp://chimera14:5555
[router] async-send 11 token-expert pairs to expert node 4 at tcp://chimera14:5554
[router] async-send 16 token-expert pairs to expert node 3 at tcp://chimera14:5553
[router] async-send 17 token-expert pairs to expert node 6 at tcp://chimera14:5556
[router] async-send 15 token-expert pairs to expert node 2 at tcp://chimera14:5552
[router] async-recv response from expert node 7 latency_ms=35.87198257446289
[router] async-recv response from expert node 1 latency_ms=24.821996688842773
[router] async-recv response from expert node 0 latency_ms=20.53213119506836
[router] async-recv response from expert node 5 latency_ms=25.427818298339844
[router] async-recv response from expert node 4 latency_ms=23.943185806274414
[router] async-recv response from expert node 3 latency_ms=27.12845802307129
[router] async-recv response from expert node 6 latency_ms=28.473377227783203
[router] async-recv response from expert node 2 latency_ms=31.881093978881836
[router] async-send 23 token-expert pairs to expert node 2 at tcp://chimera14:5552
[router] async-send 12 token-expert pairs to expert node 1 at tcp://chimera14:5551
[router] async-send 12 token-expert pairs to expert node 5 at tcp://chimera14:5555
[router] async-send 13 token-expert pairs to expert node 4 at tcp://chimera14:5554
[router] async-send 23 token-expert pairs to expert node 0 at tcp://chimera14:5550
[router] async-send 10 token-expert pairs to expert node 6 at tcp://chimera14:5556
[router] async-send 17 token-expert pairs to expert node 3 at tcp://chimera14:5553
[router] async-send 18 token-expert pairs to expert node 7 at tcp://chimera14:5557
[router] async-recv response from expert node 2 latency_ms=34.023284912109375
[router] async-recv response from expert node 1 latency_ms=21.761417388916016
[router] async-recv response from expert node 5 latency_ms=27.112960815429688
[router] async-recv response from expert node 4 latency_ms=28.316497802734375
[router] async-recv response from expert node 0 latency_ms=34.421682357788086
[router] async-recv response from expert node 6 latency_ms=22.287607192993164
[router] async-recv response from expert node 3 latency_ms=34.65867042541504
[router] async-recv response from expert node 7 latency_ms=32.49788284301758
[router] async-send 18 token-expert pairs to expert node 3 at tcp://chimera14:5553
[router] async-send 16 token-expert pairs to expert node 4 at tcp://chimera14:5554
[router] async-send 18 token-expert pairs to expert node 7 at tcp://chimera14:5557
[router] async-send 7 token-expert pairs to expert node 5 at tcp://chimera14:5555
[router] async-send 20 token-expert pairs to expert node 2 at tcp://chimera14:5552
[router] async-send 8 token-expert pairs to expert node 0 at tcp://chimera14:5550
[router] async-send 22 token-expert pairs to expert node 1 at tcp://chimera14:5551
[router] async-send 19 token-expert pairs to expert node 6 at tcp://chimera14:5556
[router] async-recv response from expert node 3 latency_ms=34.62028503417969
[router] async-recv response from expert node 4 latency_ms=30.622005462646484
[router] async-recv response from expert node 7 latency_ms=32.54103660583496
[router] async-recv response from expert node 5 latency_ms=18.403053283691406
[router] async-recv response from expert node 2 latency_ms=33.087968826293945
[router] async-recv response from expert node 0 latency_ms=14.162063598632812
[router] async-recv response from expert node 1 latency_ms=28.4881591796875
[router] async-recv response from expert node 6 latency_ms=26.47876739501953
[router] async-send 12 token-expert pairs to expert node 4 at tcp://chimera14:5554
[router] async-send 23 token-expert pairs to expert node 7 at tcp://chimera14:5557
[router] async-send 29 token-expert pairs to expert node 1 at tcp://chimera14:5551
[router] async-send 12 token-expert pairs to expert node 5 at tcp://chimera14:5555
[router] async-send 22 token-expert pairs to expert node 6 at tcp://chimera14:5556
[router] async-send 14 token-expert pairs to expert node 3 at tcp://chimera14:5553
[router] async-send 10 token-expert pairs to expert node 2 at tcp://chimera14:5552
[router] async-send 6 token-expert pairs to expert node 0 at tcp://chimera14:5550
[router] async-recv response from expert node 4 latency_ms=21.977663040161133
[router] async-recv response from expert node 7 latency_ms=35.11953353881836
[router] async-recv response from expert node 1 latency_ms=37.55307197570801
[router] async-recv response from expert node 5 latency_ms=25.239229202270508
[router] async-recv response from expert node 6 latency_ms=28.122663497924805
[router] async-recv response from expert node 3 latency_ms=25.104999542236328
[router] async-recv response from expert node 2 latency_ms=24.046897888183594
[router] async-recv response from expert node 0 latency_ms=12.460470199584961
[router] async-send 16 token-expert pairs to expert node 3 at tcp://chimera14:5553
[router] async-send 8 token-expert pairs to expert node 1 at tcp://chimera14:5551
[router] async-send 15 token-expert pairs to expert node 0 at tcp://chimera14:5550
[router] async-send 22 token-expert pairs to expert node 7 at tcp://chimera14:5557
[router] async-send 22 token-expert pairs to expert node 4 at tcp://chimera14:5554
[router] async-send 11 token-expert pairs to expert node 2 at tcp://chimera14:5552
[router] async-send 9 token-expert pairs to expert node 6 at tcp://chimera14:5556
[router] async-send 25 token-expert pairs to expert node 5 at tcp://chimera14:5555
[router] async-recv response from expert node 3 latency_ms=28.99456024169922
[router] async-recv response from expert node 1 latency_ms=18.951892852783203
[router] async-recv response from expert node 0 latency_ms=24.494409561157227
[router] async-recv response from expert node 7 latency_ms=30.92646598815918
[router] async-recv response from expert node 4 latency_ms=29.797077178955078
[router] async-recv response from expert node 2 latency_ms=20.114421844482422
[router] async-recv response from expert node 6 latency_ms=19.85478401184082
[router] async-recv response from expert node 5 latency_ms=25.600671768188477
[router] async-send 26 token-expert pairs to expert node 3 at tcp://chimera14:5553
[router] async-send 17 token-expert pairs to expert node 7 at tcp://chimera14:5557
[router] async-send 14 token-expert pairs to expert node 0 at tcp://chimera14:5550
[router] async-send 6 token-expert pairs to expert node 5 at tcp://chimera14:5555
[router] async-send 19 token-expert pairs to expert node 6 at tcp://chimera14:5556
[router] async-send 24 token-expert pairs to expert node 1 at tcp://chimera14:5551
[router] async-send 11 token-expert pairs to expert node 2 at tcp://chimera14:5552
[router] async-send 11 token-expert pairs to expert node 4 at tcp://chimera14:5554
[router] async-recv response from expert node 3 latency_ms=35.04800796508789
[router] async-recv response from expert node 7 latency_ms=25.663137435913086
[router] async-recv response from expert node 0 latency_ms=21.831274032592773
[router] async-recv response from expert node 5 latency_ms=14.099836349487305
[router] async-recv response from expert node 6 latency_ms=32.47952461242676
[router] async-recv response from expert node 1 latency_ms=28.06258201599121
[router] async-recv response from expert node 2 latency_ms=23.32448959350586
[router] async-recv response from expert node 4 latency_ms=19.775390625
[router] async-send 14 token-expert pairs to expert node 6 at tcp://chimera14:5556
[router] async-send 26 token-expert pairs to expert node 2 at tcp://chimera14:5552
[router] async-send 6 token-expert pairs to expert node 0 at tcp://chimera14:5550
[router] async-send 7 token-expert pairs to expert node 1 at tcp://chimera14:5551
[router] async-send 25 token-expert pairs to expert node 5 at tcp://chimera14:5555
[router] async-send 15 token-expert pairs to expert node 7 at tcp://chimera14:5557
[router] async-send 23 token-expert pairs to expert node 4 at tcp://chimera14:5554
[router] async-send 12 token-expert pairs to expert node 3 at tcp://chimera14:5553
[router] async-recv response from expert node 6 latency_ms=23.66161346435547
[router] async-recv response from expert node 2 latency_ms=29.43587303161621
[router] async-recv response from expert node 0 latency_ms=15.725135803222656
[router] async-recv response from expert node 1 latency_ms=16.803503036499023
[router] async-recv response from expert node 5 latency_ms=33.01286697387695
[router] async-recv response from expert node 7 latency_ms=26.236534118652344
[router] async-recv response from expert node 4 latency_ms=27.30536460876465
[router] async-recv response from expert node 3 latency_ms=19.051551818847656
[router] async-send 8 token-expert pairs to expert node 2 at tcp://chimera14:5552
[router] async-send 14 token-expert pairs to expert node 5 at tcp://chimera14:5555
[router] async-send 20 token-expert pairs to expert node 0 at tcp://chimera14:5550
[router] async-send 20 token-expert pairs to expert node 1 at tcp://chimera14:5551
[router] async-send 26 token-expert pairs to expert node 4 at tcp://chimera14:5554
[router] async-send 14 token-expert pairs to expert node 7 at tcp://chimera14:5557
[router] async-send 10 token-expert pairs to expert node 6 at tcp://chimera14:5556
[router] async-send 16 token-expert pairs to expert node 3 at tcp://chimera14:5553
[router] async-recv response from expert node 2 latency_ms=14.782190322875977
[router] async-recv response from expert node 5 latency_ms=25.73990821838379
[router] async-recv response from expert node 0 latency_ms=30.013084411621094
[router] async-recv response from expert node 1 latency_ms=30.846357345581055
[router] async-recv response from expert node 4 latency_ms=40.00210762023926
[router] async-recv response from expert node 7 latency_ms=28.94878387451172
[router] async-recv response from expert node 6 latency_ms=20.403385162353516
[router] async-recv response from expert node 3 latency_ms=23.10323715209961
[router] async-send 23 token-expert pairs to expert node 2 at tcp://chimera14:5552
[router] async-send 22 token-expert pairs to expert node 0 at tcp://chimera14:5550
[router] async-send 16 token-expert pairs to expert node 3 at tcp://chimera14:5553
[router] async-send 14 token-expert pairs to expert node 4 at tcp://chimera14:5554
[router] async-send 19 token-expert pairs to expert node 7 at tcp://chimera14:5557
[router] async-send 17 token-expert pairs to expert node 6 at tcp://chimera14:5556
[router] async-send 12 token-expert pairs to expert node 1 at tcp://chimera14:5551
[router] async-send 5 token-expert pairs to expert node 5 at tcp://chimera14:5555
[router] async-recv response from expert node 2 latency_ms=30.602216720581055
[router] async-recv response from expert node 0 latency_ms=22.910118103027344
[router] async-recv response from expert node 3 latency_ms=30.612945556640625
[router] async-recv response from expert node 4 latency_ms=22.534847259521484
[router] async-recv response from expert node 7 latency_ms=32.43565559387207
[router] async-recv response from expert node 6 latency_ms=31.9061279296875
[router] async-recv response from expert node 1 latency_ms=22.980451583862305
[router] async-recv response from expert node 5 latency_ms=10.757923126220703
[router] async-send 20 token-expert pairs to expert node 1 at tcp://chimera14:5551
[router] async-send 7 token-expert pairs to expert node 5 at tcp://chimera14:5555
[router] async-send 24 token-expert pairs to expert node 2 at tcp://chimera14:5552
[router] async-send 13 token-expert pairs to expert node 7 at tcp://chimera14:5557
[router] async-send 8 token-expert pairs to expert node 0 at tcp://chimera14:5550
[router] async-send 18 token-expert pairs to expert node 4 at tcp://chimera14:5554
[router] async-send 17 token-expert pairs to expert node 3 at tcp://chimera14:5553
[router] async-send 21 token-expert pairs to expert node 6 at tcp://chimera14:5556
[router] async-recv response from expert node 1 latency_ms=27.74667739868164
[router] async-recv response from expert node 5 latency_ms=12.039899826049805
[router] async-recv response from expert node 2 latency_ms=34.86371040344238
[router] async-recv response from expert node 7 latency_ms=18.963098526000977
[router] async-recv response from expert node 0 latency_ms=21.919727325439453
[router] async-recv response from expert node 4 latency_ms=33.71858596801758
[router] async-recv response from expert node 3 latency_ms=30.136823654174805
[router] async-recv response from expert node 6 latency_ms=30.40599822998047
[router] async-send 16 token-expert pairs to expert node 0 at tcp://chimera14:5550
[router] async-send 9 token-expert pairs to expert node 5 at tcp://chimera14:5555
[router] async-send 14 token-expert pairs to expert node 7 at tcp://chimera14:5557
[router] async-send 26 token-expert pairs to expert node 3 at tcp://chimera14:5553
[router] async-send 12 token-expert pairs to expert node 4 at tcp://chimera14:5554
[router] async-send 24 token-expert pairs to expert node 2 at tcp://chimera14:5552
[router] async-send 18 token-expert pairs to expert node 6 at tcp://chimera14:5556
[router] async-send 9 token-expert pairs to expert node 1 at tcp://chimera14:5551
[router] async-recv response from expert node 0 latency_ms=29.497861862182617
[router] async-recv response from expert node 5 latency_ms=20.145177841186523
[router] async-recv response from expert node 7 latency_ms=27.072906494140625
[router] async-recv response from expert node 3 latency_ms=42.104482650756836
[router] async-recv response from expert node 4 latency_ms=28.991222381591797
[router] async-recv response from expert node 2 latency_ms=34.74235534667969
[router] async-recv response from expert node 6 latency_ms=24.4143009185791
[router] async-recv response from expert node 1 latency_ms=22.337675094604492
[router] async-send 19 token-expert pairs to expert node 7 at tcp://chimera14:5557
[router] async-send 21 token-expert pairs to expert node 4 at tcp://chimera14:5554
[router] async-send 12 token-expert pairs to expert node 6 at tcp://chimera14:5556
[router] async-send 22 token-expert pairs to expert node 1 at tcp://chimera14:5551
[router] async-send 10 token-expert pairs to expert node 5 at tcp://chimera14:5555
[router] async-send 15 token-expert pairs to expert node 2 at tcp://chimera14:5552
[router] async-send 21 token-expert pairs to expert node 3 at tcp://chimera14:5553
[router] async-send 8 token-expert pairs to expert node 0 at tcp://chimera14:5550
[router] async-recv response from expert node 7 latency_ms=29.99424934387207
[router] async-recv response from expert node 4 latency_ms=34.650564193725586
[router] async-recv response from expert node 6 latency_ms=24.094581604003906
[router] async-recv response from expert node 1 latency_ms=33.994436264038086
[router] async-recv response from expert node 5 latency_ms=21.76523208618164
[router] async-recv response from expert node 2 latency_ms=27.657270431518555
[router] async-recv response from expert node 3 latency_ms=31.636714935302734
[router] async-recv response from expert node 0 latency_ms=20.17664909362793
[router] async-send 18 token-expert pairs to expert node 7 at tcp://chimera14:5557
[router] async-send 21 token-expert pairs to expert node 6 at tcp://chimera14:5556
[router] async-send 14 token-expert pairs to expert node 0 at tcp://chimera14:5550
[router] async-send 21 token-expert pairs to expert node 2 at tcp://chimera14:5552
[router] async-send 16 token-expert pairs to expert node 1 at tcp://chimera14:5551
[router] async-send 18 token-expert pairs to expert node 4 at tcp://chimera14:5554
[router] async-send 10 token-expert pairs to expert node 5 at tcp://chimera14:5555
[router] async-send 10 token-expert pairs to expert node 3 at tcp://chimera14:5553
[router] async-recv response from expert node 7 latency_ms=25.420665740966797
[router] async-recv response from expert node 6 latency_ms=38.40327262878418
[router] async-recv response from expert node 0 latency_ms=30.638694763183594
[router] async-recv response from expert node 2 latency_ms=35.729408264160156
[router] async-recv response from expert node 1 latency_ms=30.52830696105957
[router] async-recv response from expert node 4 latency_ms=28.51557731628418
[router] async-recv response from expert node 5 latency_ms=23.209810256958008
[router] async-recv response from expert node 3 latency_ms=18.310546875
[router] async-send 16 token-expert pairs to expert node 0 at tcp://chimera14:5550
[router] async-send 23 token-expert pairs to expert node 1 at tcp://chimera14:5551
[router] async-send 20 token-expert pairs to expert node 6 at tcp://chimera14:5556
[router] async-send 11 token-expert pairs to expert node 4 at tcp://chimera14:5554
[router] async-send 14 token-expert pairs to expert node 5 at tcp://chimera14:5555
[router] async-send 16 token-expert pairs to expert node 3 at tcp://chimera14:5553
[router] async-send 13 token-expert pairs to expert node 2 at tcp://chimera14:5552
[router] async-send 15 token-expert pairs to expert node 7 at tcp://chimera14:5557
[router] async-recv response from expert node 0 latency_ms=32.87982940673828
[router] async-recv response from expert node 1 latency_ms=29.909849166870117
[router] async-recv response from expert node 6 latency_ms=42.36412048339844
[router] async-recv response from expert node 4 latency_ms=29.762744903564453
[router] async-recv response from expert node 5 latency_ms=29.655933380126953
[router] async-recv response from expert node 3 latency_ms=29.509305953979492
[router] async-recv response from expert node 2 latency_ms=20.5841064453125
[router] async-recv response from expert node 7 latency_ms=25.438547134399414
[router] async-send 17 token-expert pairs to expert node 7 at tcp://chimera14:5557
[router] async-send 15 token-expert pairs to expert node 1 at tcp://chimera14:5551
[router] async-send 27 token-expert pairs to expert node 5 at tcp://chimera14:5555
[router] async-send 14 token-expert pairs to expert node 2 at tcp://chimera14:5552
[router] async-send 14 token-expert pairs to expert node 4 at tcp://chimera14:5554
[router] async-send 11 token-expert pairs to expert node 6 at tcp://chimera14:5556
[router] async-send 23 token-expert pairs to expert node 3 at tcp://chimera14:5553
[router] async-send 7 token-expert pairs to expert node 0 at tcp://chimera14:5550
[router] async-recv response from expert node 7 latency_ms=28.26094627380371
[router] async-recv response from expert node 1 latency_ms=27.3587703704834
[router] async-recv response from expert node 5 latency_ms=41.9468879699707
[router] async-recv response from expert node 2 latency_ms=28.265953063964844
[router] async-recv response from expert node 4 latency_ms=33.04862976074219
[router] async-recv response from expert node 6 latency_ms=16.273021697998047
[router] async-recv response from expert node 3 latency_ms=31.85105323791504
[router] async-recv response from expert node 0 latency_ms=14.297723770141602
[router] async-send 23 token-expert pairs to expert node 1 at tcp://chimera14:5551
[router] async-send 15 token-expert pairs to expert node 7 at tcp://chimera14:5557
[router] async-send 17 token-expert pairs to expert node 3 at tcp://chimera14:5553
[router] async-send 16 token-expert pairs to expert node 0 at tcp://chimera14:5550
[router] async-send 25 token-expert pairs to expert node 6 at tcp://chimera14:5556
[router] async-send 10 token-expert pairs to expert node 4 at tcp://chimera14:5554
[router] async-send 9 token-expert pairs to expert node 2 at tcp://chimera14:5552
[router] async-send 13 token-expert pairs to expert node 5 at tcp://chimera14:5555
[router] async-recv response from expert node 1 latency_ms=34.75165367126465
[router] async-recv response from expert node 7 latency_ms=28.18918228149414
[router] async-recv response from expert node 3 latency_ms=30.225753784179688
[router] async-recv response from expert node 0 latency_ms=33.11920166015625
[router] async-recv response from expert node 6 latency_ms=31.287670135498047
[router] async-recv response from expert node 4 latency_ms=21.590709686279297
[router] async-recv response from expert node 2 latency_ms=24.363040924072266
[router] async-recv response from expert node 5 latency_ms=28.532028198242188
[router] async-send 29 token-expert pairs to expert node 7 at tcp://chimera14:5557
[router] async-send 12 token-expert pairs to expert node 1 at tcp://chimera14:5551
[router] async-send 20 token-expert pairs to expert node 0 at tcp://chimera14:5550
[router] async-send 14 token-expert pairs to expert node 5 at tcp://chimera14:5555
[router] async-send 11 token-expert pairs to expert node 4 at tcp://chimera14:5554
[router] async-send 17 token-expert pairs to expert node 3 at tcp://chimera14:5553
[router] async-send 18 token-expert pairs to expert node 6 at tcp://chimera14:5556
[router] async-send 15 token-expert pairs to expert node 2 at tcp://chimera14:5552
[router] async-recv response from expert node 7 latency_ms=39.45040702819824
[router] async-recv response from expert node 1 latency_ms=25.038480758666992
[router] async-recv response from expert node 0 latency_ms=23.839473724365234
[router] async-recv response from expert node 5 latency_ms=28.62262725830078
[router] async-recv response from expert node 4 latency_ms=23.470401763916016
[router] async-recv response from expert node 3 latency_ms=29.27684783935547
[router] async-recv response from expert node 6 latency_ms=30.142784118652344
[router] async-recv response from expert node 2 latency_ms=31.767606735229492
[router] async-send 23 token-expert pairs to expert node 2 at tcp://chimera14:5552
[router] async-send 14 token-expert pairs to expert node 1 at tcp://chimera14:5551
[router] async-send 12 token-expert pairs to expert node 5 at tcp://chimera14:5555
[router] async-send 15 token-expert pairs to expert node 4 at tcp://chimera14:5554
[router] async-send 23 token-expert pairs to expert node 0 at tcp://chimera14:5550
[router] async-send 12 token-expert pairs to expert node 6 at tcp://chimera14:5556
[router] async-send 18 token-expert pairs to expert node 3 at tcp://chimera14:5553
[router] async-send 19 token-expert pairs to expert node 7 at tcp://chimera14:5557
[router] async-recv response from expert node 2 latency_ms=35.94708442687988
[router] async-recv response from expert node 1 latency_ms=25.799989700317383
[router] async-recv response from expert node 5 latency_ms=26.47256851196289
[router] async-recv response from expert node 4 latency_ms=42.94157028198242
[router] async-recv response from expert node 0 latency_ms=34.27743911743164
[router] async-recv response from expert node 6 latency_ms=27.245283126831055
[router] async-recv response from expert node 3 latency_ms=36.98277473449707
[router] async-recv response from expert node 7 latency_ms=32.563209533691406
[router] async-send 19 token-expert pairs to expert node 3 at tcp://chimera14:5553
[router] async-send 16 token-expert pairs to expert node 4 at tcp://chimera14:5554
[router] async-send 19 token-expert pairs to expert node 7 at tcp://chimera14:5557
[router] async-send 8 token-expert pairs to expert node 5 at tcp://chimera14:5555
[router] async-send 24 token-expert pairs to expert node 2 at tcp://chimera14:5552
[router] async-send 8 token-expert pairs to expert node 0 at tcp://chimera14:5550
[router] async-send 23 token-expert pairs to expert node 1 at tcp://chimera14:5551
[router] async-send 19 token-expert pairs to expert node 6 at tcp://chimera14:5556
[router] async-recv response from expert node 3 latency_ms=34.20758247375488
[router] async-recv response from expert node 4 latency_ms=30.355215072631836
[router] async-recv response from expert node 7 latency_ms=32.60946273803711
[router] async-recv response from expert node 5 latency_ms=20.304203033447266
[router] async-recv response from expert node 2 latency_ms=36.78774833679199
[router] async-recv response from expert node 0 latency_ms=14.232873916625977
[router] async-recv response from expert node 1 latency_ms=28.79619598388672
[router] async-recv response from expert node 6 latency_ms=28.063535690307617
[router] async-send 13 token-expert pairs to expert node 4 at tcp://chimera14:5554
[router] async-send 24 token-expert pairs to expert node 7 at tcp://chimera14:5557
[router] async-send 31 token-expert pairs to expert node 1 at tcp://chimera14:5551
[router] async-send 13 token-expert pairs to expert node 5 at tcp://chimera14:5555
[router] async-send 25 token-expert pairs to expert node 6 at tcp://chimera14:5556
[router] async-send 15 token-expert pairs to expert node 3 at tcp://chimera14:5553
[router] async-send 9 token-expert pairs to expert node 2 at tcp://chimera14:5552
[router] async-send 6 token-expert pairs to expert node 0 at tcp://chimera14:5550
[router] async-recv response from expert node 4 latency_ms=25.241374969482422
[router] async-recv response from expert node 7 latency_ms=36.22770309448242
[router] async-recv response from expert node 1 latency_ms=41.48411750793457
[router] async-recv response from expert node 5 latency_ms=27.71306037902832
[router] async-recv response from expert node 6 latency_ms=33.13851356506348
[router] async-recv response from expert node 3 latency_ms=25.377273559570312
[router] async-recv response from expert node 2 latency_ms=23.058652877807617
[router] async-recv response from expert node 0 latency_ms=12.495994567871094
[router] async-send 17 token-expert pairs to expert node 3 at tcp://chimera14:5553
[router] async-send 8 token-expert pairs to expert node 1 at tcp://chimera14:5551
[router] async-send 17 token-expert pairs to expert node 0 at tcp://chimera14:5550
[router] async-send 23 token-expert pairs to expert node 7 at tcp://chimera14:5557
[router] async-send 23 token-expert pairs to expert node 4 at tcp://chimera14:5554
[router] async-send 11 token-expert pairs to expert node 2 at tcp://chimera14:5552
[router] async-send 11 token-expert pairs to expert node 6 at tcp://chimera14:5556
[router] async-send 26 token-expert pairs to expert node 5 at tcp://chimera14:5555
[router] async-recv response from expert node 3 latency_ms=30.40480613708496
[router] async-recv response from expert node 1 latency_ms=19.988298416137695
[router] async-recv response from expert node 0 latency_ms=28.06711196899414
[router] async-recv response from expert node 7 latency_ms=33.319711685180664
[router] async-recv response from expert node 4 latency_ms=31.33559226989746
[router] async-recv response from expert node 2 latency_ms=20.46370506286621
[router] async-recv response from expert node 6 latency_ms=22.403717041015625
[router] async-recv response from expert node 5 latency_ms=26.16262435913086
[router] async-send 28 token-expert pairs to expert node 3 at tcp://chimera14:5553
[router] async-send 18 token-expert pairs to expert node 7 at tcp://chimera14:5557
[router] async-send 14 token-expert pairs to expert node 0 at tcp://chimera14:5550
[router] async-send 8 token-expert pairs to expert node 5 at tcp://chimera14:5555
[router] async-send 20 token-expert pairs to expert node 6 at tcp://chimera14:5556
[router] async-send 24 token-expert pairs to expert node 1 at tcp://chimera14:5551
[router] async-send 12 token-expert pairs to expert node 2 at tcp://chimera14:5552
[router] async-send 12 token-expert pairs to expert node 4 at tcp://chimera14:5554
[router] async-recv response from expert node 3 latency_ms=34.39021110534668
[router] async-recv response from expert node 7 latency_ms=25.159120559692383
[router] async-recv response from expert node 0 latency_ms=20.981788635253906
[router] async-recv response from expert node 5 latency_ms=16.80159568786621
[router] async-recv response from expert node 6 latency_ms=31.79168701171875
[router] async-recv response from expert node 1 latency_ms=28.157711029052734
[router] async-recv response from expert node 2 latency_ms=24.71780776977539
[router] async-recv response from expert node 4 latency_ms=20.101308822631836
[router] async-send 14 token-expert pairs to expert node 6 at tcp://chimera14:5556
[router] async-send 27 token-expert pairs to expert node 2 at tcp://chimera14:5552
[router] async-send 8 token-expert pairs to expert node 0 at tcp://chimera14:5550
[router] async-send 26 token-expert pairs to expert node 5 at tcp://chimera14:5555
[router] async-send 9 token-expert pairs to expert node 1 at tcp://chimera14:5551
[router] async-send 16 token-expert pairs to expert node 7 at tcp://chimera14:5557
[router] async-send 23 token-expert pairs to expert node 4 at tcp://chimera14:5554
[router] async-send 13 token-expert pairs to expert node 3 at tcp://chimera14:5553
[router] async-recv response from expert node 6 latency_ms=23.055315017700195
[router] async-recv response from expert node 2 latency_ms=30.633926391601562
[router] async-recv response from expert node 0 latency_ms=18.497705459594727
[router] async-recv response from expert node 5 latency_ms=32.785892486572266
[router] async-recv response from expert node 1 latency_ms=17.377138137817383
[router] async-recv response from expert node 7 latency_ms=26.6420841217041
[router] async-recv response from expert node 4 latency_ms=27.562618255615234
[router] async-recv response from expert node 3 latency_ms=19.922971725463867
[router] async-send 9 token-expert pairs to expert node 2 at tcp://chimera14:5552
[router] async-send 14 token-expert pairs to expert node 5 at tcp://chimera14:5555
[router] async-send 23 token-expert pairs to expert node 0 at tcp://chimera14:5550
[router] async-send 22 token-expert pairs to expert node 1 at tcp://chimera14:5551
[router] async-send 27 token-expert pairs to expert node 4 at tcp://chimera14:5554
[router] async-send 14 token-expert pairs to expert node 7 at tcp://chimera14:5557
[router] async-send 11 token-expert pairs to expert node 6 at tcp://chimera14:5556
[router] async-send 16 token-expert pairs to expert node 3 at tcp://chimera14:5553
[router] async-recv response from expert node 2 latency_ms=17.1658992767334
[router] async-recv response from expert node 5 latency_ms=25.650978088378906
[router] async-recv response from expert node 0 latency_ms=34.93833541870117
[router] async-recv response from expert node 1 latency_ms=31.635761260986328
[router] async-recv response from expert node 4 latency_ms=40.81559181213379
[router] async-recv response from expert node 7 latency_ms=28.296709060668945
[router] async-recv response from expert node 6 latency_ms=23.57029914855957
[router] async-recv response from expert node 3 latency_ms=22.808313369750977
[router] async-send 24 token-expert pairs to expert node 2 at tcp://chimera14:5552
[router] async-send 23 token-expert pairs to expert node 0 at tcp://chimera14:5550
[router] async-send 18 token-expert pairs to expert node 3 at tcp://chimera14:5553
[router] async-send 14 token-expert pairs to expert node 4 at tcp://chimera14:5554
[router] async-send 20 token-expert pairs to expert node 7 at tcp://chimera14:5557
[router] async-send 17 token-expert pairs to expert node 6 at tcp://chimera14:5556
[router] async-send 14 token-expert pairs to expert node 1 at tcp://chimera14:5551
[router] async-send 6 token-expert pairs to expert node 5 at tcp://chimera14:5555
[router] async-recv response from expert node 2 latency_ms=32.904624938964844
[router] async-recv response from expert node 0 latency_ms=28.331995010375977
[router] async-recv response from expert node 3 latency_ms=35.370588302612305
[router] async-recv response from expert node 4 latency_ms=22.502660751342773
[router] async-recv response from expert node 7 latency_ms=32.60993957519531
[router] async-recv response from expert node 6 latency_ms=31.697511672973633
[router] async-recv response from expert node 1 latency_ms=25.86507797241211
[router] async-recv response from expert node 5 latency_ms=10.315418243408203
[router] async-send 20 token-expert pairs to expert node 1 at tcp://chimera14:5551
[router] async-send 9 token-expert pairs to expert node 5 at tcp://chimera14:5555
[router] async-send 24 token-expert pairs to expert node 2 at tcp://chimera14:5552
[router] async-send 16 token-expert pairs to expert node 7 at tcp://chimera14:5557
[router] async-send 9 token-expert pairs to expert node 0 at tcp://chimera14:5550
[router] async-send 20 token-expert pairs to expert node 4 at tcp://chimera14:5554
[router] async-send 17 token-expert pairs to expert node 3 at tcp://chimera14:5553
[router] async-send 21 token-expert pairs to expert node 6 at tcp://chimera14:5556
[router] async-recv response from expert node 1 latency_ms=28.2590389251709
[router] async-recv response from expert node 5 latency_ms=17.902374267578125
[router] async-recv response from expert node 2 latency_ms=35.09187698364258
[router] async-recv response from expert node 7 latency_ms=24.92833137512207
[router] async-recv response from expert node 0 latency_ms=23.647546768188477
[router] async-recv response from expert node 4 latency_ms=37.644147872924805
[router] async-recv response from expert node 3 latency_ms=30.527591705322266
[router] async-recv response from expert node 6 latency_ms=33.290863037109375
[router] async-send 17 token-expert pairs to expert node 0 at tcp://chimera14:5550
[router] async-send 9 token-expert pairs to expert node 5 at tcp://chimera14:5555
[router] async-send 13 token-expert pairs to expert node 7 at tcp://chimera14:5557
[router] async-send 27 token-expert pairs to expert node 3 at tcp://chimera14:5553
[router] async-send 14 token-expert pairs to expert node 4 at tcp://chimera14:5554
[router] async-send 26 token-expert pairs to expert node 2 at tcp://chimera14:5552
[router] async-send 20 token-expert pairs to expert node 6 at tcp://chimera14:5556
[router] async-send 10 token-expert pairs to expert node 1 at tcp://chimera14:5551
[router] async-recv response from expert node 0 latency_ms=31.798601150512695
[router] async-recv response from expert node 5 latency_ms=20.102500915527344
[router] async-recv response from expert node 7 latency_ms=23.161649703979492
[router] async-recv response from expert node 3 latency_ms=41.14055633544922
[router] async-recv response from expert node 4 latency_ms=34.432411193847656
[router] async-recv response from expert node 2 latency_ms=35.989999771118164
[router] async-recv response from expert node 6 latency_ms=28.304100036621094
[router] async-recv response from expert node 1 latency_ms=22.087574005126953
[router] async-send 19 token-expert pairs to expert node 7 at tcp://chimera14:5557
[router] async-send 21 token-expert pairs to expert node 4 at tcp://chimera14:5554
[router] async-send 15 token-expert pairs to expert node 6 at tcp://chimera14:5556
[router] async-send 24 token-expert pairs to expert node 1 at tcp://chimera14:5551
[router] async-send 11 token-expert pairs to expert node 5 at tcp://chimera14:5555
[router] async-send 15 token-expert pairs to expert node 2 at tcp://chimera14:5552
[router] async-send 22 token-expert pairs to expert node 3 at tcp://chimera14:5553
[router] async-send 9 token-expert pairs to expert node 0 at tcp://chimera14:5550
[router] async-recv response from expert node 7 latency_ms=29.466867446899414
[router] async-recv response from expert node 4 latency_ms=34.73973274230957
[router] async-recv response from expert node 6 latency_ms=25.89273452758789
[router] async-recv response from expert node 1 latency_ms=36.70215606689453
[router] async-recv response from expert node 5 latency_ms=26.808738708496094
[router] async-recv response from expert node 2 latency_ms=28.25164794921875
[router] async-recv response from expert node 3 latency_ms=34.662723541259766
[router] async-recv response from expert node 0 latency_ms=24.370193481445312
[router] async-send 19 token-expert pairs to expert node 7 at tcp://chimera14:5557
[router] async-send 21 token-expert pairs to expert node 6 at tcp://chimera14:5556
[router] async-send 16 token-expert pairs to expert node 0 at tcp://chimera14:5550
[router] async-send 22 token-expert pairs to expert node 2 at tcp://chimera14:5552
[router] async-send 16 token-expert pairs to expert node 1 at tcp://chimera14:5551
[router] async-send 19 token-expert pairs to expert node 4 at tcp://chimera14:5554
[router] async-send 11 token-expert pairs to expert node 5 at tcp://chimera14:5555
[router] async-send 12 token-expert pairs to expert node 3 at tcp://chimera14:5553
[router] async-recv response from expert node 7 latency_ms=28.604745864868164
[router] async-recv response from expert node 6 latency_ms=39.50214385986328
[router] async-recv response from expert node 0 latency_ms=35.750627517700195
[router] async-recv response from expert node 2 latency_ms=39.08681869506836
[router] async-recv response from expert node 1 latency_ms=31.83436393737793
[router] async-recv response from expert node 4 latency_ms=30.552148818969727
[router] async-recv response from expert node 5 latency_ms=27.063608169555664
[router] async-recv response from expert node 3 latency_ms=25.144577026367188
[router] async-send 16 token-expert pairs to expert node 0 at tcp://chimera14:5550
[router] async-send 26 token-expert pairs to expert node 1 at tcp://chimera14:5551
[router] async-send 22 token-expert pairs to expert node 6 at tcp://chimera14:5556
[router] async-send 12 token-expert pairs to expert node 4 at tcp://chimera14:5554
[router] async-send 14 token-expert pairs to expert node 5 at tcp://chimera14:5555
[router] async-send 17 token-expert pairs to expert node 3 at tcp://chimera14:5553
[router] async-send 13 token-expert pairs to expert node 2 at tcp://chimera14:5552
[router] async-send 16 token-expert pairs to expert node 7 at tcp://chimera14:5557
[router] async-recv response from expert node 0 latency_ms=32.07111358642578
[router] async-recv response from expert node 1 latency_ms=34.39593315124512
[router] async-recv response from expert node 6 latency_ms=31.365633010864258
[router] async-recv response from expert node 4 latency_ms=31.521081924438477
[router] async-recv response from expert node 5 latency_ms=29.442310333251953
[router] async-recv response from expert node 3 latency_ms=32.84716606140137
[router] async-recv response from expert node 2 latency_ms=21.660804748535156
[router] async-recv response from expert node 7 latency_ms=25.627851486206055
[router] async-send 17 token-expert pairs to expert node 7 at tcp://chimera14:5557
[router] async-send 16 token-expert pairs to expert node 1 at tcp://chimera14:5551
[router] async-send 28 token-expert pairs to expert node 5 at tcp://chimera14:5555
[router] async-send 16 token-expert pairs to expert node 2 at tcp://chimera14:5552
[router] async-send 14 token-expert pairs to expert node 4 at tcp://chimera14:5554
[router] async-send 13 token-expert pairs to expert node 6 at tcp://chimera14:5556
[router] async-send 25 token-expert pairs to expert node 3 at tcp://chimera14:5553
[router] async-send 7 token-expert pairs to expert node 0 at tcp://chimera14:5550
[router] async-recv response from expert node 7 latency_ms=27.838468551635742
[router] async-recv response from expert node 1 latency_ms=30.151844024658203
[router] async-recv response from expert node 5 latency_ms=42.534589767456055
[router] async-recv response from expert node 2 latency_ms=31.728029251098633
[router] async-recv response from expert node 4 latency_ms=32.63521194458008
[router] async-recv response from expert node 6 latency_ms=22.534608840942383
[router] async-recv response from expert node 3 latency_ms=33.86187553405762
[router] async-recv response from expert node 0 latency_ms=14.226913452148438
[router] async-send 23 token-expert pairs to expert node 1 at tcp://chimera14:5551
[router] async-send 17 token-expert pairs to expert node 7 at tcp://chimera14:5557
[router] async-send 18 token-expert pairs to expert node 3 at tcp://chimera14:5553
[router] async-send 27 token-expert pairs to expert node 6 at tcp://chimera14:5556
[router] async-send 16 token-expert pairs to expert node 0 at tcp://chimera14:5550
[router] async-send 14 token-expert pairs to expert node 5 at tcp://chimera14:5555
[router] async-send 12 token-expert pairs to expert node 4 at tcp://chimera14:5554
[router] async-send 9 token-expert pairs to expert node 2 at tcp://chimera14:5552
[router] async-recv response from expert node 1 latency_ms=35.18939018249512
[router] async-recv response from expert node 7 latency_ms=33.03670883178711
[router] async-recv response from expert node 3 latency_ms=30.81202507019043
[router] async-recv response from expert node 6 latency_ms=34.32345390319824
[router] async-recv response from expert node 0 latency_ms=37.34421730041504
[router] async-recv response from expert node 5 latency_ms=29.53195571899414
[router] async-recv response from expert node 4 latency_ms=24.1701602935791
[router] async-recv response from expert node 2 latency_ms=24.23405647277832
[router] async-send 29 token-expert pairs to expert node 7 at tcp://chimera14:5557
[router] async-send 13 token-expert pairs to expert node 1 at tcp://chimera14:5551
[router] async-send 22 token-expert pairs to expert node 0 at tcp://chimera14:5550
[router] async-send 15 token-expert pairs to expert node 5 at tcp://chimera14:5555
[router] async-send 11 token-expert pairs to expert node 4 at tcp://chimera14:5554
[router] async-send 19 token-expert pairs to expert node 3 at tcp://chimera14:5553
[router] async-send 19 token-expert pairs to expert node 6 at tcp://chimera14:5556
[router] async-send 16 token-expert pairs to expert node 2 at tcp://chimera14:5552
[router] async-recv response from expert node 7 latency_ms=38.63239288330078
[router] async-recv response from expert node 1 latency_ms=25.41041374206543
[router] async-recv response from expert node 0 latency_ms=24.005889892578125
[router] async-recv response from expert node 5 latency_ms=30.390501022338867
[router] async-recv response from expert node 4 latency_ms=23.19622039794922
[router] async-recv response from expert node 3 latency_ms=32.53936767578125
[router] async-recv response from expert node 6 latency_ms=30.24005889892578
[router] async-recv response from expert node 2 latency_ms=30.829191207885742
[router] async-send 24 token-expert pairs to expert node 2 at tcp://chimera14:5552
[router] async-send 14 token-expert pairs to expert node 1 at tcp://chimera14:5551
[router] async-send 13 token-expert pairs to expert node 5 at tcp://chimera14:5555
[router] async-send 17 token-expert pairs to expert node 4 at tcp://chimera14:5554
[router] async-send 23 token-expert pairs to expert node 0 at tcp://chimera14:5550
[router] async-send 15 token-expert pairs to expert node 6 at tcp://chimera14:5556
[router] async-send 19 token-expert pairs to expert node 3 at tcp://chimera14:5553
[router] async-send 19 token-expert pairs to expert node 7 at tcp://chimera14:5557
[router] async-recv response from expert node 2 latency_ms=37.53972053527832
[router] async-recv response from expert node 1 latency_ms=25.80094337463379
[router] async-recv response from expert node 5 latency_ms=29.816865921020508
[router] async-recv response from expert node 4 latency_ms=31.471967697143555
[router] async-recv response from expert node 0 latency_ms=36.069631576538086
[router] async-recv response from expert node 6 latency_ms=28.817415237426758
[router] async-recv response from expert node 3 latency_ms=37.30297088623047
[router] async-recv response from expert node 7 latency_ms=34.05642509460449
[router] async-send 22 token-expert pairs to expert node 3 at tcp://chimera14:5553
[router] async-send 17 token-expert pairs to expert node 4 at tcp://chimera14:5554
[router] async-send 19 token-expert pairs to expert node 7 at tcp://chimera14:5557
[router] async-send 8 token-expert pairs to expert node 5 at tcp://chimera14:5555
[router] async-send 25 token-expert pairs to expert node 2 at tcp://chimera14:5552
[router] async-send 9 token-expert pairs to expert node 0 at tcp://chimera14:5550
[router] async-send 24 token-expert pairs to expert node 1 at tcp://chimera14:5551
[router] async-send 20 token-expert pairs to expert node 6 at tcp://chimera14:5556
[router] async-recv response from expert node 3 latency_ms=40.65966606140137
[router] async-recv response from expert node 4 latency_ms=32.35483169555664
[router] async-recv response from expert node 7 latency_ms=33.96916389465332
[router] async-recv response from expert node 5 latency_ms=22.28403091430664
[router] async-recv response from expert node 2 latency_ms=39.29924964904785
[router] async-recv response from expert node 0 latency_ms=18.939733505249023
[router] async-recv response from expert node 1 latency_ms=30.374765396118164
[router] async-recv response from expert node 6 latency_ms=29.336929321289062
[router] async-send 15 token-expert pairs to expert node 4 at tcp://chimera14:5554
[router] async-send 24 token-expert pairs to expert node 7 at tcp://chimera14:5557
[router] async-send 32 token-expert pairs to expert node 1 at tcp://chimera14:5551
[router] async-send 14 token-expert pairs to expert node 5 at tcp://chimera14:5555
[router] async-send 28 token-expert pairs to expert node 6 at tcp://chimera14:5556
[router] async-send 15 token-expert pairs to expert node 3 at tcp://chimera14:5553
[router] async-send 10 token-expert pairs to expert node 2 at tcp://chimera14:5552
[router] async-send 6 token-expert pairs to expert node 0 at tcp://chimera14:5550
[router] async-recv response from expert node 4 latency_ms=23.279428482055664
[router] async-recv response from expert node 7 latency_ms=32.41562843322754
[router] async-recv response from expert node 1 latency_ms=37.60218620300293
[router] async-recv response from expert node 5 latency_ms=25.003671646118164
[router] async-recv response from expert node 6 latency_ms=32.990455627441406
[router] async-recv response from expert node 3 latency_ms=22.37105369567871
[router] async-recv response from expert node 2 latency_ms=21.553754806518555
[router] async-recv response from expert node 0 latency_ms=11.67750358581543
[router] async-send 18 token-expert pairs to expert node 3 at tcp://chimera14:5553
[router] async-send 9 token-expert pairs to expert node 1 at tcp://chimera14:5551
[router] async-send 19 token-expert pairs to expert node 0 at tcp://chimera14:5550
[router] async-send 24 token-expert pairs to expert node 7 at tcp://chimera14:5557
[router] async-send 23 token-expert pairs to expert node 4 at tcp://chimera14:5554
[router] async-send 12 token-expert pairs to expert node 2 at tcp://chimera14:5552
[router] async-send 12 token-expert pairs to expert node 6 at tcp://chimera14:5556
[router] async-send 27 token-expert pairs to expert node 5 at tcp://chimera14:5555
[router] async-recv response from expert node 3 latency_ms=23.641586303710938
[router] async-recv response from expert node 1 latency_ms=16.5560245513916
[router] async-recv response from expert node 0 latency_ms=24.46603775024414
[router] async-recv response from expert node 7 latency_ms=28.815269470214844
[router] async-recv response from expert node 4 latency_ms=25.63619613647461
[router] async-recv response from expert node 2 latency_ms=16.494274139404297
[router] async-recv response from expert node 6 latency_ms=19.679784774780273
[router] async-recv response from expert node 5 latency_ms=23.011207580566406
[router] async-send 30 token-expert pairs to expert node 3 at tcp://chimera14:5553
[router] async-send 19 token-expert pairs to expert node 7 at tcp://chimera14:5557
[router] async-send 14 token-expert pairs to expert node 0 at tcp://chimera14:5550
[router] async-send 9 token-expert pairs to expert node 5 at tcp://chimera14:5555
[router] async-send 21 token-expert pairs to expert node 6 at tcp://chimera14:5556
[router] async-send 26 token-expert pairs to expert node 1 at tcp://chimera14:5551
[router] async-send 12 token-expert pairs to expert node 2 at tcp://chimera14:5552
[router] async-send 13 token-expert pairs to expert node 4 at tcp://chimera14:5554
[router] async-recv response from expert node 3 latency_ms=29.962539672851562
[router] async-recv response from expert node 7 latency_ms=22.639036178588867
[router] async-recv response from expert node 0 latency_ms=17.769813537597656
[router] async-recv response from expert node 5 latency_ms=13.724565505981445
[router] async-recv response from expert node 6 latency_ms=25.971412658691406
[router] async-recv response from expert node 1 latency_ms=26.491165161132812
[router] async-recv response from expert node 2 latency_ms=19.36054229736328
[router] async-recv response from expert node 4 latency_ms=16.056537628173828
[router] async-send 14 token-expert pairs to expert node 6 at tcp://chimera14:5556
[router] async-send 28 token-expert pairs to expert node 2 at tcp://chimera14:5552
[router] async-send 10 token-expert pairs to expert node 0 at tcp://chimera14:5550
[router] async-send 27 token-expert pairs to expert node 5 at tcp://chimera14:5555
[router] async-send 9 token-expert pairs to expert node 1 at tcp://chimera14:5551
[router] async-send 16 token-expert pairs to expert node 7 at tcp://chimera14:5557
[router] async-send 23 token-expert pairs to expert node 4 at tcp://chimera14:5554
[router] async-send 17 token-expert pairs to expert node 3 at tcp://chimera14:5553
[router] async-recv response from expert node 6 latency_ms=18.427371978759766
[router] async-recv response from expert node 2 latency_ms=27.367115020751953
[router] async-recv response from expert node 0 latency_ms=18.92256736755371
[router] async-recv response from expert node 5 latency_ms=29.551982879638672
[router] async-recv response from expert node 1 latency_ms=14.196157455444336
[router] async-recv response from expert node 7 latency_ms=22.025585174560547
[router] async-recv response from expert node 4 latency_ms=22.788047790527344
[router] async-recv response from expert node 3 latency_ms=20.870685577392578
[router] async-send 10 token-expert pairs to expert node 2 at tcp://chimera14:5552
[router] async-send 14 token-expert pairs to expert node 5 at tcp://chimera14:5555
[router] async-send 24 token-expert pairs to expert node 0 at tcp://chimera14:5550
[router] async-send 23 token-expert pairs to expert node 1 at tcp://chimera14:5551
[router] async-send 28 token-expert pairs to expert node 4 at tcp://chimera14:5554
[router] async-send 15 token-expert pairs to expert node 7 at tcp://chimera14:5557
[router] async-send 12 token-expert pairs to expert node 6 at tcp://chimera14:5556
[router] async-send 18 token-expert pairs to expert node 3 at tcp://chimera14:5553
[router] async-recv response from expert node 2 latency_ms=15.428304672241211
[router] async-recv response from expert node 5 latency_ms=20.304441452026367
[router] async-recv response from expert node 0 latency_ms=30.51161766052246
[router] async-recv response from expert node 1 latency_ms=27.166366577148438
[router] async-recv response from expert node 4 latency_ms=34.233808517456055
[router] async-recv response from expert node 7 latency_ms=25.24423599243164
[router] async-recv response from expert node 6 latency_ms=20.665645599365234
[router] async-recv response from expert node 3 latency_ms=21.513700485229492
[router] async-send 28 token-expert pairs to expert node 2 at tcp://chimera14:5552
[router] async-send 25 token-expert pairs to expert node 0 at tcp://chimera14:5550
[router] async-send 18 token-expert pairs to expert node 3 at tcp://chimera14:5553
[router] async-send 14 token-expert pairs to expert node 4 at tcp://chimera14:5554
[router] async-send 20 token-expert pairs to expert node 7 at tcp://chimera14:5557
[router] async-send 18 token-expert pairs to expert node 6 at tcp://chimera14:5556
[router] async-send 15 token-expert pairs to expert node 1 at tcp://chimera14:5551
[router] async-send 6 token-expert pairs to expert node 5 at tcp://chimera14:5555
[router] async-recv response from expert node 2 latency_ms=31.427383422851562
[router] async-recv response from expert node 0 latency_ms=27.578353881835938
[router] async-recv response from expert node 3 latency_ms=28.767108917236328
[router] async-recv response from expert node 4 latency_ms=18.827438354492188
[router] async-recv response from expert node 7 latency_ms=27.567625045776367
[router] async-recv response from expert node 6 latency_ms=27.93121337890625
[router] async-recv response from expert node 1 latency_ms=21.336078643798828
[router] async-recv response from expert node 5 latency_ms=8.864402770996094
[router] async-send 20 token-expert pairs to expert node 1 at tcp://chimera14:5551
[router] async-send 11 token-expert pairs to expert node 5 at tcp://chimera14:5555
[router] async-send 25 token-expert pairs to expert node 2 at tcp://chimera14:5552
[router] async-send 18 token-expert pairs to expert node 7 at tcp://chimera14:5557
[router] async-send 10 token-expert pairs to expert node 0 at tcp://chimera14:5550
[router] async-send 22 token-expert pairs to expert node 4 at tcp://chimera14:5554
[router] async-send 17 token-expert pairs to expert node 3 at tcp://chimera14:5553
[router] async-send 21 token-expert pairs to expert node 6 at tcp://chimera14:5556
[router] async-recv response from expert node 1 latency_ms=23.84352684020996
[router] async-recv response from expert node 5 latency_ms=17.917871475219727
[router] async-recv response from expert node 2 latency_ms=31.15987777709961
[router] async-recv response from expert node 7 latency_ms=23.726224899291992
[router] async-recv response from expert node 0 latency_ms=20.963430404663086
[router] async-recv response from expert node 4 latency_ms=30.550479888916016
[router] async-recv response from expert node 3 latency_ms=25.177001953125
[router] async-recv response from expert node 6 latency_ms=26.618242263793945
[router] async-send 18 token-expert pairs to expert node 0 at tcp://chimera14:5550
[router] async-send 10 token-expert pairs to expert node 5 at tcp://chimera14:5555
[router] async-send 14 token-expert pairs to expert node 7 at tcp://chimera14:5557
[router] async-send 27 token-expert pairs to expert node 3 at tcp://chimera14:5553
[router] async-send 15 token-expert pairs to expert node 4 at tcp://chimera14:5554
[router] async-send 27 token-expert pairs to expert node 2 at tcp://chimera14:5552
[router] async-send 23 token-expert pairs to expert node 6 at tcp://chimera14:5556
[router] async-send 10 token-expert pairs to expert node 1 at tcp://chimera14:5551
[router] async-recv response from expert node 0 latency_ms=29.58393096923828
[router] async-recv response from expert node 5 latency_ms=16.321420669555664
[router] async-recv response from expert node 7 latency_ms=21.379709243774414
[router] async-recv response from expert node 3 latency_ms=35.75301170349121
[router] async-recv response from expert node 4 latency_ms=28.135299682617188
[router] async-recv response from expert node 2 latency_ms=31.51679039001465
[router] async-recv response from expert node 6 latency_ms=26.78370475769043
[router] async-recv response from expert node 1 latency_ms=17.75646209716797
[router] async-send 21 token-expert pairs to expert node 7 at tcp://chimera14:5557
[router] async-send 21 token-expert pairs to expert node 4 at tcp://chimera14:5554
[router] async-send 16 token-expert pairs to expert node 6 at tcp://chimera14:5556
[router] async-send 25 token-expert pairs to expert node 1 at tcp://chimera14:5551
[router] async-send 12 token-expert pairs to expert node 5 at tcp://chimera14:5555
[router] async-send 16 token-expert pairs to expert node 2 at tcp://chimera14:5552
[router] async-send 22 token-expert pairs to expert node 3 at tcp://chimera14:5553
[router] async-send 11 token-expert pairs to expert node 0 at tcp://chimera14:5550
[router] async-recv response from expert node 7 latency_ms=26.068925857543945
[router] async-recv response from expert node 4 latency_ms=29.722213745117188
[router] async-recv response from expert node 6 latency_ms=22.65620231628418
[router] async-recv response from expert node 1 latency_ms=31.56304359436035
[router] async-recv response from expert node 5 latency_ms=23.586034774780273
[router] async-recv response from expert node 2 latency_ms=23.85711669921875
[router] async-recv response from expert node 3 latency_ms=28.47433090209961
[router] async-recv response from expert node 0 latency_ms=22.058486938476562
[router] async-send 20 token-expert pairs to expert node 7 at tcp://chimera14:5557
[router] async-send 21 token-expert pairs to expert node 6 at tcp://chimera14:5556
[router] async-send 18 token-expert pairs to expert node 0 at tcp://chimera14:5550
[router] async-send 23 token-expert pairs to expert node 2 at tcp://chimera14:5552
[router] async-send 16 token-expert pairs to expert node 1 at tcp://chimera14:5551
[router] async-send 20 token-expert pairs to expert node 4 at tcp://chimera14:5554
[router] async-send 13 token-expert pairs to expert node 5 at tcp://chimera14:5555
[router] async-send 13 token-expert pairs to expert node 3 at tcp://chimera14:5553
[router] async-recv response from expert node 7 latency_ms=24.338722229003906
[router] async-recv response from expert node 6 latency_ms=30.80463409423828
[router] async-recv response from expert node 0 latency_ms=29.20389175415039
[router] async-recv response from expert node 2 latency_ms=31.722068786621094
[router] async-recv response from expert node 1 latency_ms=24.922847747802734
[router] async-recv response from expert node 4 latency_ms=25.59185028076172
[router] async-recv response from expert node 5 latency_ms=23.681640625
[router] async-recv response from expert node 3 latency_ms=20.745038986206055
[router] async-send 16 token-expert pairs to expert node 0 at tcp://chimera14:5550
[router] async-send 28 token-expert pairs to expert node 1 at tcp://chimera14:5551
[router] async-send 24 token-expert pairs to expert node 6 at tcp://chimera14:5556
[router] async-send 13 token-expert pairs to expert node 4 at tcp://chimera14:5554
[router] async-send 15 token-expert pairs to expert node 5 at tcp://chimera14:5555
[router] async-send 18 token-expert pairs to expert node 3 at tcp://chimera14:5553
[router] async-send 14 token-expert pairs to expert node 2 at tcp://chimera14:5552
[router] async-send 16 token-expert pairs to expert node 7 at tcp://chimera14:5557
[router] async-recv response from expert node 0 latency_ms=27.567625045776367
[router] async-recv response from expert node 1 latency_ms=30.82132339477539
[router] async-recv response from expert node 6 latency_ms=29.645204544067383
[router] async-recv response from expert node 4 latency_ms=26.8709659576416
[router] async-recv response from expert node 5 latency_ms=27.381181716918945
[router] async-recv response from expert node 3 latency_ms=27.716636657714844
[router] async-recv response from expert node 2 latency_ms=17.823457717895508
[router] async-recv response from expert node 7 latency_ms=21.643400192260742
[router] async-send 17 token-expert pairs to expert node 7 at tcp://chimera14:5557
[router] async-send 17 token-expert pairs to expert node 1 at tcp://chimera14:5551
[router] async-send 29 token-expert pairs to expert node 5 at tcp://chimera14:5555
[router] async-send 17 token-expert pairs to expert node 2 at tcp://chimera14:5552
[router] async-send 16 token-expert pairs to expert node 4 at tcp://chimera14:5554
[router] async-send 14 token-expert pairs to expert node 6 at tcp://chimera14:5556
[router] async-send 27 token-expert pairs to expert node 3 at tcp://chimera14:5553
[router] async-send 7 token-expert pairs to expert node 0 at tcp://chimera14:5550
[router] async-recv response from expert node 7 latency_ms=21.947622299194336
[router] async-recv response from expert node 1 latency_ms=25.79498291015625
[router] async-recv response from expert node 5 latency_ms=35.7511043548584
[router] async-recv response from expert node 2 latency_ms=25.796890258789062
[router] async-recv response from expert node 4 latency_ms=27.016401290893555
[router] async-recv response from expert node 6 latency_ms=20.633459091186523
[router] async-recv response from expert node 3 latency_ms=28.35869789123535
[router] async-recv response from expert node 0 latency_ms=12.434005737304688
[router] async-send 23 token-expert pairs to expert node 1 at tcp://chimera14:5551
[router] async-send 18 token-expert pairs to expert node 7 at tcp://chimera14:5557
[router] async-send 19 token-expert pairs to expert node 3 at tcp://chimera14:5553
[router] async-send 29 token-expert pairs to expert node 6 at tcp://chimera14:5556
[router] async-send 16 token-expert pairs to expert node 0 at tcp://chimera14:5550
[router] async-send 15 token-expert pairs to expert node 5 at tcp://chimera14:5555
[router] async-send 13 token-expert pairs to expert node 4 at tcp://chimera14:5554
[router] async-send 11 token-expert pairs to expert node 2 at tcp://chimera14:5552
[router] async-recv response from expert node 1 latency_ms=29.512405395507812
[router] async-recv response from expert node 7 latency_ms=27.271747589111328
[router] async-recv response from expert node 3 latency_ms=26.174068450927734
[router] async-recv response from expert node 6 latency_ms=30.237436294555664
[router] async-recv response from expert node 0 latency_ms=27.57573127746582
[router] async-recv response from expert node 5 latency_ms=25.691747665405273
[router] async-recv response from expert node 4 latency_ms=20.266294479370117
[router] async-recv response from expert node 2 latency_ms=20.42245864868164
[router] async-send 31 token-expert pairs to expert node 7 at tcp://chimera14:5557
[router] async-send 14 token-expert pairs to expert node 1 at tcp://chimera14:5551
[router] async-send 25 token-expert pairs to expert node 0 at tcp://chimera14:5550
[router] async-send 16 token-expert pairs to expert node 5 at tcp://chimera14:5555
[router] async-send 11 token-expert pairs to expert node 4 at tcp://chimera14:5554
[router] async-send 20 token-expert pairs to expert node 3 at tcp://chimera14:5553
[router] async-send 19 token-expert pairs to expert node 6 at tcp://chimera14:5556
[router] async-send 16 token-expert pairs to expert node 2 at tcp://chimera14:5552
[router] async-recv response from expert node 7 latency_ms=34.08002853393555
[router] async-recv response from expert node 1 latency_ms=20.6911563873291
[router] async-recv response from expert node 0 latency_ms=24.31011199951172
[router] async-recv response from expert node 5 latency_ms=24.95598793029785
[router] async-recv response from expert node 4 latency_ms=18.878936767578125
[router] async-recv response from expert node 3 latency_ms=29.03294563293457
[router] async-recv response from expert node 6 latency_ms=25.291919708251953
[router] async-recv response from expert node 2 latency_ms=24.52373504638672
[router] async-send 25 token-expert pairs to expert node 2 at tcp://chimera14:5552
[router] async-send 14 token-expert pairs to expert node 1 at tcp://chimera14:5551
[router] async-send 15 token-expert pairs to expert node 5 at tcp://chimera14:5555
[router] async-send 19 token-expert pairs to expert node 4 at tcp://chimera14:5554
[router] async-send 24 token-expert pairs to expert node 0 at tcp://chimera14:5550
[router] async-send 17 token-expert pairs to expert node 6 at tcp://chimera14:5556
[router] async-send 19 token-expert pairs to expert node 3 at tcp://chimera14:5553
[router] async-send 19 token-expert pairs to expert node 7 at tcp://chimera14:5557
[router] async-recv response from expert node 2 latency_ms=29.671192169189453
[router] async-recv response from expert node 1 latency_ms=20.065784454345703
[router] async-recv response from expert node 5 latency_ms=25.056123733520508
[router] async-recv response from expert node 4 latency_ms=25.95663070678711
[router] async-recv response from expert node 0 latency_ms=28.598785400390625
[router] async-recv response from expert node 6 latency_ms=26.124954223632812
[router] async-recv response from expert node 3 latency_ms=28.6102294921875
[router] async-recv response from expert node 7 latency_ms=26.870250701904297
[router] async-send 23 token-expert pairs to expert node 3 at tcp://chimera14:5553
[router] async-send 19 token-expert pairs to expert node 4 at tcp://chimera14:5554
[router] async-send 19 token-expert pairs to expert node 7 at tcp://chimera14:5557
[router] async-send 8 token-expert pairs to expert node 5 at tcp://chimera14:5555
[router] async-send 27 token-expert pairs to expert node 2 at tcp://chimera14:5552
[router] async-send 10 token-expert pairs to expert node 0 at tcp://chimera14:5550
[router] async-send 25 token-expert pairs to expert node 1 at tcp://chimera14:5551
[router] async-send 21 token-expert pairs to expert node 6 at tcp://chimera14:5556
[router] async-recv response from expert node 3 latency_ms=41.54515266418457
[router] async-recv response from expert node 4 latency_ms=25.517702102661133
[router] async-recv response from expert node 7 latency_ms=25.854110717773438
[router] async-recv response from expert node 5 latency_ms=16.63064956665039
[router] async-recv response from expert node 2 latency_ms=32.65571594238281
[router] async-recv response from expert node 0 latency_ms=13.942956924438477
[router] async-recv response from expert node 1 latency_ms=24.944067001342773
[router] async-recv response from expert node 6 latency_ms=24.831056594848633
[router] async-send 15 token-expert pairs to expert node 4 at tcp://chimera14:5554
[router] async-send 25 token-expert pairs to expert node 7 at tcp://chimera14:5557
[router] async-send 34 token-expert pairs to expert node 1 at tcp://chimera14:5551
[router] async-send 15 token-expert pairs to expert node 5 at tcp://chimera14:5555
[router] async-send 30 token-expert pairs to expert node 6 at tcp://chimera14:5556
[router] async-send 16 token-expert pairs to expert node 3 at tcp://chimera14:5553
[router] async-send 11 token-expert pairs to expert node 2 at tcp://chimera14:5552
[router] async-send 6 token-expert pairs to expert node 0 at tcp://chimera14:5550
[router] async-recv response from expert node 4 latency_ms=19.983530044555664
[router] async-recv response from expert node 7 latency_ms=28.84817123413086
[router] async-recv response from expert node 1 latency_ms=34.65390205383301
[router] async-recv response from expert node 5 latency_ms=23.574352264404297
[router] async-recv response from expert node 6 latency_ms=30.951738357543945
[router] async-recv response from expert node 3 latency_ms=20.416259765625
[router] async-recv response from expert node 2 latency_ms=19.06418800354004
[router] async-recv response from expert node 0 latency_ms=9.500980377197266
[router] async-send 19 token-expert pairs to expert node 3 at tcp://chimera14:5553
[router] async-send 10 token-expert pairs to expert node 1 at tcp://chimera14:5551
[router] async-send 20 token-expert pairs to expert node 0 at tcp://chimera14:5550
[router] async-send 25 token-expert pairs to expert node 7 at tcp://chimera14:5557
[router] async-send 24 token-expert pairs to expert node 4 at tcp://chimera14:5554
[router] async-send 12 token-expert pairs to expert node 2 at tcp://chimera14:5552
[router] async-send 14 token-expert pairs to expert node 6 at tcp://chimera14:5556
[router] async-send 28 token-expert pairs to expert node 5 at tcp://chimera14:5555
[router] async-recv response from expert node 3 latency_ms=24.83367919921875
[router] async-recv response from expert node 1 latency_ms=16.861915588378906
[router] async-recv response from expert node 0 latency_ms=29.40964698791504
[router] async-recv response from expert node 7 latency_ms=32.025814056396484
[router] async-recv response from expert node 4 latency_ms=29.703378677368164
[router] async-recv response from expert node 2 latency_ms=19.96135711669922
[router] async-recv response from expert node 6 latency_ms=25.27475357055664
[router] async-recv response from expert node 5 latency_ms=23.955106735229492
[router] async-send 32 token-expert pairs to expert node 3 at tcp://chimera14:5553
[router] async-send 19 token-expert pairs to expert node 7 at tcp://chimera14:5557
[router] async-send 14 token-expert pairs to expert node 0 at tcp://chimera14:5550
[router] async-send 10 token-expert pairs to expert node 5 at tcp://chimera14:5555
[router] async-send 22 token-expert pairs to expert node 6 at tcp://chimera14:5556
[router] async-send 28 token-expert pairs to expert node 1 at tcp://chimera14:5551
[router] async-send 12 token-expert pairs to expert node 2 at tcp://chimera14:5552
[router] async-send 15 token-expert pairs to expert node 4 at tcp://chimera14:5554
[router] async-recv response from expert node 3 latency_ms=31.769514083862305
[router] async-recv response from expert node 7 latency_ms=22.768497467041016
[router] async-recv response from expert node 0 latency_ms=18.148422241210938
[router] async-recv response from expert node 5 latency_ms=14.624595642089844
[router] async-recv response from expert node 6 latency_ms=28.609752655029297
[router] async-recv response from expert node 1 latency_ms=29.500961303710938
[router] async-recv response from expert node 2 latency_ms=20.26200294494629
[router] async-recv response from expert node 4 latency_ms=19.977331161499023
[router] async-send 15 token-expert pairs to expert node 6 at tcp://chimera14:5556
[router] async-send 30 token-expert pairs to expert node 2 at tcp://chimera14:5552
[router] async-send 12 token-expert pairs to expert node 0 at tcp://chimera14:5550
[router] async-send 28 token-expert pairs to expert node 5 at tcp://chimera14:5555
[router] async-send 9 token-expert pairs to expert node 1 at tcp://chimera14:5551
[router] async-send 16 token-expert pairs to expert node 7 at tcp://chimera14:5557
[router] async-send 24 token-expert pairs to expert node 4 at tcp://chimera14:5554
[router] async-send 18 token-expert pairs to expert node 3 at tcp://chimera14:5553
[router] async-recv response from expert node 6 latency_ms=18.682241439819336
[router] async-recv response from expert node 2 latency_ms=28.235435485839844
[router] async-recv response from expert node 0 latency_ms=20.10321617126465
[router] async-recv response from expert node 5 latency_ms=28.481483459472656
[router] async-recv response from expert node 1 latency_ms=14.261960983276367
[router] async-recv response from expert node 7 latency_ms=21.668672561645508
[router] async-recv response from expert node 4 latency_ms=24.630308151245117
[router] async-recv response from expert node 3 latency_ms=21.471261978149414
[router] async-send 11 token-expert pairs to expert node 2 at tcp://chimera14:5552
[router] async-send 15 token-expert pairs to expert node 5 at tcp://chimera14:5555
[router] async-send 25 token-expert pairs to expert node 0 at tcp://chimera14:5550
[router] async-send 23 token-expert pairs to expert node 1 at tcp://chimera14:5551
[router] async-send 30 token-expert pairs to expert node 4 at tcp://chimera14:5554
[router] async-send 17 token-expert pairs to expert node 7 at tcp://chimera14:5557
[router] async-send 12 token-expert pairs to expert node 6 at tcp://chimera14:5556
[router] async-send 19 token-expert pairs to expert node 3 at tcp://chimera14:5553
[router] async-recv response from expert node 2 latency_ms=16.911029815673828
[router] async-recv response from expert node 5 latency_ms=22.231578826904297
[router] async-recv response from expert node 0 latency_ms=30.103445053100586
[router] async-recv response from expert node 1 latency_ms=27.535676956176758
[router] async-recv response from expert node 4 latency_ms=36.460161209106445
[router] async-recv response from expert node 7 latency_ms=25.397300720214844
[router] async-recv response from expert node 6 latency_ms=20.902633666992188
[router] async-recv response from expert node 3 latency_ms=23.55480194091797
[router] async-send 30 token-expert pairs to expert node 2 at tcp://chimera14:5552
[router] async-send 26 token-expert pairs to expert node 0 at tcp://chimera14:5550
[router] async-send 20 token-expert pairs to expert node 3 at tcp://chimera14:5553
[router] async-send 15 token-expert pairs to expert node 4 at tcp://chimera14:5554
[router] async-send 21 token-expert pairs to expert node 7 at tcp://chimera14:5557
[router] async-send 19 token-expert pairs to expert node 6 at tcp://chimera14:5556
[router] async-send 15 token-expert pairs to expert node 1 at tcp://chimera14:5551
[router] async-send 6 token-expert pairs to expert node 5 at tcp://chimera14:5555
[router] async-recv response from expert node 2 latency_ms=32.648324966430664
[router] async-recv response from expert node 0 latency_ms=26.778459548950195
[router] async-recv response from expert node 3 latency_ms=32.3491096496582
[router] async-recv response from expert node 4 latency_ms=20.657062530517578
[router] async-recv response from expert node 7 latency_ms=28.083324432373047
[router] async-recv response from expert node 6 latency_ms=27.978181838989258
[router] async-recv response from expert node 1 latency_ms=21.44145965576172
[router] async-recv response from expert node 5 latency_ms=8.93259048461914
[router] async-send 21 token-expert pairs to expert node 1 at tcp://chimera14:5551
[router] async-send 11 token-expert pairs to expert node 5 at tcp://chimera14:5555
[router] async-send 24 token-expert pairs to expert node 2 at tcp://chimera14:5552
[router] async-send 20 token-expert pairs to expert node 7 at tcp://chimera14:5557
[router] async-send 11 token-expert pairs to expert node 0 at tcp://chimera14:5550
[router] async-send 25 token-expert pairs to expert node 4 at tcp://chimera14:5554
[router] async-send 19 token-expert pairs to expert node 3 at tcp://chimera14:5553
[router] async-send 21 token-expert pairs to expert node 6 at tcp://chimera14:5556
[router] async-recv response from expert node 1 latency_ms=24.9941349029541
[router] async-recv response from expert node 5 latency_ms=18.523693084716797
[router] async-recv response from expert node 2 latency_ms=28.914928436279297
[router] async-recv response from expert node 7 latency_ms=24.570226669311523
[router] async-recv response from expert node 0 latency_ms=20.11585235595703
[router] async-recv response from expert node 4 latency_ms=32.87696838378906
[router] async-recv response from expert node 3 latency_ms=27.380943298339844
[router] async-recv response from expert node 6 latency_ms=27.530670166015625
[router] async-send 19 token-expert pairs to expert node 0 at tcp://chimera14:5550
[router] async-send 11 token-expert pairs to expert node 5 at tcp://chimera14:5555
[router] async-send 14 token-expert pairs to expert node 7 at tcp://chimera14:5557
[router] async-send 28 token-expert pairs to expert node 3 at tcp://chimera14:5553
[router] async-send 16 token-expert pairs to expert node 4 at tcp://chimera14:5554
[router] async-send 28 token-expert pairs to expert node 2 at tcp://chimera14:5552
[router] async-send 25 token-expert pairs to expert node 6 at tcp://chimera14:5556
[router] async-send 11 token-expert pairs to expert node 1 at tcp://chimera14:5551
[router] async-recv response from expert node 0 latency_ms=28.288841247558594
[router] async-recv response from expert node 5 latency_ms=17.490386962890625
[router] async-recv response from expert node 7 latency_ms=21.683931350708008
[router] async-recv response from expert node 3 latency_ms=36.46087646484375
[router] async-recv response from expert node 4 latency_ms=29.3271541595459
[router] async-recv response from expert node 2 latency_ms=32.0124626159668
[router] async-recv response from expert node 6 latency_ms=28.378725051879883
[router] async-recv response from expert node 1 latency_ms=20.093441009521484
[router] async-send 22 token-expert pairs to expert node 7 at tcp://chimera14:5557
[router] async-send 22 token-expert pairs to expert node 4 at tcp://chimera14:5554
[router] async-send 18 token-expert pairs to expert node 6 at tcp://chimera14:5556
[router] async-send 26 token-expert pairs to expert node 1 at tcp://chimera14:5551
[router] async-send 12 token-expert pairs to expert node 5 at tcp://chimera14:5555
[router] async-send 16 token-expert pairs to expert node 2 at tcp://chimera14:5552
[router] async-send 23 token-expert pairs to expert node 3 at tcp://chimera14:5553
[router] async-send 13 token-expert pairs to expert node 0 at tcp://chimera14:5550
[router] async-recv response from expert node 7 latency_ms=25.4671573638916
[router] async-recv response from expert node 4 latency_ms=29.92868423461914
[router] async-recv response from expert node 6 latency_ms=22.830486297607422
[router] async-recv response from expert node 1 latency_ms=31.415224075317383
[router] async-recv response from expert node 5 latency_ms=21.820068359375
[router] async-recv response from expert node 2 latency_ms=22.87769317626953
[router] async-recv response from expert node 3 latency_ms=28.290510177612305
[router] async-recv response from expert node 0 latency_ms=21.39449119567871
[router] async-send 21 token-expert pairs to expert node 7 at tcp://chimera14:5557
[router] async-send 22 token-expert pairs to expert node 6 at tcp://chimera14:5556
[router] async-send 20 token-expert pairs to expert node 0 at tcp://chimera14:5550
[router] async-send 25 token-expert pairs to expert node 2 at tcp://chimera14:5552
[router] async-send 16 token-expert pairs to expert node 1 at tcp://chimera14:5551
[router] async-send 21 token-expert pairs to expert node 4 at tcp://chimera14:5554
[router] async-send 14 token-expert pairs to expert node 5 at tcp://chimera14:5555
[router] async-send 13 token-expert pairs to expert node 3 at tcp://chimera14:5553
[router] async-recv response from expert node 7 latency_ms=25.239944458007812
[router] async-recv response from expert node 6 latency_ms=30.89118003845215
[router] async-recv response from expert node 0 latency_ms=29.67047691345215
[router] async-recv response from expert node 2 latency_ms=32.00984001159668
[router] async-recv response from expert node 1 latency_ms=25.171518325805664
[router] async-recv response from expert node 4 latency_ms=25.30670166015625
[router] async-recv response from expert node 5 latency_ms=23.826122283935547
[router] async-recv response from expert node 3 latency_ms=20.348548889160156
[router] async-send 16 token-expert pairs to expert node 0 at tcp://chimera14:5550
[router] async-send 30 token-expert pairs to expert node 1 at tcp://chimera14:5551
[router] async-send 25 token-expert pairs to expert node 6 at tcp://chimera14:5556
[router] async-send 15 token-expert pairs to expert node 4 at tcp://chimera14:5554
[router] async-send 16 token-expert pairs to expert node 5 at tcp://chimera14:5555
[router] async-send 18 token-expert pairs to expert node 3 at tcp://chimera14:5553
[router] async-send 15 token-expert pairs to expert node 2 at tcp://chimera14:5552
[router] async-send 17 token-expert pairs to expert node 7 at tcp://chimera14:5557
[router] async-recv response from expert node 0 latency_ms=25.5734920501709
[router] async-recv response from expert node 1 latency_ms=32.323598861694336
[router] async-recv response from expert node 6 latency_ms=27.634859085083008
[router] async-recv response from expert node 4 latency_ms=28.03325653076172
[router] async-recv response from expert node 5 latency_ms=27.83346176147461
[router] async-recv response from expert node 3 latency_ms=26.22365951538086
[router] async-recv response from expert node 2 latency_ms=17.731428146362305
[router] async-recv response from expert node 7 latency_ms=21.428585052490234
[router] async-send 17 token-expert pairs to expert node 7 at tcp://chimera14:5557
[router] async-send 18 token-expert pairs to expert node 1 at tcp://chimera14:5551
[router] async-send 32 token-expert pairs to expert node 5 at tcp://chimera14:5555
[router] async-send 18 token-expert pairs to expert node 2 at tcp://chimera14:5552
[router] async-send 17 token-expert pairs to expert node 4 at tcp://chimera14:5554
[router] async-send 14 token-expert pairs to expert node 6 at tcp://chimera14:5556
[router] async-send 28 token-expert pairs to expert node 3 at tcp://chimera14:5553
[router] async-send 8 token-expert pairs to expert node 0 at tcp://chimera14:5550
[router] async-recv response from expert node 7 latency_ms=21.653413772583008
[router] async-recv response from expert node 1 latency_ms=26.06344223022461
[router] async-recv response from expert node 5 latency_ms=36.115407943725586
[router] async-recv response from expert node 2 latency_ms=25.867938995361328
[router] async-recv response from expert node 4 latency_ms=26.632308959960938
[router] async-recv response from expert node 6 latency_ms=20.034313201904297
[router] async-recv response from expert node 3 latency_ms=29.145479202270508
[router] async-recv response from expert node 0 latency_ms=14.580726623535156
[router] async-send 23 token-expert pairs to expert node 1 at tcp://chimera14:5551
[router] async-send 18 token-expert pairs to expert node 7 at tcp://chimera14:5557
[router] async-send 20 token-expert pairs to expert node 3 at tcp://chimera14:5553
[router] async-send 31 token-expert pairs to expert node 6 at tcp://chimera14:5556
[router] async-send 17 token-expert pairs to expert node 0 at tcp://chimera14:5550
[router] async-send 17 token-expert pairs to expert node 5 at tcp://chimera14:5555
[router] async-send 13 token-expert pairs to expert node 4 at tcp://chimera14:5554
[router] async-send 13 token-expert pairs to expert node 2 at tcp://chimera14:5552
[router] async-recv response from expert node 1 latency_ms=29.469728469848633
[router] async-recv response from expert node 7 latency_ms=26.508092880249023
[router] async-recv response from expert node 3 latency_ms=25.47168731689453
[router] async-recv response from expert node 6 latency_ms=30.113935470581055
[router] async-recv response from expert node 0 latency_ms=26.3519287109375
[router] async-recv response from expert node 5 latency_ms=25.01368522644043
[router] async-recv response from expert node 4 latency_ms=18.979787826538086
[router] async-recv response from expert node 2 latency_ms=20.161151885986328
Prompt: What is Bitcoin?
Decentralized (16 tokens): What is Bitcoin?

Bitcoin is a digital currency that is not controlled by any central authority
Took  22.93 seconds
Original model (16 tokens): What is Bitcoin?

Bitcoin is a digital currency that is not controlled by any central authority
All jobs completed.
